country_iso3,year,group_id,y_true,y_pred,model_type,residual
ARG,2022,developing,59.58550588932096,60.31730628174584,catboost,-0.731800392424887
ARG,2023,developing,61.17291950517295,61.2212920019622,catboost,-0.0483724967892484
AUS,2022,developed_non_eu,72.9183160199764,72.21378351971022,catboost,0.7045325002661826
AUS,2023,developed_non_eu,76.3532548925768,70.72753347333582,catboost,5.625721419240975
BRA,2022,developing,53.12063753940983,51.199382182077336,catboost,1.921255357332491
BRA,2023,developing,57.67055049418848,53.09325376837963,catboost,4.577296725808843
CAN,2022,developed_non_eu,70.56250419059799,69.70819917650084,catboost,0.8543050140971502
CAN,2023,developed_non_eu,75.48924387905342,70.7210127560487,catboost,4.768231123004725
DEU,2022,developed_eu,80.37717531090291,78.62735766064077,catboost,1.7498176502621448
DEU,2023,developed_eu,81.6275589495903,78.46633007386856,catboost,3.161228875721733
FRA,2022,developed_eu,76.46087176840479,75.48007388312038,catboost,0.980797885284403
FRA,2023,developed_eu,77.88296994408213,75.67661604827236,catboost,2.206353895809769
GBR,2022,developed_eu,82.17122959893649,80.9361095732523,catboost,1.2351200256841963
GBR,2023,developed_eu,81.47626801914994,79.88714733926014,catboost,1.5891206798898023
IND,2022,developing,39.96673418509398,37.58437648417832,catboost,2.3823577009156693
IND,2023,developing,42.72431126632684,37.57321959003077,catboost,5.151091676296062
MKD,2022,balkan,49.94573186621599,51.80366518065557,catboost,-1.8579333144395849
MKD,2023,balkan,55.39623064048007,51.84934813226971,catboost,3.546882508210359
SRB,2022,balkan,64.16656051210306,58.92540744453086,catboost,5.241153067572199
SRB,2023,balkan,65.43653215481218,62.26525639405245,catboost,3.171275760759734
SVN,2022,balkan,68.27310949011942,69.30832606874577,catboost,-1.035216578626347
SVN,2023,balkan,72.58362366902068,70.02329332673433,catboost,2.560330342286349
USA,2022,developed_non_eu,78.64281944153662,78.46314068457932,catboost,0.1796787569573013
USA,2023,developed_non_eu,82.39412221779821,78.54742862207333,catboost,3.8466935957248864
ARG,2022,developing,59.58550588932096,60.31730628174584,catboost,-0.731800392424887
ARG,2023,developing,61.17291950517295,61.2212920019622,catboost,-0.0483724967892484
AUS,2022,developed_non_eu,72.9183160199764,72.21378351971022,catboost,0.7045325002661826
AUS,2023,developed_non_eu,76.3532548925768,70.72753347333582,catboost,5.625721419240975
BRA,2022,developing,53.12063753940983,51.199382182077336,catboost,1.921255357332491
BRA,2023,developing,57.67055049418848,53.09325376837963,catboost,4.577296725808843
CAN,2022,developed_non_eu,70.56250419059799,69.70819917650084,catboost,0.8543050140971502
CAN,2023,developed_non_eu,75.48924387905342,70.7210127560487,catboost,4.768231123004725
DEU,2022,developed_eu,80.37717531090291,78.62735766064077,catboost,1.7498176502621448
DEU,2023,developed_eu,81.6275589495903,78.46633007386856,catboost,3.161228875721733
FRA,2022,developed_eu,76.46087176840479,75.48007388312038,catboost,0.980797885284403
FRA,2023,developed_eu,77.88296994408213,75.67661604827236,catboost,2.206353895809769
GBR,2022,developed_eu,82.17122959893649,80.9361095732523,catboost,1.2351200256841963
GBR,2023,developed_eu,81.47626801914994,79.88714733926014,catboost,1.5891206798898023
IND,2022,developing,39.96673418509398,37.58437648417832,catboost,2.3823577009156693
IND,2023,developing,42.72431126632684,37.57321959003077,catboost,5.151091676296062
MKD,2022,balkan,49.94573186621599,51.80366518065557,catboost,-1.8579333144395849
MKD,2023,balkan,55.39623064048007,51.84934813226971,catboost,3.546882508210359
SRB,2022,balkan,64.16656051210306,58.92540744453086,catboost,5.241153067572199
SRB,2023,balkan,65.43653215481218,62.26525639405245,catboost,3.171275760759734
SVN,2022,balkan,68.27310949011942,69.30832606874577,catboost,-1.035216578626347
SVN,2023,balkan,72.58362366902068,70.02329332673433,catboost,2.560330342286349
USA,2022,developed_non_eu,78.64281944153662,78.46314068457932,catboost,0.1796787569573013
USA,2023,developed_non_eu,82.39412221779821,78.54742862207333,catboost,3.8466935957248864
ARG,2022,developing,59.58550588932096,60.31730628174584,catboost,-0.731800392424887
ARG,2023,developing,61.17291950517295,61.2212920019622,catboost,-0.0483724967892484
AUS,2022,developed_non_eu,72.9183160199764,72.21378351971022,catboost,0.7045325002661826
AUS,2023,developed_non_eu,76.3532548925768,70.72753347333582,catboost,5.625721419240975
BRA,2022,developing,53.12063753940983,51.199382182077336,catboost,1.921255357332491
BRA,2023,developing,57.67055049418848,53.09325376837963,catboost,4.577296725808843
CAN,2022,developed_non_eu,70.56250419059799,69.70819917650084,catboost,0.8543050140971502
CAN,2023,developed_non_eu,75.48924387905342,70.7210127560487,catboost,4.768231123004725
DEU,2022,developed_eu,80.37717531090291,78.62735766064077,catboost,1.7498176502621448
DEU,2023,developed_eu,81.6275589495903,78.46633007386856,catboost,3.161228875721733
FRA,2022,developed_eu,76.46087176840479,75.48007388312038,catboost,0.980797885284403
FRA,2023,developed_eu,77.88296994408213,75.67661604827236,catboost,2.206353895809769
GBR,2022,developed_eu,82.17122959893649,80.9361095732523,catboost,1.2351200256841963
GBR,2023,developed_eu,81.47626801914994,79.88714733926014,catboost,1.5891206798898023
IND,2022,developing,39.96673418509398,37.58437648417832,catboost,2.3823577009156693
IND,2023,developing,42.72431126632684,37.57321959003077,catboost,5.151091676296062
MKD,2022,balkan,49.94573186621599,51.80366518065557,catboost,-1.8579333144395849
MKD,2023,balkan,55.39623064048007,51.84934813226971,catboost,3.546882508210359
SRB,2022,balkan,64.16656051210306,58.92540744453086,catboost,5.241153067572199
SRB,2023,balkan,65.43653215481218,62.26525639405245,catboost,3.171275760759734
SVN,2022,balkan,68.27310949011942,69.30832606874577,catboost,-1.035216578626347
SVN,2023,balkan,72.58362366902068,70.02329332673433,catboost,2.560330342286349
USA,2022,developed_non_eu,78.64281944153662,78.46314068457932,catboost,0.1796787569573013
USA,2023,developed_non_eu,82.39412221779821,78.54742862207333,catboost,3.8466935957248864
ARG,2024,developing,62.465441336431816,61.82693227400159,catboost,0.6385090624302308
ARG,2025,developing,62.45465075843678,64.4404384880583,catboost,-1.985787729621528
AUS,2024,developed_non_eu,76.21484312829415,76.39051599203779,catboost,-0.1756728637436424
AUS,2025,developed_non_eu,76.27138978574438,76.21526028067552,catboost,0.0561295050688528
BRA,2024,developing,59.58263491466922,59.76291634430088,catboost,-0.1802814296316555
BRA,2025,developing,59.73581794190362,60.60669681413972,catboost,-0.8708788722360978
CAN,2024,developed_non_eu,74.7517456696037,74.80946493547512,catboost,-0.0577192658714267
CAN,2025,developed_non_eu,74.74566406118286,74.55750901424503,catboost,0.1881550469378368
DEU,2024,developed_eu,85.27157362902287,81.77461272731333,catboost,3.496960901709542
DEU,2025,developed_eu,85.2877092606442,82.34977219975517,catboost,2.937937060889041
FRA,2024,developed_eu,77.2451726510735,77.07368042355287,catboost,0.1714922275206305
FRA,2025,developed_eu,77.14310865673689,76.38796759019704,catboost,0.7551410665398492
GBR,2024,developed_eu,83.15573284557671,80.95138664817014,catboost,2.204346197406565
GBR,2025,developed_eu,83.12481955637102,81.7790572223634,catboost,1.3457623340076168
IND,2024,developing,46.46243858826833,42.512299860149824,catboost,3.950138728118503
IND,2025,developing,52.92372246539863,46.37666572642565,catboost,6.547056738972977
MKD,2024,balkan,56.6324702287196,56.62330598243131,catboost,0.0091642462882859
MKD,2025,balkan,56.50388890268388,57.12164162246962,catboost,-0.6177527197857344
SRB,2024,balkan,67.27723981945093,65.69147834739341,catboost,1.5857614720575128
SRB,2025,balkan,67.45858414757662,68.74512221710833,catboost,-1.2865380695317157
SVN,2024,balkan,72.808559434611,73.58554112594672,catboost,-0.7769816913357204
SVN,2025,balkan,72.86379506171971,75.18242764333611,catboost,-2.318632581616398
USA,2024,developed_non_eu,82.44705362418242,81.8795832612023,catboost,0.5674703629801172
USA,2025,developed_non_eu,82.50603199785775,81.42272174621962,catboost,1.0833102516381246
ARG,2024,developing,62.465441336431816,61.08336621917199,catboost,1.3820751172598236
ARG,2025,developing,62.45465075843678,61.98659870470146,catboost,0.4680520537353132
AUS,2024,developed_non_eu,76.21484312829415,77.30242861699494,catboost,-1.087585488700796
AUS,2025,developed_non_eu,76.27138978574438,77.08126842557556,catboost,-0.809878639831183
BRA,2024,developing,59.58263491466922,59.03150113887282,catboost,0.5511337757964014
BRA,2025,developing,59.73581794190362,58.764533253688384,catboost,0.9712846882152348
CAN,2024,developed_non_eu,74.7517456696037,76.18311140819644,catboost,-1.4313657385927456
CAN,2025,developed_non_eu,74.74566406118286,75.97588202269705,catboost,-1.2302179615141853
DEU,2024,developed_eu,85.27157362902287,81.67779367426503,catboost,3.593779954757835
DEU,2025,developed_eu,85.2877092606442,82.26337020540711,catboost,3.024339055237093
FRA,2024,developed_eu,77.2451726510735,77.83825898930709,catboost,-0.59308633823359
FRA,2025,developed_eu,77.14310865673689,77.19258997414198,catboost,-0.049481317405096
GBR,2024,developed_eu,83.15573284557671,79.23452778638557,catboost,3.921205059191138
GBR,2025,developed_eu,83.12481955637102,79.67944930936653,catboost,3.4453702470044902
IND,2024,developing,46.46243858826833,42.01059218688776,catboost,4.451846401380564
IND,2025,developing,47.78946252457455,44.53302335025462,catboost,3.2564391743199224
MKD,2024,balkan,56.6324702287196,58.47665279382667,catboost,-1.844182565107076
MKD,2025,balkan,56.50388890268388,59.25673999089485,catboost,-2.752851088210967
SRB,2024,balkan,67.27723981945093,66.01806389203225,catboost,1.2591759274186811
SRB,2025,balkan,67.45858414757662,68.02525113943386,catboost,-0.5666669918572467
SVN,2024,balkan,72.808559434611,74.6696631148593,catboost,-1.8611036802483056
SVN,2025,balkan,72.86379506171971,75.51727126731564,catboost,-2.653476205595922
USA,2024,developed_non_eu,82.44705362418242,81.88943306646127,catboost,0.557620557721151
USA,2025,developed_non_eu,82.50603199785775,81.51833064820161,catboost,0.9877013496561348
ARG,2024,developing,62.465441336431816,61.60697029816969,catboost,0.8584710382621239
ARG,2025,developing,62.45465075843678,63.12129247406315,catboost,-0.6666417156263691
AUS,2024,developed_non_eu,76.21484312829415,76.54025967711686,catboost,-0.3254165488227158
AUS,2025,developed_non_eu,76.27138978574438,76.40192401823784,catboost,-0.1305342324934599
BRA,2024,developing,59.58263491466922,57.95848962846506,catboost,1.6241452862041612
BRA,2025,developing,59.73581794190362,58.582442482212194,catboost,1.153375459691425
CAN,2024,developed_non_eu,74.7517456696037,76.18475605458285,catboost,-1.4330103849791556
CAN,2025,developed_non_eu,74.74566406118286,75.81709063836841,catboost,-1.071426577185548
DEU,2024,developed_eu,85.27157362902287,81.5055826270738,catboost,3.765991001949061
DEU,2025,developed_eu,85.2877092606442,81.87584939099312,catboost,3.4118598696510816
FRA,2024,developed_eu,77.2451726510735,77.71306505948425,catboost,-0.4678924084107478
FRA,2025,developed_eu,77.14310865673689,77.88707491297745,catboost,-0.7439662562405687
GBR,2024,developed_eu,83.15573284557671,79.79367679018748,catboost,3.362056055389232
GBR,2025,developed_eu,83.12481955637102,80.08512826761033,catboost,3.039691288760693
IND,2024,developing,46.46243858826833,41.54528558781889,catboost,4.917153000449439
IND,2025,developing,47.77966463357736,44.877370567371074,catboost,2.902294066206288
MKD,2024,balkan,56.6324702287196,57.4513424486598,catboost,-0.8188722199402036
MKD,2025,balkan,56.50388890268388,58.21235364648037,catboost,-1.7084647437964904
SRB,2024,balkan,67.27723981945093,66.05723200360995,catboost,1.2200078158409724
SRB,2025,balkan,67.45858414757662,69.32952085577284,catboost,-1.8709367081962256
SVN,2024,balkan,72.808559434611,73.47879136641077,catboost,-0.6702319317997762
SVN,2025,balkan,72.86379506171971,74.54049362953421,catboost,-1.6766985678144977
USA,2024,developed_non_eu,82.44705362418242,80.95327098711715,catboost,1.4937826370652658
USA,2025,developed_non_eu,82.50603199785775,80.68459207621885,catboost,1.8214399216388983
ARG,2024,developing,60.177677410251626,58.24378529916692,catboost,1.9338921110847025
ARG,2025,developing,60.16688683225659,60.652637772414224,catboost,-0.4857509401576365
AUS,2024,developed_non_eu,75.8341047076019,74.63416310795861,catboost,1.1999415996432816
AUS,2025,developed_non_eu,75.83229556762969,76.47503016419338,catboost,-0.6427345965636988
BRA,2024,developing,57.6351056427748,54.01917095994983,catboost,3.615934682824964
BRA,2025,developing,57.7882886700092,54.69135169856781,catboost,3.0969369714413872
CAN,2024,developed_non_eu,73.5649082585455,73.86635834556526,catboost,-0.3014500870197594
CAN,2025,developed_non_eu,73.55882665012467,73.61900550779004,catboost,-0.0601788576653632
DEU,2024,developed_eu,83.98175549484475,79.98489858914691,catboost,3.99685690569784
DEU,2025,developed_eu,83.99789112646609,80.77820477547523,catboost,3.2196863509908558
FRA,2024,developed_eu,76.00143981287722,76.24653503329372,catboost,-0.245095220416502
FRA,2025,developed_eu,75.8993758185406,75.86437518995268,catboost,0.0350006285879231
GBR,2024,developed_eu,82.05423857522565,81.07835163559056,catboost,0.9758869396350888
GBR,2025,developed_eu,82.02332528601997,81.49111207298692,catboost,0.5322132130330459
IND,2024,developing,44.39694336779666,40.0483493337896,catboost,4.348594034007057
IND,2025,developing,45.69894385868516,43.41974298529071,catboost,2.279200873394444
MKD,2024,balkan,53.64375464019817,53.98146381191502,catboost,-0.3377091717168525
MKD,2025,balkan,53.515173314162446,54.67572410657663,catboost,-1.160550792414185
SRB,2024,balkan,64.86715072492385,62.83906927920333,catboost,2.0280814457205167
SRB,2025,balkan,65.04849505304954,66.46751802720988,catboost,-1.4190229741603415
SVN,2024,balkan,70.80015205567881,70.98885728506895,catboost,-0.1887052293901376
SVN,2025,balkan,70.85538768278754,71.94501841227259,catboost,-1.0896307294850516
USA,2024,developed_non_eu,81.70001786490164,80.91571437000962,catboost,0.7843034948920149
USA,2025,developed_non_eu,81.75899623857697,80.79745346916549,catboost,0.96154276941148
ARG,2024,developing,60.177677410251626,58.24378529916692,catboost,1.9338921110847025
ARG,2025,developing,60.16688683225659,60.652637772414224,catboost,-0.4857509401576365
AUS,2024,developed_non_eu,75.8341047076019,74.63416310795861,catboost,1.1999415996432816
AUS,2025,developed_non_eu,75.83229556762969,76.47503016419338,catboost,-0.6427345965636988
BRA,2024,developing,57.6351056427748,54.01917095994983,catboost,3.615934682824964
BRA,2025,developing,57.7882886700092,54.69135169856781,catboost,3.0969369714413872
CAN,2024,developed_non_eu,73.5649082585455,73.86635834556526,catboost,-0.3014500870197594
CAN,2025,developed_non_eu,73.55882665012467,73.61900550779004,catboost,-0.0601788576653632
DEU,2024,developed_eu,83.98175549484475,79.98489858914691,catboost,3.99685690569784
DEU,2025,developed_eu,83.99789112646609,80.77820477547523,catboost,3.2196863509908558
FRA,2024,developed_eu,76.00143981287722,76.24653503329372,catboost,-0.245095220416502
FRA,2025,developed_eu,75.8993758185406,75.86437518995268,catboost,0.0350006285879231
GBR,2024,developed_eu,82.05423857522565,81.07835163559056,catboost,0.9758869396350888
GBR,2025,developed_eu,82.02332528601997,81.49111207298692,catboost,0.5322132130330459
IND,2024,developing,44.39694336779666,40.0483493337896,catboost,4.348594034007057
IND,2025,developing,45.69894385868516,43.41974298529071,catboost,2.279200873394444
MKD,2024,balkan,53.64375464019817,53.98146381191502,catboost,-0.3377091717168525
MKD,2025,balkan,53.515173314162446,54.67572410657663,catboost,-1.160550792414185
SRB,2024,balkan,64.86715072492385,62.83906927920333,catboost,2.0280814457205167
SRB,2025,balkan,65.04849505304954,66.46751802720988,catboost,-1.4190229741603415
SVN,2024,balkan,70.80015205567881,70.98885728506895,catboost,-0.1887052293901376
SVN,2025,balkan,70.85538768278754,71.94501841227259,catboost,-1.0896307294850516
USA,2024,developed_non_eu,81.70001786490164,80.91571437000962,catboost,0.7843034948920149
USA,2025,developed_non_eu,81.75899623857697,80.79745346916549,catboost,0.96154276941148
ARG,2024,developing,57.68407490264685,57.24297597396725,catboost,0.441098928679601
ARG,2025,developing,57.73678580033339,59.53579246555486,catboost,-1.7990066652214765
AUS,2024,developed_non_eu,76.59253053857866,74.70034577774105,catboost,1.8921847608376083
AUS,2025,developed_non_eu,76.57587952586267,75.59197849572223,catboost,0.9839010301404444
BRA,2024,developing,57.76174644501727,56.39500869475202,catboost,1.3667377502652511
BRA,2025,developing,57.93809115933529,57.734150878381136,catboost,0.203940280954157
CAN,2024,developed_non_eu,72.37781130419548,71.88643014872936,catboost,0.4913811554661151
CAN,2025,developed_non_eu,73.56927676260484,72.1570403960282,catboost,1.41223636657665
DEU,2024,developed_eu,84.27796028215107,79.1792928872336,catboost,5.09866739491747
DEU,2025,developed_eu,83.82198562173569,79.97130172737371,catboost,3.8506838943619774
FRA,2024,developed_eu,76.56459471014402,74.66869642579395,catboost,1.895898284350068
FRA,2025,developed_eu,76.10358745655014,75.04470789217726,catboost,1.0588795643728872
GBR,2024,developed_eu,81.01340519058135,78.90306950701932,catboost,2.1103356835620275
GBR,2025,developed_eu,81.46832805355278,79.07921143067934,catboost,2.389116622873445
IND,2024,developing,44.464852100027095,39.12645470583772,catboost,5.338397394189371
IND,2025,developing,45.76954506615367,42.27264923917788,catboost,3.496895826975788
MKD,2024,balkan,48.501867152541806,47.34416044105153,catboost,1.1577067114902777
MKD,2025,balkan,50.022361110973485,47.269553142855685,catboost,2.7528079681178
SRB,2024,balkan,63.81970148973432,61.96673174607661,catboost,1.8529697436577093
SRB,2025,balkan,63.90924359962085,64.39644758143821,catboost,-0.487203981817359
SVN,2024,balkan,71.09846908178204,70.00141738472975,catboost,1.0970516970522937
SVN,2025,balkan,71.14234847441686,70.93457642295101,catboost,0.2077720514658523
USA,2024,developed_non_eu,81.92766654035891,80.02033585307977,catboost,1.907330687279142
USA,2025,developed_non_eu,81.86264273981848,80.10404399539155,catboost,1.7585987444269335
ARG,2022,developing,59.58550588932096,60.73932690179472,lightgbm,-1.1538210124737631
ARG,2023,developing,61.17291950517295,60.92476474684264,lightgbm,0.2481547583303083
AUS,2022,developed_non_eu,72.9183160199764,71.83538540312684,lightgbm,1.0829306168495665
AUS,2023,developed_non_eu,76.3532548925768,67.92211454932516,lightgbm,8.431140343251641
BRA,2022,developing,53.12063753940983,53.73325605139951,lightgbm,-0.6126185119896803
BRA,2023,developing,57.67055049418848,52.386260295712674,lightgbm,5.2842901984758015
CAN,2022,developed_non_eu,70.56250419059799,67.50713131411415,lightgbm,3.055372876483844
CAN,2023,developed_non_eu,75.48924387905342,69.48602706230311,lightgbm,6.00321681675031
DEU,2022,developed_eu,80.37717531090291,76.861589529878,lightgbm,3.5155857810249103
DEU,2023,developed_eu,81.6275589495903,76.91770997940768,lightgbm,4.70984897018262
FRA,2022,developed_eu,76.46087176840479,73.56220454406787,lightgbm,2.8986672243369185
FRA,2023,developed_eu,77.88296994408213,74.16585125748219,lightgbm,3.717118686599946
GBR,2022,developed_eu,82.17122959893649,77.68926216096771,lightgbm,4.481967437968777
GBR,2023,developed_eu,81.47626801914994,76.79347943906984,lightgbm,4.6827885800801
IND,2022,developing,39.96673418509398,33.546235801105,lightgbm,6.420498383988985
IND,2023,developing,42.72431126632684,31.09160315988015,lightgbm,11.632708106446684
MKD,2022,balkan,49.94573186621599,50.36235419629163,lightgbm,-0.4166223300756471
MKD,2023,balkan,55.39623064048007,49.40985588659473,lightgbm,5.986374753885343
SRB,2022,balkan,64.16656051210306,59.81114044665539,lightgbm,4.355420065447667
SRB,2023,balkan,65.43653215481218,65.08604249552343,lightgbm,0.3504896592887547
SVN,2022,balkan,68.27310949011942,67.96442831250815,lightgbm,0.3086811776112768
SVN,2023,balkan,72.58362366902068,67.98674343147862,lightgbm,4.5968802375420665
USA,2022,developed_non_eu,78.64281944153662,75.38873861378201,lightgbm,3.2540808277546063
USA,2023,developed_non_eu,82.39412221779821,74.32667277669518,lightgbm,8.067449441103037
ARG,2022,developing,59.58550588932096,60.73932690179472,lightgbm,-1.1538210124737631
ARG,2023,developing,61.17291950517295,60.92476474684264,lightgbm,0.2481547583303083
AUS,2022,developed_non_eu,72.9183160199764,71.83538540312684,lightgbm,1.0829306168495665
AUS,2023,developed_non_eu,76.3532548925768,67.92211454932516,lightgbm,8.431140343251641
BRA,2022,developing,53.12063753940983,53.73325605139951,lightgbm,-0.6126185119896803
BRA,2023,developing,57.67055049418848,52.386260295712674,lightgbm,5.2842901984758015
CAN,2022,developed_non_eu,70.56250419059799,67.50713131411415,lightgbm,3.055372876483844
CAN,2023,developed_non_eu,75.48924387905342,69.48602706230311,lightgbm,6.00321681675031
DEU,2022,developed_eu,80.37717531090291,76.861589529878,lightgbm,3.5155857810249103
DEU,2023,developed_eu,81.6275589495903,76.91770997940768,lightgbm,4.70984897018262
FRA,2022,developed_eu,76.46087176840479,73.56220454406787,lightgbm,2.8986672243369185
FRA,2023,developed_eu,77.88296994408213,74.16585125748219,lightgbm,3.717118686599946
GBR,2022,developed_eu,82.17122959893649,77.68926216096771,lightgbm,4.481967437968777
GBR,2023,developed_eu,81.47626801914994,76.79347943906984,lightgbm,4.6827885800801
IND,2022,developing,39.96673418509398,33.546235801105,lightgbm,6.420498383988985
IND,2023,developing,42.72431126632684,31.09160315988015,lightgbm,11.632708106446684
MKD,2022,balkan,49.94573186621599,50.36235419629163,lightgbm,-0.4166223300756471
MKD,2023,balkan,55.39623064048007,49.40985588659473,lightgbm,5.986374753885343
SRB,2022,balkan,64.16656051210306,59.81114044665539,lightgbm,4.355420065447667
SRB,2023,balkan,65.43653215481218,65.08604249552343,lightgbm,0.3504896592887547
SVN,2022,balkan,68.27310949011942,67.96442831250815,lightgbm,0.3086811776112768
SVN,2023,balkan,72.58362366902068,67.98674343147862,lightgbm,4.5968802375420665
USA,2022,developed_non_eu,78.64281944153662,75.38873861378201,lightgbm,3.2540808277546063
USA,2023,developed_non_eu,82.39412221779821,74.32667277669518,lightgbm,8.067449441103037
ARG,2022,developing,59.58550588932096,60.73932690179472,lightgbm,-1.1538210124737631
ARG,2023,developing,61.17291950517295,60.92476474684264,lightgbm,0.2481547583303083
AUS,2022,developed_non_eu,72.9183160199764,71.83538540312684,lightgbm,1.0829306168495665
AUS,2023,developed_non_eu,76.3532548925768,67.92211454932516,lightgbm,8.431140343251641
BRA,2022,developing,53.12063753940983,53.73325605139951,lightgbm,-0.6126185119896803
BRA,2023,developing,57.67055049418848,52.386260295712674,lightgbm,5.2842901984758015
CAN,2022,developed_non_eu,70.56250419059799,67.50713131411415,lightgbm,3.055372876483844
CAN,2023,developed_non_eu,75.48924387905342,69.48602706230311,lightgbm,6.00321681675031
DEU,2022,developed_eu,80.37717531090291,76.861589529878,lightgbm,3.5155857810249103
DEU,2023,developed_eu,81.6275589495903,76.91770997940768,lightgbm,4.70984897018262
FRA,2022,developed_eu,76.46087176840479,73.56220454406787,lightgbm,2.8986672243369185
FRA,2023,developed_eu,77.88296994408213,74.16585125748219,lightgbm,3.717118686599946
GBR,2022,developed_eu,82.17122959893649,77.68926216096771,lightgbm,4.481967437968777
GBR,2023,developed_eu,81.47626801914994,76.79347943906984,lightgbm,4.6827885800801
IND,2022,developing,39.96673418509398,33.546235801105,lightgbm,6.420498383988985
IND,2023,developing,42.72431126632684,31.09160315988015,lightgbm,11.632708106446684
MKD,2022,balkan,49.94573186621599,50.36235419629163,lightgbm,-0.4166223300756471
MKD,2023,balkan,55.39623064048007,49.40985588659473,lightgbm,5.986374753885343
SRB,2022,balkan,64.16656051210306,59.81114044665539,lightgbm,4.355420065447667
SRB,2023,balkan,65.43653215481218,65.08604249552343,lightgbm,0.3504896592887547
SVN,2022,balkan,68.27310949011942,67.96442831250815,lightgbm,0.3086811776112768
SVN,2023,balkan,72.58362366902068,67.98674343147862,lightgbm,4.5968802375420665
USA,2022,developed_non_eu,78.64281944153662,75.38873861378201,lightgbm,3.2540808277546063
USA,2023,developed_non_eu,82.39412221779821,74.32667277669518,lightgbm,8.067449441103037
ARG,2024,developing,62.465441336431816,62.37932313733534,lightgbm,0.0861181990964752
ARG,2025,developing,62.45465075843678,66.66287836114186,lightgbm,-4.208227602705087
AUS,2024,developed_non_eu,76.21484312829415,76.04875596652488,lightgbm,0.1660871617692692
AUS,2025,developed_non_eu,76.27138978574438,75.71221265710818,lightgbm,0.5591771286361933
BRA,2024,developing,59.58263491466922,59.45524743030577,lightgbm,0.127387484363453
BRA,2025,developing,59.73581794190362,60.49733806043015,lightgbm,-0.7615201185265335
CAN,2024,developed_non_eu,74.7517456696037,77.53654185924792,lightgbm,-2.7847961896442257
CAN,2025,developed_non_eu,74.74566406118286,77.74173489122458,lightgbm,-2.9960708300417167
DEU,2024,developed_eu,85.27157362902287,81.28654062980976,lightgbm,3.985032999213104
DEU,2025,developed_eu,85.2877092606442,81.15152068175787,lightgbm,4.136188578886333
FRA,2024,developed_eu,77.2451726510735,76.75762929137652,lightgbm,0.4875433596969856
FRA,2025,developed_eu,77.14310865673689,77.37379668276442,lightgbm,-0.2306880260275363
GBR,2024,developed_eu,83.15573284557671,81.28288162887432,lightgbm,1.8728512167023863
GBR,2025,developed_eu,83.12481955637102,81.23263708823701,lightgbm,1.8921824681340096
IND,2024,developing,46.46243858826833,36.661374688446976,lightgbm,9.80106389982135
IND,2025,developing,52.92372246539863,40.70621333435416,lightgbm,12.217509131044466
MKD,2024,balkan,56.6324702287196,54.2795589562468,lightgbm,2.352911272472795
MKD,2025,balkan,56.50388890268388,53.03338166602433,lightgbm,3.47050723665955
SRB,2024,balkan,67.27723981945093,66.25780719978545,lightgbm,1.01943261966548
SRB,2025,balkan,67.45858414757662,70.68418144862552,lightgbm,-3.225597301048907
SVN,2024,balkan,72.808559434611,77.06173460150251,lightgbm,-4.253175166891509
SVN,2025,balkan,72.86379506171971,77.73549061713707,lightgbm,-4.871695555417361
USA,2024,developed_non_eu,82.44705362418242,80.60803065728777,lightgbm,1.839022966894646
USA,2025,developed_non_eu,82.50603199785775,80.11821730455188,lightgbm,2.38781469330587
ARG,2024,developing,62.465441336431816,61.99517690271836,lightgbm,0.47026443371346
ARG,2025,developing,62.45465075843678,64.54902783583836,lightgbm,-2.0943770774015817
AUS,2024,developed_non_eu,76.21484312829415,75.23207920240266,lightgbm,0.98276392589149
AUS,2025,developed_non_eu,76.27138978574438,75.39287314884277,lightgbm,0.8785166369016082
BRA,2024,developing,59.58263491466922,60.49091999068733,lightgbm,-0.9082850760181104
BRA,2025,developing,59.73581794190362,63.05835783822446,lightgbm,-3.322539896320841
CAN,2024,developed_non_eu,74.7517456696037,78.14980328233752,lightgbm,-3.3980576127338225
CAN,2025,developed_non_eu,74.74566406118286,77.61429378034472,lightgbm,-2.8686297191618597
DEU,2024,developed_eu,85.27157362902287,81.52315615136878,lightgbm,3.748417477654087
DEU,2025,developed_eu,85.2877092606442,81.48873496280434,lightgbm,3.7989742978398624
FRA,2024,developed_eu,77.2451726510735,77.5277935446208,lightgbm,-0.2826208935473033
FRA,2025,developed_eu,77.14310865673689,77.2816373815312,lightgbm,-0.1385287247943125
GBR,2024,developed_eu,83.15573284557671,80.39780223900567,lightgbm,2.757930606571037
GBR,2025,developed_eu,83.12481955637102,80.59349288911571,lightgbm,2.531326667255314
IND,2024,developing,46.46243858826833,34.97008813818212,lightgbm,11.492350450086208
IND,2025,developing,47.78946252457455,36.2597791078606,lightgbm,11.529683416713944
MKD,2024,balkan,56.6324702287196,56.84148648899567,lightgbm,-0.2090162602760727
MKD,2025,balkan,56.50388890268388,69.13173323531896,lightgbm,-12.627844332635078
SRB,2024,balkan,67.27723981945093,70.44660270156604,lightgbm,-3.1693628821151094
SRB,2025,balkan,67.45858414757662,68.92975842902162,lightgbm,-1.471174281445002
SVN,2024,balkan,72.808559434611,74.8665417171056,lightgbm,-2.0579822824946064
SVN,2025,balkan,72.86379506171971,76.02546982657016,lightgbm,-3.1616747648504457
USA,2024,developed_non_eu,82.44705362418242,81.31833375267024,lightgbm,1.128719871512175
USA,2025,developed_non_eu,82.50603199785775,80.7493438298673,lightgbm,1.756688167990447
ARG,2024,developing,62.465441336431816,60.25506755422239,lightgbm,2.210373782209423
ARG,2025,developing,62.45465075843678,64.06587279011801,lightgbm,-1.6112220316812298
AUS,2024,developed_non_eu,76.21484312829415,75.86880119459282,lightgbm,0.3460419337013292
AUS,2025,developed_non_eu,76.27138978574438,75.93957169126188,lightgbm,0.3318180944825002
BRA,2024,developing,59.58263491466922,59.20302056997131,lightgbm,0.379614344697913
BRA,2025,developing,59.73581794190362,61.83955110412327,lightgbm,-2.103733162219648
CAN,2024,developed_non_eu,74.7517456696037,78.28606737731566,lightgbm,-3.5343217077119675
CAN,2025,developed_non_eu,74.74566406118286,77.6635597222353,lightgbm,-2.917895661052441
DEU,2024,developed_eu,85.27157362902287,81.73896357986544,lightgbm,3.5326100491574266
DEU,2025,developed_eu,85.2877092606442,81.4619991861211,lightgbm,3.825710074523101
FRA,2024,developed_eu,77.2451726510735,77.09090174666485,lightgbm,0.1542709044086478
FRA,2025,developed_eu,77.14310865673689,77.31954721194032,lightgbm,-0.1764385552034326
GBR,2024,developed_eu,83.15573284557671,80.21013672541329,lightgbm,2.9455961201634158
GBR,2025,developed_eu,83.12481955637102,80.35915504266761,lightgbm,2.7656645137034133
IND,2024,developing,46.46243858826833,40.13238560932176,lightgbm,6.3300529789465685
IND,2025,developing,47.77966463357736,42.3034860896194,lightgbm,5.476178543957964
MKD,2024,balkan,56.6324702287196,55.44514433472809,lightgbm,1.187325893991506
MKD,2025,balkan,56.50388890268388,66.13202057624314,lightgbm,-9.628131673559253
SRB,2024,balkan,67.27723981945093,70.48436020524986,lightgbm,-3.2071203857989303
SRB,2025,balkan,67.45858414757662,69.2547270969533,lightgbm,-1.7961429493766872
SVN,2024,balkan,72.808559434611,74.45082404868015,lightgbm,-1.6422646140691484
SVN,2025,balkan,72.86379506171971,75.42036190461778,lightgbm,-2.5565668428980644
USA,2024,developed_non_eu,82.44705362418242,81.58776901865782,lightgbm,0.8592846055245928
USA,2025,developed_non_eu,82.50603199785775,80.71486996772087,lightgbm,1.7911620301368745
ARG,2024,developing,60.177677410251626,58.20112771321139,lightgbm,1.9765496970402336
ARG,2025,developing,60.16688683225659,59.28114895958573,lightgbm,0.8857378726708589
AUS,2024,developed_non_eu,75.8341047076019,72.70799647017631,lightgbm,3.1261082374255835
AUS,2025,developed_non_eu,75.83229556762969,73.88009867638043,lightgbm,1.9521968912492584
BRA,2024,developing,57.6351056427748,57.2406721385648,lightgbm,0.3944335042099922
BRA,2025,developing,57.7882886700092,58.82941397444021,lightgbm,-1.04112530443102
CAN,2024,developed_non_eu,73.5649082585455,74.14990364480647,lightgbm,-0.5849953862609709
CAN,2025,developed_non_eu,73.55882665012467,73.44335893698054,lightgbm,0.1154677131441275
DEU,2024,developed_eu,83.98175549484475,80.8948483732295,lightgbm,3.086907121615255
DEU,2025,developed_eu,83.99789112646609,80.92608948718926,lightgbm,3.071801639276828
FRA,2024,developed_eu,76.00143981287722,76.87387109830775,lightgbm,-0.8724312854305225
FRA,2025,developed_eu,75.8993758185406,76.8949608257718,lightgbm,-0.9955850072311988
GBR,2024,developed_eu,82.05423857522565,80.68961812991849,lightgbm,1.3646204453071675
GBR,2025,developed_eu,82.02332528601997,80.312891067649,lightgbm,1.710434218370963
IND,2024,developing,44.39694336779666,33.71255038206343,lightgbm,10.684392985733233
IND,2025,developing,45.69894385868516,37.34082053819449,lightgbm,8.358123320490662
MKD,2024,balkan,53.64375464019817,53.08438518748601,lightgbm,0.5593694527121542
MKD,2025,balkan,53.515173314162446,55.68123205950894,lightgbm,-2.166058745346497
SRB,2024,balkan,64.86715072492385,65.46454977377668,lightgbm,-0.5973990488528358
SRB,2025,balkan,65.04849505304954,66.24597126959617,lightgbm,-1.197476216546633
SVN,2024,balkan,70.80015205567881,76.8478415305074,lightgbm,-6.047689474828587
SVN,2025,balkan,70.85538768278754,76.605609000895,lightgbm,-5.750221318107464
USA,2024,developed_non_eu,81.70001786490164,78.77728593248956,lightgbm,2.922731932412077
USA,2025,developed_non_eu,81.75899623857697,79.19249644619404,lightgbm,2.566499792382928
ARG,2024,developing,60.177677410251626,58.20112771321139,lightgbm,1.9765496970402336
ARG,2025,developing,60.16688683225659,59.28114895958573,lightgbm,0.8857378726708589
AUS,2024,developed_non_eu,75.8341047076019,72.70799647017631,lightgbm,3.1261082374255835
AUS,2025,developed_non_eu,75.83229556762969,73.88009867638043,lightgbm,1.9521968912492584
BRA,2024,developing,57.6351056427748,57.2406721385648,lightgbm,0.3944335042099922
BRA,2025,developing,57.7882886700092,58.82941397444021,lightgbm,-1.04112530443102
CAN,2024,developed_non_eu,73.5649082585455,74.14990364480647,lightgbm,-0.5849953862609709
CAN,2025,developed_non_eu,73.55882665012467,73.44335893698054,lightgbm,0.1154677131441275
DEU,2024,developed_eu,83.98175549484475,80.8948483732295,lightgbm,3.086907121615255
DEU,2025,developed_eu,83.99789112646609,80.92608948718926,lightgbm,3.071801639276828
FRA,2024,developed_eu,76.00143981287722,76.87387109830775,lightgbm,-0.8724312854305225
FRA,2025,developed_eu,75.8993758185406,76.8949608257718,lightgbm,-0.9955850072311988
GBR,2024,developed_eu,82.05423857522565,80.68961812991849,lightgbm,1.3646204453071675
GBR,2025,developed_eu,82.02332528601997,80.312891067649,lightgbm,1.710434218370963
IND,2024,developing,44.39694336779666,33.71255038206343,lightgbm,10.684392985733233
IND,2025,developing,45.69894385868516,37.34082053819449,lightgbm,8.358123320490662
MKD,2024,balkan,53.64375464019817,53.08438518748601,lightgbm,0.5593694527121542
MKD,2025,balkan,53.515173314162446,55.68123205950894,lightgbm,-2.166058745346497
SRB,2024,balkan,64.86715072492385,65.46454977377668,lightgbm,-0.5973990488528358
SRB,2025,balkan,65.04849505304954,66.24597126959617,lightgbm,-1.197476216546633
SVN,2024,balkan,70.80015205567881,76.8478415305074,lightgbm,-6.047689474828587
SVN,2025,balkan,70.85538768278754,76.605609000895,lightgbm,-5.750221318107464
USA,2024,developed_non_eu,81.70001786490164,78.77728593248956,lightgbm,2.922731932412077
USA,2025,developed_non_eu,81.75899623857697,79.19249644619404,lightgbm,2.566499792382928
ARG,2024,developing,57.68407490264685,56.59133351781774,lightgbm,1.092741384829111
ARG,2025,developing,57.73678580033339,59.06853193740018,lightgbm,-1.3317461370667942
AUS,2024,developed_non_eu,76.59253053857866,74.94481622270368,lightgbm,1.6477143158749783
AUS,2025,developed_non_eu,76.57587952586267,76.10102580321187,lightgbm,0.4748537226508063
BRA,2024,developing,57.76174644501727,56.05384447903911,lightgbm,1.7079019659781665
BRA,2025,developing,57.93809115933529,55.58376407726546,lightgbm,2.3543270820698368
CAN,2024,developed_non_eu,72.37781130419548,72.52011151170426,lightgbm,-0.1423002075087822
CAN,2025,developed_non_eu,73.56927676260484,72.27015426054689,lightgbm,1.2991225020579549
DEU,2024,developed_eu,84.27796028215107,79.41670831764269,lightgbm,4.861251964508384
DEU,2025,developed_eu,83.82198562173569,79.7831448681282,lightgbm,4.038840753607488
FRA,2024,developed_eu,76.56459471014402,75.39011920515082,lightgbm,1.1744755049931968
FRA,2025,developed_eu,76.10358745655014,76.09797625558896,lightgbm,0.0056112009611837
GBR,2024,developed_eu,81.01340519058135,79.71726405113381,lightgbm,1.296141139447542
GBR,2025,developed_eu,81.46832805355278,79.14798016473222,lightgbm,2.320347888820564
IND,2024,developing,44.464852100027095,40.41282044858469,lightgbm,4.052031651442405
IND,2025,developing,45.76954506615367,48.64640606482518,lightgbm,-2.8768609986715106
MKD,2024,balkan,48.501867152541806,47.7332993496933,lightgbm,0.7685678028485015
MKD,2025,balkan,50.022361110973485,48.58698108539039,lightgbm,1.4353800255830933
SRB,2024,balkan,63.81970148973432,63.62725993644557,lightgbm,0.1924415532887522
SRB,2025,balkan,63.90924359962085,64.69343532864772,lightgbm,-0.7841917290268725
SVN,2024,balkan,71.09846908178204,69.51660556395804,lightgbm,1.5818635178240044
SVN,2025,balkan,71.14234847441686,69.0235032423937,lightgbm,2.118845232023162
USA,2024,developed_non_eu,81.92766654035891,80.82444927229331,lightgbm,1.103217268065606
USA,2025,developed_non_eu,81.86264273981848,81.46245535334161,lightgbm,0.4001873864768726
ALB,2021,balkan,59.69369720688669,52.06127389197275,linear_regression,7.632423314913936
ALB,2022,balkan,57.48097805832377,59.120855209381865,linear_regression,-1.6398771510580945
ALB,2023,balkan,56.3876673506708,55.01426443849878,linear_regression,1.3734029121720257
BIH,2021,balkan,45.05402025602047,49.87731652781277,linear_regression,-4.823296271792309
BIH,2022,balkan,47.60343940078401,47.36767957600425,linear_regression,0.2357598247797625
BIH,2023,balkan,45.97439233300154,44.83162188045835,linear_regression,1.1427704525431892
DEU,2021,developed_eu,60.1284720291747,49.48433780198671,linear_regression,10.644134227187998
DEU,2022,developed_eu,54.31931543835362,51.69889676740004,linear_regression,2.6204186709535837
DEU,2023,developed_eu,57.234107197645656,52.57885804341292,linear_regression,4.655249154232735
FRA,2021,developed_eu,50.05826645372145,47.58461905548327,linear_regression,2.473647398238185
FRA,2022,developed_eu,47.49965121346594,46.00784125322808,linear_regression,1.491809960237859
FRA,2023,developed_eu,50.11331389470825,43.659728970732026,linear_regression,6.453584923976223
GBR,2021,developed_eu,46.92817066631381,39.07637135543828,linear_regression,7.851799310875528
GBR,2022,developed_eu,49.533590819838935,39.90552655029556,linear_regression,9.62806426954338
GBR,2023,developed_eu,44.69736073702626,42.90382945375271,linear_regression,1.793531283273552
JPN,2021,developed_non_eu,58.03070212255944,53.88930800358342,linear_regression,4.141394118976017
JPN,2022,developed_non_eu,62.52596055207046,57.95302734760139,linear_regression,4.5729332044690665
JPN,2023,developed_non_eu,57.05062960381992,58.742845706302674,linear_regression,-1.6922161024827602
KOR,2021,developed_non_eu,60.06769592415233,54.14975677846103,linear_regression,5.917939145691307
KOR,2022,developed_non_eu,48.69990818060255,54.60506624048266,linear_regression,-5.905158059880115
KOR,2023,developed_non_eu,53.60108055027607,55.042210469045024,linear_regression,-1.441129918768958
MKD,2021,balkan,53.123453610083374,50.19502701055119,linear_regression,2.9284265995321874
MKD,2022,balkan,50.00391907110308,49.615458086555655,linear_regression,0.3884609845474216
MKD,2023,balkan,51.755157099716506,50.03730482937096,linear_regression,1.7178522703455457
MNE,2021,balkan,44.66549052877676,47.24322845223574,linear_regression,-2.577737923458983
MNE,2022,balkan,50.21658789598536,43.95467155644989,linear_regression,6.261916339535475
MNE,2023,balkan,44.97660482479327,44.35917262532454,linear_regression,0.6174321994687304
SRB,2021,balkan,57.76734851440367,55.543140254831656,linear_regression,2.224208259572009
SRB,2022,balkan,62.23411451298384,53.38460824487047,linear_regression,8.849506268113366
SRB,2023,balkan,56.54108055950875,54.54930253174565,linear_regression,1.9917780277630968
SVN,2021,balkan,55.28944234885586,54.028357119318905,linear_regression,1.2610852295369526
SVN,2022,balkan,52.01361055413818,54.46288905674418,linear_regression,-2.449278502605999
SVN,2023,balkan,58.51497681478068,54.898536120154894,linear_regression,3.616440694625787
USA,2021,developed_non_eu,53.12890666594871,53.57495724897212,linear_regression,-0.446050583023414
USA,2022,developed_non_eu,51.45927329757578,52.95650573353408,linear_regression,-1.4972324359582956
USA,2023,developed_non_eu,55.75080793144752,53.16145612780016,linear_regression,2.589351803647361
ARG,2022,developing,59.58550588932096,61.298614040311946,linear_regression,-1.7131081509909905
ARG,2023,developing,61.17291950517295,59.989719929883336,linear_regression,1.1831995752896134
AUS,2022,developed_non_eu,72.9183160199764,73.62087242538949,linear_regression,-0.7025564054130911
AUS,2023,developed_non_eu,76.3532548925768,73.0583473951737,linear_regression,3.294907497403102
BRA,2022,developing,53.12063753940983,54.218983392158414,linear_regression,-1.0983458527485863
BRA,2023,developing,57.67055049418848,55.40765482140124,linear_regression,2.262895672787238
CAN,2022,developed_non_eu,70.56250419059799,70.86886679304293,linear_regression,-0.3063626024449348
CAN,2023,developed_non_eu,75.48924387905342,70.59668411137639,linear_regression,4.892559767677028
DEU,2022,developed_eu,80.37717531090291,79.4322992595209,linear_regression,0.9448760513820104
DEU,2023,developed_eu,81.6275589495903,80.05456495388486,linear_regression,1.5729939957054313
FRA,2022,developed_eu,76.46087176840479,75.18706123739906,linear_regression,1.2738105310057222
FRA,2023,developed_eu,77.88296994408213,75.75255425971295,linear_regression,2.130415684369183
GBR,2022,developed_eu,82.17122959893649,85.15290376517243,linear_regression,-2.9816741662359334
GBR,2023,developed_eu,81.47626801914994,83.19640091365062,linear_regression,-1.7201328945006793
IND,2022,developing,39.96673418509398,41.81871235398968,linear_regression,-1.8519781688956984
IND,2023,developing,42.72431126632684,42.62535765650216,linear_regression,0.0989536098246759
MKD,2022,balkan,49.94573186621599,51.37244693476583,linear_regression,-1.426715068549839
MKD,2023,balkan,55.39623064048007,50.44640309870097,linear_regression,4.949827541779101
SRB,2022,balkan,64.16656051210306,58.90703405960972,linear_regression,5.25952645249334
SRB,2023,balkan,65.43653215481218,63.572792118492174,linear_regression,1.86374003632001
SVN,2022,balkan,68.27310949011942,68.01685520486109,linear_regression,0.2562542852583362
SVN,2023,balkan,72.58362366902068,68.18664874118352,linear_regression,4.396974927837164
USA,2022,developed_non_eu,78.64281944153662,80.70154484293226,linear_regression,-2.058725401395648
USA,2023,developed_non_eu,82.39412221779821,80.79994356477496,linear_regression,1.5941786530232491
ARG,2022,developing,59.58550588932096,61.298614040311946,linear_regression,-1.7131081509909905
ARG,2023,developing,61.17291950517295,59.989719929883336,linear_regression,1.1831995752896134
AUS,2022,developed_non_eu,72.9183160199764,73.62087242538949,linear_regression,-0.7025564054130911
AUS,2023,developed_non_eu,76.3532548925768,73.0583473951737,linear_regression,3.294907497403102
BRA,2022,developing,53.12063753940983,54.218983392158414,linear_regression,-1.0983458527485863
BRA,2023,developing,57.67055049418848,55.40765482140124,linear_regression,2.262895672787238
CAN,2022,developed_non_eu,70.56250419059799,70.86886679304293,linear_regression,-0.3063626024449348
CAN,2023,developed_non_eu,75.48924387905342,70.59668411137639,linear_regression,4.892559767677028
DEU,2022,developed_eu,80.37717531090291,79.4322992595209,linear_regression,0.9448760513820104
DEU,2023,developed_eu,81.6275589495903,80.05456495388486,linear_regression,1.5729939957054313
FRA,2022,developed_eu,76.46087176840479,75.18706123739906,linear_regression,1.2738105310057222
FRA,2023,developed_eu,77.88296994408213,75.75255425971295,linear_regression,2.130415684369183
GBR,2022,developed_eu,82.17122959893649,85.15290376517243,linear_regression,-2.9816741662359334
GBR,2023,developed_eu,81.47626801914994,83.19640091365062,linear_regression,-1.7201328945006793
IND,2022,developing,39.96673418509398,41.81871235398968,linear_regression,-1.8519781688956984
IND,2023,developing,42.72431126632684,42.62535765650216,linear_regression,0.0989536098246759
MKD,2022,balkan,49.94573186621599,51.37244693476583,linear_regression,-1.426715068549839
MKD,2023,balkan,55.39623064048007,50.44640309870097,linear_regression,4.949827541779101
SRB,2022,balkan,64.16656051210306,58.90703405960972,linear_regression,5.25952645249334
SRB,2023,balkan,65.43653215481218,63.572792118492174,linear_regression,1.86374003632001
SVN,2022,balkan,68.27310949011942,68.01685520486109,linear_regression,0.2562542852583362
SVN,2023,balkan,72.58362366902068,68.18664874118352,linear_regression,4.396974927837164
USA,2022,developed_non_eu,78.64281944153662,80.70154484293226,linear_regression,-2.058725401395648
USA,2023,developed_non_eu,82.39412221779821,80.79994356477496,linear_regression,1.5941786530232491
ARG,2022,developing,59.58550588932096,61.298614040311946,linear_regression,-1.7131081509909905
ARG,2023,developing,61.17291950517295,59.989719929883336,linear_regression,1.1831995752896134
AUS,2022,developed_non_eu,72.9183160199764,73.62087242538949,linear_regression,-0.7025564054130911
AUS,2023,developed_non_eu,76.3532548925768,73.0583473951737,linear_regression,3.294907497403102
BRA,2022,developing,53.12063753940983,54.218983392158414,linear_regression,-1.0983458527485863
BRA,2023,developing,57.67055049418848,55.40765482140124,linear_regression,2.262895672787238
CAN,2022,developed_non_eu,70.56250419059799,70.86886679304293,linear_regression,-0.3063626024449348
CAN,2023,developed_non_eu,75.48924387905342,70.59668411137639,linear_regression,4.892559767677028
DEU,2022,developed_eu,80.37717531090291,79.4322992595209,linear_regression,0.9448760513820104
DEU,2023,developed_eu,81.6275589495903,80.05456495388486,linear_regression,1.5729939957054313
FRA,2022,developed_eu,76.46087176840479,75.18706123739906,linear_regression,1.2738105310057222
FRA,2023,developed_eu,77.88296994408213,75.75255425971295,linear_regression,2.130415684369183
GBR,2022,developed_eu,82.17122959893649,85.15290376517243,linear_regression,-2.9816741662359334
GBR,2023,developed_eu,81.47626801914994,83.19640091365062,linear_regression,-1.7201328945006793
IND,2022,developing,39.96673418509398,41.81871235398968,linear_regression,-1.8519781688956984
IND,2023,developing,42.72431126632684,42.62535765650216,linear_regression,0.0989536098246759
MKD,2022,balkan,49.94573186621599,51.37244693476583,linear_regression,-1.426715068549839
MKD,2023,balkan,55.39623064048007,50.44640309870097,linear_regression,4.949827541779101
SRB,2022,balkan,64.16656051210306,58.90703405960972,linear_regression,5.25952645249334
SRB,2023,balkan,65.43653215481218,63.572792118492174,linear_regression,1.86374003632001
SVN,2022,balkan,68.27310949011942,68.01685520486109,linear_regression,0.2562542852583362
SVN,2023,balkan,72.58362366902068,68.18664874118352,linear_regression,4.396974927837164
USA,2022,developed_non_eu,78.64281944153662,80.70154484293226,linear_regression,-2.058725401395648
USA,2023,developed_non_eu,82.39412221779821,80.79994356477496,linear_regression,1.5941786530232491
ARG,2024,developing,62.465441336431816,60.74257384007364,linear_regression,1.7228674963581767
ARG,2025,developing,62.45465075843678,62.24712154845287,linear_regression,0.2075292099839103
AUS,2024,developed_non_eu,76.21484312829415,75.09386105600754,linear_regression,1.1209820722866084
AUS,2025,developed_non_eu,76.27138978574438,75.28316371795242,linear_regression,0.988226067791956
BRA,2024,developing,59.58263491466922,57.435131685232776,linear_regression,2.1475032294364453
BRA,2025,developing,59.73581794190362,59.2573447019185,linear_regression,0.4784732399851208
CAN,2024,developed_non_eu,74.7517456696037,74.45434671283678,linear_regression,0.2973989567669122
CAN,2025,developed_non_eu,74.74566406118286,74.35934221134075,linear_regression,0.386321849842119
DEU,2024,developed_eu,85.27157362902287,82.45933138511765,linear_regression,2.8122422439052173
DEU,2025,developed_eu,85.2877092606442,86.57823351098506,linear_regression,-1.2905242503408516
FRA,2024,developed_eu,77.2451726510735,78.03325625510672,linear_regression,-0.7880836040332184
FRA,2025,developed_eu,77.14310865673689,77.90282992482415,linear_regression,-0.7597212680872616
GBR,2024,developed_eu,83.15573284557671,84.9285562011489,linear_regression,-1.7728233555721855
GBR,2025,developed_eu,83.12481955637102,86.96952636521769,linear_regression,-3.8447068088466665
IND,2024,developing,46.46243858826833,43.61309170547999,linear_regression,2.849346882788339
IND,2025,developing,52.92372246539863,46.566096772262696,linear_regression,6.35762569313593
MKD,2024,balkan,56.6324702287196,53.57774843382533,linear_regression,3.05472179489427
MKD,2025,balkan,56.50388890268388,54.95913640947094,linear_regression,1.5447524932129395
SRB,2024,balkan,67.27723981945093,64.02739783916213,linear_regression,3.2498419802887923
SRB,2025,balkan,67.45858414757662,65.79655731497093,linear_regression,1.6620268326056902
SVN,2024,balkan,72.808559434611,70.25896163292947,linear_regression,2.5495978016815286
SVN,2025,balkan,72.86379506171971,71.18306979216632,linear_regression,1.680725269553392
USA,2024,developed_non_eu,82.44705362418242,82.2866069639399,linear_regression,0.1604466602425134
USA,2025,developed_non_eu,82.50603199785775,82.75731332915831,linear_regression,-0.2512813313005608
ARG,2024,developing,62.465441336431816,61.57788696878993,linear_regression,0.8875543676418829
ARG,2025,developing,62.45465075843678,61.81066992455088,linear_regression,0.6439808338858981
AUS,2024,developed_non_eu,76.21484312829415,73.16277593353935,linear_regression,3.052067194754798
AUS,2025,developed_non_eu,76.27138978574438,72.45417077598906,linear_regression,3.81721900975532
BRA,2024,developing,59.58263491466922,58.14630893414775,linear_regression,1.436325980521474
BRA,2025,developing,59.73581794190362,58.43769385945142,linear_regression,1.2981240824521976
CAN,2024,developed_non_eu,74.7517456696037,73.88585463475371,linear_regression,0.8658910348499802
CAN,2025,developed_non_eu,74.74566406118286,74.18440281019484,linear_regression,0.561261250988025
DEU,2024,developed_eu,85.27157362902287,83.54720148281598,linear_regression,1.724372146206889
DEU,2025,developed_eu,85.2877092606442,87.51903171991627,linear_regression,-2.2313224592720644
FRA,2024,developed_eu,77.2451726510735,78.89595348915421,linear_regression,-1.6507808380807063
FRA,2025,developed_eu,77.14310865673689,78.75296670672769,linear_regression,-1.6098580499908053
GBR,2024,developed_eu,83.15573284557671,85.72511605756564,linear_regression,-2.569383211988935
GBR,2025,developed_eu,83.12481955637102,87.0886789015857,linear_regression,-3.963859345214672
IND,2024,developing,46.46243858826833,43.069207303650536,linear_regression,3.3932312846177908
IND,2025,developing,47.78946252457455,43.25706517063445,linear_regression,4.532397353940098
MKD,2024,balkan,56.6324702287196,53.98670884934037,linear_regression,2.6457613793792234
MKD,2025,balkan,56.50388890268388,54.87658896365917,linear_regression,1.6272999390247165
SRB,2024,balkan,67.27723981945093,64.22031906279115,linear_regression,3.0569207566597782
SRB,2025,balkan,67.45858414757662,64.55334921068415,linear_regression,2.905234936892469
SVN,2024,balkan,72.808559434611,69.85166881095846,linear_regression,2.9568906236525407
SVN,2025,balkan,72.86379506171971,71.35440168837034,linear_regression,1.5093933733493683
USA,2024,developed_non_eu,82.44705362418242,81.12958069071149,linear_regression,1.317472933470924
USA,2025,developed_non_eu,82.50603199785775,81.3374424673349,linear_regression,1.1685895305228513
ARG,2024,developing,62.465441336431816,61.625675143199125,linear_regression,0.8397661932326912
ARG,2025,developing,62.45465075843678,61.95216874142637,linear_regression,0.5024820170104078
AUS,2024,developed_non_eu,76.21484312829415,72.81386233074676,linear_regression,3.4009807975473905
AUS,2025,developed_non_eu,76.27138978574438,72.12610596297485,linear_regression,4.145283822769528
BRA,2024,developing,59.58263491466922,57.87524473510773,linear_regression,1.707390179561493
BRA,2025,developing,59.73581794190362,58.240316602239005,linear_regression,1.4955013396646135
CAN,2024,developed_non_eu,74.7517456696037,73.53620067870469,linear_regression,1.215544990899005
CAN,2025,developed_non_eu,74.74566406118286,73.83719356844283,linear_regression,0.9084704927400368
DEU,2024,developed_eu,85.27157362902287,83.53584443204568,linear_regression,1.7357291969771893
DEU,2025,developed_eu,85.2877092606442,87.57040956597943,linear_regression,-2.2827003053352257
FRA,2024,developed_eu,77.2451726510735,78.89588024991706,linear_regression,-1.6507075988435531
FRA,2025,developed_eu,77.14310865673689,78.7409601010434,linear_regression,-1.5978514443065135
GBR,2024,developed_eu,83.15573284557671,86.05870855253772,linear_regression,-2.902975706961016
GBR,2025,developed_eu,83.12481955637102,87.4789432981095,linear_regression,-4.354123741738476
IND,2024,developing,46.46243858826833,42.64970408920488,linear_regression,3.8127344990634526
IND,2025,developing,47.77966463357736,42.82455546141989,linear_regression,4.955109172157471
MKD,2024,balkan,56.6324702287196,53.55347910130443,linear_regression,3.078991127415165
MKD,2025,balkan,56.50388890268388,54.432957558607626,linear_regression,2.070931344076257
SRB,2024,balkan,67.27723981945093,64.20181487997493,linear_regression,3.075424939475994
SRB,2025,balkan,67.45858414757662,64.58000485026768,linear_regression,2.8785792973089315
SVN,2024,balkan,72.808559434611,69.35332895735421,linear_regression,3.4552304772567908
SVN,2025,balkan,72.86379506171971,70.93218184996084,linear_regression,1.931613211758872
USA,2024,developed_non_eu,82.44705362418242,80.63541800002182,linear_regression,1.8116356241606013
USA,2025,developed_non_eu,82.50603199785775,80.85700759626152,linear_regression,1.649024401596222
ARG,2024,developing,60.177677410251626,58.848964189603294,linear_regression,1.328713220648332
ARG,2025,developing,60.16688683225659,60.63344113688537,linear_regression,-0.4665543046287794
AUS,2024,developed_non_eu,75.8341047076019,70.20156262082227,linear_regression,5.632542086779623
AUS,2025,developed_non_eu,75.83229556762969,71.56123641728897,linear_regression,4.271059150340719
BRA,2024,developing,57.6351056427748,55.24296406111311,linear_regression,2.39214158166169
BRA,2025,developing,57.7882886700092,57.12826216319905,linear_regression,0.6600265068101479
CAN,2024,developed_non_eu,73.5649082585455,69.84794310369224,linear_regression,3.716965154853256
CAN,2025,developed_non_eu,73.55882665012467,69.78178931772007,linear_regression,3.7770373324046034
DEU,2024,developed_eu,83.98175549484475,80.33995317920959,linear_regression,3.641802315635161
DEU,2025,developed_eu,83.99789112646609,84.22677852449613,linear_regression,-0.2288873980300394
FRA,2024,developed_eu,76.00143981287722,76.0093554696217,linear_regression,-0.0079156567444726
FRA,2025,developed_eu,75.8993758185406,76.04629260786753,linear_regression,-0.1469167893269229
GBR,2024,developed_eu,82.05423857522565,83.23355597958326,linear_regression,-1.1793174043576045
GBR,2025,developed_eu,82.02332528601997,85.06886351363175,linear_regression,-3.045538227611786
IND,2024,developing,44.39694336779666,40.10938934739615,linear_regression,4.287554020400513
IND,2025,developing,45.69894385868516,42.59833056021982,linear_regression,3.1006132984653334
MKD,2024,balkan,53.64375464019817,49.82364319715965,linear_regression,3.82011144303852
MKD,2025,balkan,53.515173314162446,51.50816183438975,linear_regression,2.007011479772693
SRB,2024,balkan,64.86715072492385,61.91814600692848,linear_regression,2.949004717995365
SRB,2025,balkan,65.04849505304954,63.70592110379305,linear_regression,1.342573949256483
SVN,2024,balkan,70.80015205567881,65.64086464251315,linear_regression,5.159287413165657
SVN,2025,balkan,70.85538768278754,67.0342550759953,linear_regression,3.821132606792233
USA,2024,developed_non_eu,81.70001786490164,78.34129470577612,linear_regression,3.3587231591255176
USA,2025,developed_non_eu,81.75899623857697,78.97454358831123,linear_regression,2.7844526502657345
ARG,2024,developing,60.177677410251626,58.848964189603294,linear_regression,1.328713220648332
ARG,2025,developing,60.16688683225659,60.63344113688537,linear_regression,-0.4665543046287794
AUS,2024,developed_non_eu,75.8341047076019,70.20156262082227,linear_regression,5.632542086779623
AUS,2025,developed_non_eu,75.83229556762969,71.56123641728897,linear_regression,4.271059150340719
BRA,2024,developing,57.6351056427748,55.24296406111311,linear_regression,2.39214158166169
BRA,2025,developing,57.7882886700092,57.12826216319905,linear_regression,0.6600265068101479
CAN,2024,developed_non_eu,73.5649082585455,69.84794310369224,linear_regression,3.716965154853256
CAN,2025,developed_non_eu,73.55882665012467,69.78178931772007,linear_regression,3.7770373324046034
DEU,2024,developed_eu,83.98175549484475,80.33995317920959,linear_regression,3.641802315635161
DEU,2025,developed_eu,83.99789112646609,84.22677852449613,linear_regression,-0.2288873980300394
FRA,2024,developed_eu,76.00143981287722,76.0093554696217,linear_regression,-0.0079156567444726
FRA,2025,developed_eu,75.8993758185406,76.04629260786753,linear_regression,-0.1469167893269229
GBR,2024,developed_eu,82.05423857522565,83.23355597958326,linear_regression,-1.1793174043576045
GBR,2025,developed_eu,82.02332528601997,85.06886351363175,linear_regression,-3.045538227611786
IND,2024,developing,44.39694336779666,40.10938934739615,linear_regression,4.287554020400513
IND,2025,developing,45.69894385868516,42.59833056021982,linear_regression,3.1006132984653334
MKD,2024,balkan,53.64375464019817,49.82364319715965,linear_regression,3.82011144303852
MKD,2025,balkan,53.515173314162446,51.50816183438975,linear_regression,2.007011479772693
SRB,2024,balkan,64.86715072492385,61.91814600692848,linear_regression,2.949004717995365
SRB,2025,balkan,65.04849505304954,63.70592110379305,linear_regression,1.342573949256483
SVN,2024,balkan,70.80015205567881,65.64086464251315,linear_regression,5.159287413165657
SVN,2025,balkan,70.85538768278754,67.0342550759953,linear_regression,3.821132606792233
USA,2024,developed_non_eu,81.70001786490164,78.34129470577612,linear_regression,3.3587231591255176
USA,2025,developed_non_eu,81.75899623857697,78.97454358831123,linear_regression,2.7844526502657345
ARG,2024,developing,57.68407490264685,56.16137314943482,linear_regression,1.5227017532120255
ARG,2025,developing,57.73678580033339,56.94620743734366,linear_regression,0.7905783629897272
AUS,2024,developed_non_eu,76.59253053857866,72.99424102010931,linear_regression,3.5982895184693438
AUS,2025,developed_non_eu,76.57587952586267,74.64106307181254,linear_regression,1.934816454050136
BRA,2024,developing,57.76174644501727,56.48017828467896,linear_regression,1.2815681603383098
BRA,2025,developing,57.93809115933529,58.02512314636476,linear_regression,-0.0870319870294693
CAN,2024,developed_non_eu,72.37781130419548,71.65826832117136,linear_regression,0.7195429830241125
CAN,2025,developed_non_eu,73.56927676260484,71.43609907228674,linear_regression,2.1331776903181066
DEU,2024,developed_eu,84.27796028215107,81.35316582569267,linear_regression,2.9247944564584003
DEU,2025,developed_eu,83.82198562173569,85.26793983093941,linear_regression,-1.4459542092037196
FRA,2024,developed_eu,76.56459471014402,76.13208985372826,linear_regression,0.4325048564157612
FRA,2025,developed_eu,76.10358745655014,76.18217714096167,linear_regression,-0.0785896844115257
GBR,2024,developed_eu,81.01340519058135,80.94796818493818,linear_regression,0.0654370056431759
GBR,2025,developed_eu,81.46832805355278,82.48526243494423,linear_regression,-1.0169343813914509
IND,2024,developing,44.464852100027095,42.18385776640834,linear_regression,2.2809943336187573
IND,2025,developing,45.76954506615367,44.990094711301545,linear_regression,0.7794503548521234
MKD,2024,balkan,48.501867152541806,49.20357426840681,linear_regression,-0.7017071158650054
MKD,2025,balkan,50.022361110973485,49.75400146653372,linear_regression,0.2683596444397622
SRB,2024,balkan,63.81970148973432,61.33859539445632,linear_regression,2.481106095278001
SRB,2025,balkan,63.90924359962085,63.08115720978359,linear_regression,0.8280863898372601
SVN,2024,balkan,71.09846908178204,69.59680843990766,linear_regression,1.5016606418743803
SVN,2025,balkan,71.14234847441686,70.2059102370542,linear_regression,0.9364382373626654
USA,2024,developed_non_eu,81.92766654035891,80.55724466858577,linear_regression,1.3704218717731464
USA,2025,developed_non_eu,81.86264273981848,80.87823087663737,linear_regression,0.9844118631811084
ALB,2021,balkan,59.69369720688669,59.41187927943819,mlp,0.2818179274485004
ALB,2022,balkan,57.48097805832377,69.42974991932425,mlp,-11.94877186100048
ALB,2023,balkan,56.3876673506708,60.24453986861525,mlp,-3.8568725179444456
BIH,2021,balkan,45.05402025602047,50.5881387501728,mlp,-5.534118494152331
BIH,2022,balkan,47.60343940078401,42.27711364635836,mlp,5.326325754425653
BIH,2023,balkan,45.97439233300154,41.57123753110001,mlp,4.403154801901529
DEU,2021,developed_eu,60.1284720291747,46.36296383100928,mlp,13.765508198165428
DEU,2022,developed_eu,54.31931543835362,47.82463300908659,mlp,6.49468242926703
DEU,2023,developed_eu,57.234107197645656,47.75106212659585,mlp,9.483045071049808
FRA,2021,developed_eu,50.05826645372145,47.7310660131424,mlp,2.3272004405790554
FRA,2022,developed_eu,47.49965121346594,43.59356138676432,mlp,3.906089826701617
FRA,2023,developed_eu,50.11331389470825,40.45675287798558,mlp,9.65656101672267
GBR,2021,developed_eu,46.92817066631381,39.952219036311,mlp,6.975951630002804
GBR,2022,developed_eu,49.533590819838935,42.2447637470666,mlp,7.288827072772335
GBR,2023,developed_eu,44.69736073702626,50.8272098733566,mlp,-6.129849136330343
JPN,2021,developed_non_eu,58.03070212255944,67.41058477807368,mlp,-9.379882655514244
JPN,2022,developed_non_eu,62.52596055207046,68.45758840114706,mlp,-5.931627849076605
JPN,2023,developed_non_eu,57.05062960381992,76.10974489473736,mlp,-19.059115290917447
KOR,2021,developed_non_eu,60.06769592415233,57.558577439005695,mlp,2.5091184851466366
KOR,2022,developed_non_eu,48.69990818060255,52.05054387543223,mlp,-3.350635694829677
KOR,2023,developed_non_eu,53.60108055027607,58.287496338661406,mlp,-4.68641578838534
MKD,2021,balkan,53.123453610083374,43.45888656168271,mlp,9.664567048400665
MKD,2022,balkan,50.00391907110308,50.81018598976683,mlp,-0.8062669186637521
MKD,2023,balkan,51.755157099716506,69.23152407024186,mlp,-17.476366970525355
MNE,2021,balkan,44.66549052877676,41.5125564733662,mlp,3.1529340554105616
MNE,2022,balkan,50.21658789598536,34.61316110719138,mlp,15.603426788793982
MNE,2023,balkan,44.97660482479327,40.12086863960218,mlp,4.855736185191091
SRB,2021,balkan,57.76734851440367,55.168708154836345,mlp,2.5986403595673195
SRB,2022,balkan,62.23411451298384,52.02862492112992,mlp,10.20548959185392
SRB,2023,balkan,56.54108055950875,59.69691229025512,mlp,-3.155831730746371
SVN,2021,balkan,55.28944234885586,63.056870351372304,mlp,-7.767428002516446
SVN,2022,balkan,52.01361055413818,53.65601536267467,mlp,-1.6424048085364902
SVN,2023,balkan,58.51497681478068,65.32960215991659,mlp,-6.814625345135909
USA,2021,developed_non_eu,53.12890666594871,53.40948133270199,mlp,-0.2805746667532887
USA,2022,developed_non_eu,51.45927329757578,56.841341544448575,mlp,-5.382068246872791
USA,2023,developed_non_eu,55.75080793144752,54.30477972002773,mlp,1.4460282114197869
ARG,2022,developing,59.58550588932096,67.86879375498044,mlp,-8.283287865659489
ARG,2023,developing,61.17291950517295,72.05697980725084,mlp,-10.884060302077891
AUS,2022,developed_non_eu,72.9183160199764,78.32644113181975,mlp,-5.408125111843347
AUS,2023,developed_non_eu,76.3532548925768,80.80349839448421,mlp,-4.4502435019074085
BRA,2022,developing,53.12063753940983,50.7730083486446,mlp,2.3476291907652325
BRA,2023,developing,57.67055049418848,57.46249935355493,mlp,0.2080511406335432
CAN,2022,developed_non_eu,70.56250419059799,65.80758445854347,mlp,4.754919732054518
CAN,2023,developed_non_eu,75.48924387905342,70.31925918697114,mlp,5.169984692082281
DEU,2022,developed_eu,80.37717531090291,80.03735406031349,mlp,0.3398212505894236
DEU,2023,developed_eu,81.6275589495903,78.57285440776123,mlp,3.054704541829068
FRA,2022,developed_eu,76.46087176840479,69.63733012004911,mlp,6.823541648355672
FRA,2023,developed_eu,77.88296994408213,71.55789674850878,mlp,6.325073195573353
GBR,2022,developed_eu,82.17122959893649,81.87638690324546,mlp,0.294842695691031
GBR,2023,developed_eu,81.47626801914994,79.15078485167165,mlp,2.3254831674782963
IND,2022,developing,39.96673418509398,40.09262371721746,mlp,-0.1258895321234732
IND,2023,developing,42.72431126632684,42.47521353086336,mlp,0.2490977354634793
MKD,2022,balkan,49.94573186621599,48.918994334682125,mlp,1.0267375315338612
MKD,2023,balkan,55.39623064048007,58.4703188000334,mlp,-3.0740881595533267
SRB,2022,balkan,64.16656051210306,55.09850067295758,mlp,9.068059839145484
SRB,2023,balkan,65.43653215481218,62.45516149662974,mlp,2.981370658182442
SVN,2022,balkan,68.27310949011942,64.527254919931,mlp,3.745854570188428
SVN,2023,balkan,72.58362366902068,71.52608350931565,mlp,1.0575401597050271
USA,2022,developed_non_eu,78.64281944153662,80.79950415031638,mlp,-2.156684708779764
USA,2023,developed_non_eu,82.39412221779821,81.80385439868422,mlp,0.5902678191139898
ARG,2022,developing,59.58550588932096,67.86879375498044,mlp,-8.283287865659489
ARG,2023,developing,61.17291950517295,72.05697980725084,mlp,-10.884060302077891
AUS,2022,developed_non_eu,72.9183160199764,78.32644113181975,mlp,-5.408125111843347
AUS,2023,developed_non_eu,76.3532548925768,80.80349839448421,mlp,-4.4502435019074085
BRA,2022,developing,53.12063753940983,50.7730083486446,mlp,2.3476291907652325
BRA,2023,developing,57.67055049418848,57.46249935355493,mlp,0.2080511406335432
CAN,2022,developed_non_eu,70.56250419059799,65.80758445854347,mlp,4.754919732054518
CAN,2023,developed_non_eu,75.48924387905342,70.31925918697114,mlp,5.169984692082281
DEU,2022,developed_eu,80.37717531090291,80.03735406031349,mlp,0.3398212505894236
DEU,2023,developed_eu,81.6275589495903,78.57285440776123,mlp,3.054704541829068
FRA,2022,developed_eu,76.46087176840479,69.63733012004911,mlp,6.823541648355672
FRA,2023,developed_eu,77.88296994408213,71.55789674850878,mlp,6.325073195573353
GBR,2022,developed_eu,82.17122959893649,81.87638690324546,mlp,0.294842695691031
GBR,2023,developed_eu,81.47626801914994,79.15078485167165,mlp,2.3254831674782963
IND,2022,developing,39.96673418509398,40.09262371721746,mlp,-0.1258895321234732
IND,2023,developing,42.72431126632684,42.47521353086336,mlp,0.2490977354634793
MKD,2022,balkan,49.94573186621599,48.918994334682125,mlp,1.0267375315338612
MKD,2023,balkan,55.39623064048007,58.4703188000334,mlp,-3.0740881595533267
SRB,2022,balkan,64.16656051210306,55.09850067295758,mlp,9.068059839145484
SRB,2023,balkan,65.43653215481218,62.45516149662974,mlp,2.981370658182442
SVN,2022,balkan,68.27310949011942,64.527254919931,mlp,3.745854570188428
SVN,2023,balkan,72.58362366902068,71.52608350931565,mlp,1.0575401597050271
USA,2022,developed_non_eu,78.64281944153662,80.79950415031638,mlp,-2.156684708779764
USA,2023,developed_non_eu,82.39412221779821,81.80385439868422,mlp,0.5902678191139898
ARG,2022,developing,59.58550588932096,67.86879375498044,mlp,-8.283287865659489
ARG,2023,developing,61.17291950517295,72.05697980725084,mlp,-10.884060302077891
AUS,2022,developed_non_eu,72.9183160199764,78.32644113181975,mlp,-5.408125111843347
AUS,2023,developed_non_eu,76.3532548925768,80.80349839448421,mlp,-4.4502435019074085
BRA,2022,developing,53.12063753940983,50.7730083486446,mlp,2.3476291907652325
BRA,2023,developing,57.67055049418848,57.46249935355493,mlp,0.2080511406335432
CAN,2022,developed_non_eu,70.56250419059799,65.80758445854347,mlp,4.754919732054518
CAN,2023,developed_non_eu,75.48924387905342,70.31925918697114,mlp,5.169984692082281
DEU,2022,developed_eu,80.37717531090291,80.03735406031349,mlp,0.3398212505894236
DEU,2023,developed_eu,81.6275589495903,78.57285440776123,mlp,3.054704541829068
FRA,2022,developed_eu,76.46087176840479,69.63733012004911,mlp,6.823541648355672
FRA,2023,developed_eu,77.88296994408213,71.55789674850878,mlp,6.325073195573353
GBR,2022,developed_eu,82.17122959893649,81.87638690324546,mlp,0.294842695691031
GBR,2023,developed_eu,81.47626801914994,79.15078485167165,mlp,2.3254831674782963
IND,2022,developing,39.96673418509398,40.09262371721746,mlp,-0.1258895321234732
IND,2023,developing,42.72431126632684,42.47521353086336,mlp,0.2490977354634793
MKD,2022,balkan,49.94573186621599,48.918994334682125,mlp,1.0267375315338612
MKD,2023,balkan,55.39623064048007,58.4703188000334,mlp,-3.0740881595533267
SRB,2022,balkan,64.16656051210306,55.09850067295758,mlp,9.068059839145484
SRB,2023,balkan,65.43653215481218,62.45516149662974,mlp,2.981370658182442
SVN,2022,balkan,68.27310949011942,64.527254919931,mlp,3.745854570188428
SVN,2023,balkan,72.58362366902068,71.52608350931565,mlp,1.0575401597050271
USA,2022,developed_non_eu,78.64281944153662,80.79950415031638,mlp,-2.156684708779764
USA,2023,developed_non_eu,82.39412221779821,81.80385439868422,mlp,0.5902678191139898
ARG,2024,developing,62.465441336431816,70.57917842450624,mlp,-8.113737088074423
ARG,2025,developing,62.45465075843678,72.52684444231302,mlp,-10.072193683876243
AUS,2024,developed_non_eu,76.21484312829415,80.60642275357606,mlp,-4.391579625281906
AUS,2025,developed_non_eu,76.27138978574438,81.17641657910153,mlp,-4.905026793357152
BRA,2024,developing,59.58263491466922,51.88302086881393,mlp,7.6996140458552915
BRA,2025,developing,59.73581794190362,53.52277671960668,mlp,6.213041222296944
CAN,2024,developed_non_eu,74.7517456696037,78.14436455656332,mlp,-3.3926188869596245
CAN,2025,developed_non_eu,74.74566406118286,78.22502905359937,mlp,-3.4793649924165067
DEU,2024,developed_eu,85.27157362902287,82.97213240186137,mlp,2.299441227161495
DEU,2025,developed_eu,85.2877092606442,90.2354150197413,mlp,-4.94770575909709
FRA,2024,developed_eu,77.2451726510735,80.73003358794944,mlp,-3.4848609368759327
FRA,2025,developed_eu,77.14310865673689,80.56917641858887,mlp,-3.426067761851982
GBR,2024,developed_eu,83.15573284557671,79.76040858331403,mlp,3.395324262262676
GBR,2025,developed_eu,83.12481955637102,84.90096629541574,mlp,-1.7761467390447194
IND,2024,developing,46.46243858826833,45.80886562173095,mlp,0.6535729665373751
IND,2025,developing,52.92372246539863,48.72080540718988,mlp,4.202917058208747
MKD,2024,balkan,56.6324702287196,57.35240164422171,mlp,-0.7199314155021099
MKD,2025,balkan,56.50388890268388,58.69038377942653,mlp,-2.1864948767426498
SRB,2024,balkan,67.27723981945093,68.5540412560802,mlp,-1.2768014366292704
SRB,2025,balkan,67.45858414757662,68.14605181557506,mlp,-0.6874676679984475
SVN,2024,balkan,72.808559434611,69.28643992642662,mlp,3.5221195081843746
SVN,2025,balkan,72.86379506171971,71.43329333672176,mlp,1.4305017249979528
USA,2024,developed_non_eu,82.44705362418242,82.11628908048563,mlp,0.3307645436967874
USA,2025,developed_non_eu,82.50603199785775,83.45235900074388,mlp,-0.946327002886136
ARG,2024,developing,62.465441336431816,79.32011730369805,mlp,-16.85467596726624
ARG,2025,developing,62.45465075843678,82.33244146882737,mlp,-19.87779071039059
AUS,2024,developed_non_eu,76.21484312829415,81.7751270082004,mlp,-5.560283879906251
AUS,2025,developed_non_eu,76.27138978574438,82.33759921932474,mlp,-6.066209433580369
BRA,2024,developing,59.58263491466922,51.11190814047469,mlp,8.470726774194532
BRA,2025,developing,59.73581794190362,54.096921889055885,mlp,5.638896052847734
CAN,2024,developed_non_eu,74.7517456696037,78.12102321620283,mlp,-3.369277546599136
CAN,2025,developed_non_eu,74.74566406118286,78.21353033540845,mlp,-3.467866274225585
DEU,2024,developed_eu,85.27157362902287,86.05861119965691,mlp,-0.7870375706340411
DEU,2025,developed_eu,85.2877092606442,92.67867872782216,mlp,-7.390969467177953
FRA,2024,developed_eu,77.2451726510735,77.71344393974282,mlp,-0.4682712886693139
FRA,2025,developed_eu,77.14310865673689,78.03644085763915,mlp,-0.8933322009022646
GBR,2024,developed_eu,83.15573284557671,78.51935091308263,mlp,4.636381932494075
GBR,2025,developed_eu,83.12481955637102,82.93767420705566,mlp,0.1871453493153581
IND,2024,developing,46.46243858826833,43.35512277184876,mlp,3.1073158164195647
IND,2025,developing,47.78946252457455,45.659390790651685,mlp,2.130071733922861
MKD,2024,balkan,56.6324702287196,56.019102782392174,mlp,0.6133674463274232
MKD,2025,balkan,56.50388890268388,59.43896673003231,mlp,-2.935077827348429
SRB,2024,balkan,67.27723981945093,68.37242280405343,mlp,-1.095182984602502
SRB,2025,balkan,67.45858414757662,69.99046012369763,mlp,-2.5318759761210146
SVN,2024,balkan,72.808559434611,73.97329534361499,mlp,-1.1647359090039942
SVN,2025,balkan,72.86379506171971,76.37078648723629,mlp,-3.506991425516574
USA,2024,developed_non_eu,82.44705362418242,82.56951033127048,mlp,-0.1224567070880624
USA,2025,developed_non_eu,82.50603199785775,83.76407334418278,mlp,-1.2580413463250295
ARG,2024,developing,62.465441336431816,80.06527394715029,mlp,-17.599832610718472
ARG,2025,developing,62.45465075843678,83.02611878956158,mlp,-20.5714680311248
AUS,2024,developed_non_eu,76.21484312829415,82.70466902587717,mlp,-6.489825897583017
AUS,2025,developed_non_eu,76.27138978574438,83.25743101546314,mlp,-6.986041229718765
BRA,2024,developing,59.58263491466922,52.30736378502517,mlp,7.275271129644047
BRA,2025,developing,59.73581794190362,55.119660759084994,mlp,4.616157182818625
CAN,2024,developed_non_eu,74.7517456696037,78.24812214183972,mlp,-3.4963764722360224
CAN,2025,developed_non_eu,74.74566406118286,78.35491280042699,mlp,-3.609248739244123
DEU,2024,developed_eu,85.27157362902287,85.978728425411,mlp,-0.7071547963881386
DEU,2025,developed_eu,85.2877092606442,92.6915277349308,mlp,-7.403818474286581
FRA,2024,developed_eu,77.2451726510735,77.75726142318128,mlp,-0.5120887721077736
FRA,2025,developed_eu,77.14310865673689,78.0588447002139,mlp,-0.9157360434770112
GBR,2024,developed_eu,83.15573284557671,78.51093728894429,mlp,4.644795556632417
GBR,2025,developed_eu,83.12481955637102,82.98886571428619,mlp,0.1359538420848309
IND,2024,developing,46.46243858826833,44.39086229888027,mlp,2.071576289388055
IND,2025,developing,47.77966463357736,46.86091196969786,mlp,0.918752663879502
MKD,2024,balkan,56.6324702287196,57.54966106204587,mlp,-0.9171908333262736
MKD,2025,balkan,56.50388890268388,60.8449284385687,mlp,-4.341039535884818
SRB,2024,balkan,67.27723981945093,68.45417847449775,mlp,-1.1769386550468257
SRB,2025,balkan,67.45858414757662,69.87076610949377,mlp,-2.412181961917156
SVN,2024,balkan,72.808559434611,75.28916143324098,mlp,-2.4806019986299788
SVN,2025,balkan,72.86379506171971,77.57828966460876,mlp,-4.714494602889047
USA,2024,developed_non_eu,82.44705362418242,82.45985030667558,mlp,-0.0127966824931604
USA,2025,developed_non_eu,82.50603199785775,83.63025622442358,mlp,-1.124224226565829
ARG,2024,developing,60.177677410251626,54.50296551057576,mlp,5.67471189967587
ARG,2025,developing,60.16688683225659,56.76201405732776,mlp,3.404872774928833
AUS,2024,developed_non_eu,75.8341047076019,74.4679656385105,mlp,1.366139069091389
AUS,2025,developed_non_eu,75.83229556762969,78.75899828217321,mlp,-2.926702714543524
BRA,2024,developing,57.6351056427748,20.79604608152962,mlp,36.83905956124518
BRA,2025,developing,57.7882886700092,22.51598498769283,mlp,35.27230368231636
CAN,2024,developed_non_eu,73.5649082585455,70.23530366303892,mlp,3.3296045955065807
CAN,2025,developed_non_eu,73.55882665012467,70.4627496867241,mlp,3.096076963400577
DEU,2024,developed_eu,83.98175549484475,82.85300032082989,mlp,1.1287551740148558
DEU,2025,developed_eu,83.99789112646609,91.144287811467,mlp,-7.146396685000923
FRA,2024,developed_eu,76.00143981287722,70.57465998215802,mlp,5.426779830719198
FRA,2025,developed_eu,75.8993758185406,70.03900467808337,mlp,5.860371140457232
GBR,2024,developed_eu,82.05423857522565,79.17311089824877,mlp,2.881127676976888
GBR,2025,developed_eu,82.02332528601997,84.48579668642894,mlp,-2.4624714004089725
IND,2024,developing,44.39694336779666,15.880468577584413,mlp,28.516474790212246
IND,2025,developing,45.69894385868516,16.069354677190084,mlp,29.62958918149507
MKD,2024,balkan,53.64375464019817,30.802761848638397,mlp,22.84099279155977
MKD,2025,balkan,53.515173314162446,32.657614258798,mlp,20.857559055364447
SRB,2024,balkan,64.86715072492385,35.32039772192824,mlp,29.546753002995608
SRB,2025,balkan,65.04849505304954,34.794383987141224,mlp,30.25411106590831
SVN,2024,balkan,70.80015205567881,57.22919226181741,mlp,13.570959793861398
SVN,2025,balkan,70.85538768278754,58.9302719493347,mlp,11.925115733452834
USA,2024,developed_non_eu,81.70001786490164,95.54458815406645,mlp,-13.844570289164809
USA,2025,developed_non_eu,81.75899623857697,95.97244839690894,mlp,-14.213452158331975
ARG,2024,developing,60.177677410251626,54.50296551057576,mlp,5.67471189967587
ARG,2025,developing,60.16688683225659,56.76201405732776,mlp,3.404872774928833
AUS,2024,developed_non_eu,75.8341047076019,74.4679656385105,mlp,1.366139069091389
AUS,2025,developed_non_eu,75.83229556762969,78.75899828217321,mlp,-2.926702714543524
BRA,2024,developing,57.6351056427748,20.79604608152962,mlp,36.83905956124518
BRA,2025,developing,57.7882886700092,22.51598498769283,mlp,35.27230368231636
CAN,2024,developed_non_eu,73.5649082585455,70.23530366303892,mlp,3.3296045955065807
CAN,2025,developed_non_eu,73.55882665012467,70.4627496867241,mlp,3.096076963400577
DEU,2024,developed_eu,83.98175549484475,82.85300032082989,mlp,1.1287551740148558
DEU,2025,developed_eu,83.99789112646609,91.144287811467,mlp,-7.146396685000923
FRA,2024,developed_eu,76.00143981287722,70.57465998215802,mlp,5.426779830719198
FRA,2025,developed_eu,75.8993758185406,70.03900467808337,mlp,5.860371140457232
GBR,2024,developed_eu,82.05423857522565,79.17311089824877,mlp,2.881127676976888
GBR,2025,developed_eu,82.02332528601997,84.48579668642894,mlp,-2.4624714004089725
IND,2024,developing,44.39694336779666,15.880468577584413,mlp,28.516474790212246
IND,2025,developing,45.69894385868516,16.069354677190084,mlp,29.62958918149507
MKD,2024,balkan,53.64375464019817,30.802761848638397,mlp,22.84099279155977
MKD,2025,balkan,53.515173314162446,32.657614258798,mlp,20.857559055364447
SRB,2024,balkan,64.86715072492385,35.32039772192824,mlp,29.546753002995608
SRB,2025,balkan,65.04849505304954,34.794383987141224,mlp,30.25411106590831
SVN,2024,balkan,70.80015205567881,57.22919226181741,mlp,13.570959793861398
SVN,2025,balkan,70.85538768278754,58.9302719493347,mlp,11.925115733452834
USA,2024,developed_non_eu,81.70001786490164,95.54458815406645,mlp,-13.844570289164809
USA,2025,developed_non_eu,81.75899623857697,95.97244839690894,mlp,-14.213452158331975
ARG,2024,developing,57.68407490264685,71.99768838945641,mlp,-14.313613486809563
ARG,2025,developing,57.73678580033339,77.27014817260763,mlp,-19.533362372274247
AUS,2024,developed_non_eu,76.59253053857866,84.6788568335971,mlp,-8.086326295018438
AUS,2025,developed_non_eu,76.57587952586267,89.10425009459728,mlp,-12.5283705687346
BRA,2024,developing,57.76174644501727,33.63047793699248,mlp,24.1312685080248
BRA,2025,developing,57.93809115933529,34.95631971299774,mlp,22.981771446337557
CAN,2024,developed_non_eu,72.37781130419548,70.2387421393206,mlp,2.1390691648748685
CAN,2025,developed_non_eu,73.56927676260484,70.61650931156693,mlp,2.9527674510379143
DEU,2024,developed_eu,84.27796028215107,90.69203269443538,mlp,-6.4140724122843125
DEU,2025,developed_eu,83.82198562173569,98.40022274262168,mlp,-14.578237120885989
FRA,2024,developed_eu,76.56459471014402,73.23721229187844,mlp,3.327382418265586
FRA,2025,developed_eu,76.10358745655014,74.39582425644979,mlp,1.707763200100359
GBR,2024,developed_eu,81.01340519058135,80.09062858498646,mlp,0.9227766055948904
GBR,2025,developed_eu,81.46832805355278,85.33209675231028,mlp,-3.8637686987574966
IND,2024,developing,44.464852100027095,24.47099352326401,mlp,19.993858576763085
IND,2025,developing,45.76954506615367,24.989094830308197,mlp,20.780450235845475
MKD,2024,balkan,48.501867152541806,52.80832930950578,mlp,-4.306462156963974
MKD,2025,balkan,50.022361110973485,57.63220408152139,mlp,-7.609842970547902
SRB,2024,balkan,63.81970148973432,51.53716112178781,mlp,12.28254036794651
SRB,2025,balkan,63.90924359962085,49.1419736565937,mlp,14.767269943027152
SVN,2024,balkan,71.09846908178204,74.93458653966533,mlp,-3.83611745788329
SVN,2025,balkan,71.14234847441686,77.61232269881029,mlp,-6.469974224393425
USA,2024,developed_non_eu,81.92766654035891,96.15511769683864,mlp,-14.227451156479717
USA,2025,developed_non_eu,81.86264273981848,97.85401641177674,mlp,-15.991373671958256
ALB,2021,balkan,59.69369720688669,54.502806081922365,random_forest,5.190891124964324
ALB,2022,balkan,57.48097805832377,56.65579385589167,random_forest,0.825184202432105
ALB,2023,balkan,56.3876673506708,55.81240487142348,random_forest,0.5752624792473284
BIH,2021,balkan,45.05402025602047,48.09279325539916,random_forest,-3.0387729993786934
BIH,2022,balkan,47.60343940078401,48.80363865697037,random_forest,-1.2001992561863517
BIH,2023,balkan,45.97439233300154,48.50902464790906,random_forest,-2.534632314907519
DEU,2021,developed_eu,60.1284720291747,49.96255029357797,random_forest,10.165921735596733
DEU,2022,developed_eu,54.31931543835362,51.46512902387657,random_forest,2.854186414477049
DEU,2023,developed_eu,57.234107197645656,51.88415331798312,random_forest,5.349953879662536
FRA,2021,developed_eu,50.05826645372145,48.577714352539154,random_forest,1.4805521011822975
FRA,2022,developed_eu,47.49965121346594,46.94725857540059,random_forest,0.5523926380653492
FRA,2023,developed_eu,50.11331389470825,48.43483082218335,random_forest,1.678483072524898
GBR,2021,developed_eu,46.92817066631381,42.95422251436533,random_forest,3.97394815194847
GBR,2022,developed_eu,49.533590819838935,45.46530710402615,random_forest,4.06828371581279
GBR,2023,developed_eu,44.69736073702626,45.93944073075591,random_forest,-1.2420799937296465
JPN,2021,developed_non_eu,58.03070212255944,56.27681492311943,random_forest,1.7538871994400085
JPN,2022,developed_non_eu,62.52596055207046,56.81972598998284,random_forest,5.706234562087623
JPN,2023,developed_non_eu,57.05062960381992,57.58871376091715,random_forest,-0.5380841570972379
KOR,2021,developed_non_eu,60.06769592415233,55.08074061253968,random_forest,4.986955311612654
KOR,2022,developed_non_eu,48.69990818060255,55.04871390944922,random_forest,-6.348805728846671
KOR,2023,developed_non_eu,53.60108055027607,55.4047125455017,random_forest,-1.8036319952256363
MKD,2021,balkan,53.123453610083374,50.246099618018974,random_forest,2.8773539920644
MKD,2022,balkan,50.00391907110308,51.850630482422375,random_forest,-1.8467114113192975
MKD,2023,balkan,51.755157099716506,51.16074831107986,random_forest,0.5944087886366489
MNE,2021,balkan,44.66549052877676,45.943877563678434,random_forest,-1.2783870349016766
MNE,2022,balkan,50.21658789598536,46.01665673440938,random_forest,4.199931161575982
MNE,2023,balkan,44.97660482479327,46.9095322710938,random_forest,-1.932927446300532
SRB,2021,balkan,57.76734851440367,55.9890404483063,random_forest,1.7783080660973667
SRB,2022,balkan,62.23411451298384,54.50398479535568,random_forest,7.730129717628152
SRB,2023,balkan,56.54108055950875,55.68606503649725,random_forest,0.8550155230114953
SVN,2021,balkan,55.28944234885586,54.13568607035076,random_forest,1.1537562785050994
SVN,2022,balkan,52.01361055413818,55.83929769698234,random_forest,-3.82568714284416
SVN,2023,balkan,58.51497681478068,55.63009239956347,random_forest,2.884884415217208
USA,2021,developed_non_eu,53.12890666594871,54.057938034072805,random_forest,-0.9290313681241004
USA,2022,developed_non_eu,51.45927329757578,52.869205471734375,random_forest,-1.409932174158591
USA,2023,developed_non_eu,55.75080793144752,53.42496339529248,random_forest,2.3258445361550386
ARG,2022,developing,59.58550588932096,60.06117176916762,random_forest,-0.475665879846666
ARG,2023,developing,61.17291950517295,59.370731603876166,random_forest,1.802187901296783
AUS,2022,developed_non_eu,72.9183160199764,71.69637022443406,random_forest,1.2219457955423394
AUS,2023,developed_non_eu,76.3532548925768,70.46799040657528,random_forest,5.8852644860015175
BRA,2022,developing,53.12063753940983,51.06414395038872,random_forest,2.056493589021109
BRA,2023,developing,57.67055049418848,53.035282965252414,random_forest,4.635267528936062
CAN,2022,developed_non_eu,70.56250419059799,70.05207330311137,random_forest,0.5104308874866206
CAN,2023,developed_non_eu,75.48924387905342,71.72297300475044,random_forest,3.766270874302976
DEU,2022,developed_eu,80.37717531090291,78.25225087770782,random_forest,2.1249244331950905
DEU,2023,developed_eu,81.6275589495903,77.92037924651781,random_forest,3.707179703072484
FRA,2022,developed_eu,76.46087176840479,73.26469725111428,random_forest,3.196174517290501
FRA,2023,developed_eu,77.88296994408213,73.71839876006129,random_forest,4.164571184020844
GBR,2022,developed_eu,82.17122959893649,79.23039661403001,random_forest,2.9408329849064785
GBR,2023,developed_eu,81.47626801914994,78.34582143031653,random_forest,3.130446588833408
IND,2022,developing,39.96673418509398,36.76880509052965,random_forest,3.19792909456433
IND,2023,developing,42.72431126632684,36.30818599977864,random_forest,6.4161252665482
MKD,2022,balkan,49.94573186621599,50.89567277067542,random_forest,-0.9499409044594316
MKD,2023,balkan,55.39623064048007,52.2314964066579,random_forest,3.1647342338221733
SRB,2022,balkan,64.16656051210306,57.689540603368016,random_forest,6.477019908735045
SRB,2023,balkan,65.43653215481218,60.734730661743534,random_forest,4.7018014930686505
SVN,2022,balkan,68.27310949011942,67.09083410331979,random_forest,1.1822753867996312
SVN,2023,balkan,72.58362366902068,67.32076044253886,random_forest,5.2628632264818265
USA,2022,developed_non_eu,78.64281944153662,77.33814288264607,random_forest,1.304676558890549
USA,2023,developed_non_eu,82.39412221779821,77.13848058969366,random_forest,5.255641628104556
ARG,2022,developing,59.58550588932096,60.06117176916762,random_forest,-0.475665879846666
ARG,2023,developing,61.17291950517295,59.370731603876166,random_forest,1.802187901296783
AUS,2022,developed_non_eu,72.9183160199764,71.69637022443406,random_forest,1.2219457955423394
AUS,2023,developed_non_eu,76.3532548925768,70.46799040657528,random_forest,5.8852644860015175
BRA,2022,developing,53.12063753940983,51.06414395038872,random_forest,2.056493589021109
BRA,2023,developing,57.67055049418848,53.035282965252414,random_forest,4.635267528936062
CAN,2022,developed_non_eu,70.56250419059799,70.05207330311138,random_forest,0.5104308874866064
CAN,2023,developed_non_eu,75.48924387905342,71.72297300475043,random_forest,3.7662708743029896
DEU,2022,developed_eu,80.37717531090291,78.25225087770782,random_forest,2.1249244331950905
DEU,2023,developed_eu,81.6275589495903,77.92037924651784,random_forest,3.707179703072456
FRA,2022,developed_eu,76.46087176840479,73.26469725111428,random_forest,3.196174517290501
FRA,2023,developed_eu,77.88296994408213,73.7183987600613,random_forest,4.164571184020829
GBR,2022,developed_eu,82.17122959893649,79.23039661403001,random_forest,2.9408329849064785
GBR,2023,developed_eu,81.47626801914994,78.34582143031653,random_forest,3.130446588833408
IND,2022,developing,39.96673418509398,36.768805090529646,random_forest,3.197929094564337
IND,2023,developing,42.72431126632684,36.30818599977864,random_forest,6.4161252665482
MKD,2022,balkan,49.94573186621599,50.89567277067543,random_forest,-0.9499409044594388
MKD,2023,balkan,55.39623064048007,52.231496406657904,random_forest,3.1647342338221662
SRB,2022,balkan,64.16656051210306,57.689540603368016,random_forest,6.477019908735045
SRB,2023,balkan,65.43653215481218,60.734730661743534,random_forest,4.7018014930686505
SVN,2022,balkan,68.27310949011942,67.09083410331979,random_forest,1.1822753867996312
SVN,2023,balkan,72.58362366902068,67.32076044253886,random_forest,5.2628632264818265
USA,2022,developed_non_eu,78.64281944153662,77.33814288264607,random_forest,1.304676558890549
USA,2023,developed_non_eu,82.39412221779821,77.13848058969366,random_forest,5.255641628104556
ARG,2022,developing,59.58550588932096,60.06117176916762,random_forest,-0.475665879846666
ARG,2023,developing,61.17291950517295,59.37073160387618,random_forest,1.8021879012967688
AUS,2022,developed_non_eu,72.9183160199764,71.69637022443406,random_forest,1.2219457955423394
AUS,2023,developed_non_eu,76.3532548925768,70.46799040657528,random_forest,5.8852644860015175
BRA,2022,developing,53.12063753940983,51.06414395038872,random_forest,2.056493589021109
BRA,2023,developing,57.67055049418848,53.035282965252414,random_forest,4.635267528936062
CAN,2022,developed_non_eu,70.56250419059799,70.05207330311137,random_forest,0.5104308874866206
CAN,2023,developed_non_eu,75.48924387905342,71.72297300475044,random_forest,3.766270874302976
DEU,2022,developed_eu,80.37717531090291,78.25225087770782,random_forest,2.1249244331950905
DEU,2023,developed_eu,81.6275589495903,77.92037924651784,random_forest,3.707179703072456
FRA,2022,developed_eu,76.46087176840479,73.26469725111428,random_forest,3.196174517290501
FRA,2023,developed_eu,77.88296994408213,73.7183987600613,random_forest,4.164571184020829
GBR,2022,developed_eu,82.17122959893649,79.23039661403001,random_forest,2.9408329849064785
GBR,2023,developed_eu,81.47626801914994,78.34582143031653,random_forest,3.130446588833408
IND,2022,developing,39.96673418509398,36.76880509052965,random_forest,3.19792909456433
IND,2023,developing,42.72431126632684,36.30818599977864,random_forest,6.4161252665482
MKD,2022,balkan,49.94573186621599,50.89567277067542,random_forest,-0.9499409044594316
MKD,2023,balkan,55.39623064048007,52.231496406657904,random_forest,3.1647342338221662
SRB,2022,balkan,64.16656051210306,57.689540603368016,random_forest,6.477019908735045
SRB,2023,balkan,65.43653215481218,60.734730661743534,random_forest,4.7018014930686505
SVN,2022,balkan,68.27310949011942,67.09083410331979,random_forest,1.1822753867996312
SVN,2023,balkan,72.58362366902068,67.32076044253886,random_forest,5.2628632264818265
USA,2022,developed_non_eu,78.64281944153662,77.33814288264607,random_forest,1.304676558890549
USA,2023,developed_non_eu,82.39412221779821,77.13848058969366,random_forest,5.255641628104556
ARG,2022,developing,59.58550588932096,60.06117176916762,random_forest,-0.475665879846666
ARG,2023,developing,61.17291950517295,59.37073160387618,random_forest,1.8021879012967688
AUS,2022,developed_non_eu,72.9183160199764,71.69637022443406,random_forest,1.2219457955423394
AUS,2023,developed_non_eu,76.3532548925768,70.46799040657527,random_forest,5.885264486001532
BRA,2022,developing,53.12063753940983,51.06414395038872,random_forest,2.056493589021109
BRA,2023,developing,57.67055049418848,53.035282965252414,random_forest,4.635267528936062
CAN,2022,developed_non_eu,70.56250419059799,70.05207330311136,random_forest,0.5104308874866348
CAN,2023,developed_non_eu,75.48924387905342,71.72297300475043,random_forest,3.7662708743029896
DEU,2022,developed_eu,80.37717531090291,78.25225087770782,random_forest,2.1249244331950905
DEU,2023,developed_eu,81.6275589495903,77.92037924651785,random_forest,3.707179703072441
FRA,2022,developed_eu,76.46087176840479,73.26469725111428,random_forest,3.196174517290501
FRA,2023,developed_eu,77.88296994408213,73.71839876006132,random_forest,4.164571184020815
GBR,2022,developed_eu,82.17122959893649,79.23039661403003,random_forest,2.9408329849064643
GBR,2023,developed_eu,81.47626801914994,78.34582143031655,random_forest,3.1304465888333937
IND,2022,developing,39.96673418509398,36.76880509052965,random_forest,3.19792909456433
IND,2023,developing,42.72431126632684,36.30818599977864,random_forest,6.4161252665481925
MKD,2022,balkan,49.94573186621599,50.89567277067542,random_forest,-0.9499409044594316
MKD,2023,balkan,55.39623064048007,52.2314964066579,random_forest,3.1647342338221733
SRB,2022,balkan,64.16656051210306,57.689540603368016,random_forest,6.477019908735045
SRB,2023,balkan,65.43653215481218,60.734730661743534,random_forest,4.7018014930686505
SVN,2022,balkan,68.27310949011942,67.09083410331978,random_forest,1.1822753867996454
SVN,2023,balkan,72.58362366902068,67.32076044253884,random_forest,5.262863226481841
USA,2022,developed_non_eu,78.64281944153662,77.33814288264607,random_forest,1.304676558890549
USA,2023,developed_non_eu,82.39412221779821,77.13848058969363,random_forest,5.255641628104584
ARG,2024,developing,62.465441336431816,59.50409761351889,random_forest,2.961343722912929
ARG,2025,developing,62.45465075843678,61.79447695126945,random_forest,0.6601738071673253
AUS,2024,developed_non_eu,76.21484312829415,74.57567096300077,random_forest,1.639172165293374
AUS,2025,developed_non_eu,76.27138978574438,74.53294690827603,random_forest,1.7384428774683442
BRA,2024,developing,59.58263491466922,57.196365792783546,random_forest,2.3862691218856757
BRA,2025,developing,59.73581794190362,59.350158829785975,random_forest,0.3856591121176436
CAN,2024,developed_non_eu,74.7517456696037,75.15480005664368,random_forest,-0.4030543870399867
CAN,2025,developed_non_eu,74.74566406118286,73.92693576427895,random_forest,0.8187282969039131
DEU,2024,developed_eu,85.27157362902287,80.06536326879915,random_forest,5.2062103602237215
DEU,2025,developed_eu,85.2877092606442,79.87954066889387,random_forest,5.408168591750339
FRA,2024,developed_eu,77.2451726510735,77.00590929818945,random_forest,0.2392633528840519
FRA,2025,developed_eu,77.14310865673689,76.91392276391248,random_forest,0.2291858928244039
GBR,2024,developed_eu,83.15573284557671,79.09523914878093,random_forest,4.060493696795774
GBR,2025,developed_eu,83.12481955637102,79.53731384650456,random_forest,3.5875057098664627
IND,2024,developing,46.46243858826833,40.48904064484864,random_forest,5.973397943419684
IND,2025,developing,52.92372246539863,42.84244208095177,random_forest,10.081280384446856
MKD,2024,balkan,56.6324702287196,54.8709966394684,random_forest,1.761473589251203
MKD,2025,balkan,56.50388890268388,57.36253369126869,random_forest,-0.8586447885848045
SRB,2024,balkan,67.27723981945093,65.33507995683186,random_forest,1.9421598626190644
SRB,2025,balkan,67.45858414757662,67.24894282272795,random_forest,0.2096413248486612
SVN,2024,balkan,72.808559434611,73.03559945953047,random_forest,-0.227040024919475
SVN,2025,balkan,72.86379506171971,73.65596010772583,random_forest,-0.7921650460061187
USA,2024,developed_non_eu,82.44705362418242,79.63590360035784,random_forest,2.811150023824581
USA,2025,developed_non_eu,82.50603199785775,79.47030452573658,random_forest,3.0357274721211667
ARG,2024,developing,62.465441336431816,58.79449935196319,random_forest,3.670941984468626
ARG,2025,developing,62.45465075843678,61.47799468474971,random_forest,0.9766560736870672
AUS,2024,developed_non_eu,76.21484312829415,74.8354521045855,random_forest,1.3793910237086493
AUS,2025,developed_non_eu,76.27138978574438,74.69780584043953,random_forest,1.573583945304847
BRA,2024,developing,59.58263491466922,56.96846365174104,random_forest,2.614171262928181
BRA,2025,developing,59.73581794190362,58.69947492541353,random_forest,1.0363430164900862
CAN,2024,developed_non_eu,74.7517456696037,75.16590254393238,random_forest,-0.4141568743286825
CAN,2025,developed_non_eu,74.74566406118286,74.20286682932769,random_forest,0.5427972318551753
DEU,2024,developed_eu,85.27157362902287,80.29355520010563,random_forest,4.978018428917238
DEU,2025,developed_eu,85.2877092606442,80.146752915806,random_forest,5.140956344838202
FRA,2024,developed_eu,77.2451726510735,76.8970493374093,random_forest,0.3481233136642032
FRA,2025,developed_eu,77.14310865673689,76.68078110859541,random_forest,0.4623275481414737
GBR,2024,developed_eu,83.15573284557671,77.9211023506708,random_forest,5.234630494905915
GBR,2025,developed_eu,83.12481955637102,78.2583500739411,random_forest,4.86646948242992
IND,2024,developing,46.46243858826833,39.89054681309098,random_forest,6.571891775177349
IND,2025,developing,47.78946252457455,42.7374272705371,random_forest,5.052035254037449
MKD,2024,balkan,56.6324702287196,56.282646093980205,random_forest,0.3498241347393929
MKD,2025,balkan,56.50388890268388,59.47203033851369,random_forest,-2.968141435829807
SRB,2024,balkan,67.27723981945093,64.88120942036481,random_forest,2.396030399086115
SRB,2025,balkan,67.45858414757662,66.39295830592259,random_forest,1.0656258416540254
SVN,2024,balkan,72.808559434611,72.10538563208567,random_forest,0.7031738025253276
SVN,2025,balkan,72.86379506171971,72.49932939083038,random_forest,0.3644656708893308
USA,2024,developed_non_eu,82.44705362418242,79.1784869541113,random_forest,3.2685666700711096
USA,2025,developed_non_eu,82.50603199785775,79.22739569624318,random_forest,3.2786363016145685
ARG,2024,developing,62.465441336431816,59.36496856039156,random_forest,3.100472776040256
ARG,2025,developing,62.45465075843678,61.68267754502837,random_forest,0.7719732134084083
AUS,2024,developed_non_eu,76.21484312829415,75.11585470356093,random_forest,1.0989884247332211
AUS,2025,developed_non_eu,76.27138978574438,75.00411246746539,random_forest,1.2672773182789854
BRA,2024,developing,59.58263491466922,58.02983496771112,random_forest,1.5527999469581033
BRA,2025,developing,59.73581794190362,59.72106655994608,random_forest,0.0147513819575451
CAN,2024,developed_non_eu,74.7517456696037,74.84576126619972,random_forest,-0.0940155965960229
CAN,2025,developed_non_eu,74.74566406118286,74.0456607669551,random_forest,0.7000032942277699
DEU,2024,developed_eu,85.27157362902287,80.26677455580909,random_forest,5.004799073213775
DEU,2025,developed_eu,85.2877092606442,79.82980813844428,random_forest,5.457901122199928
FRA,2024,developed_eu,77.2451726510735,76.62823594703269,random_forest,0.6169367040408105
FRA,2025,developed_eu,77.14310865673689,76.49532556580475,random_forest,0.6477830909321369
GBR,2024,developed_eu,83.15573284557671,77.63905841185463,random_forest,5.5166744337220734
GBR,2025,developed_eu,83.12481955637102,77.86027934558606,random_forest,5.264540210784958
IND,2024,developing,46.46243858826833,39.975003674957925,random_forest,6.487434913310402
IND,2025,developing,47.77966463357736,43.099913794169446,random_forest,4.679750839407916
MKD,2024,balkan,56.6324702287196,55.51333509716971,random_forest,1.1191351315498892
MKD,2025,balkan,56.50388890268388,59.20214631425743,random_forest,-2.6982574115735503
SRB,2024,balkan,67.27723981945093,65.06512661395408,random_forest,2.2121132054968484
SRB,2025,balkan,67.45858414757662,66.2401507931619,random_forest,1.2184333544147137
SVN,2024,balkan,72.808559434611,72.63925876545179,random_forest,0.1693006691592131
SVN,2025,balkan,72.86379506171971,72.80821764447691,random_forest,0.0555774172428016
USA,2024,developed_non_eu,82.44705362418242,79.04423408294795,random_forest,3.4028195412344644
USA,2025,developed_non_eu,82.50603199785775,79.16732006391703,random_forest,3.338711933940715
ARG,2024,developing,60.177677410251626,55.93001073415843,random_forest,4.247666676093196
ARG,2025,developing,60.16688683225659,58.05632365514719,random_forest,2.1105631771093982
AUS,2024,developed_non_eu,75.8341047076019,72.95082074789256,random_forest,2.883283959709331
AUS,2025,developed_non_eu,75.83229556762969,74.00733519901601,random_forest,1.8249603686136735
BRA,2024,developing,57.6351056427748,52.457040338645335,random_forest,5.178065304129461
BRA,2025,developing,57.7882886700092,53.92857874364128,random_forest,3.85970992636792
CAN,2024,developed_non_eu,73.5649082585455,71.85220245279689,random_forest,1.7127058057486124
CAN,2025,developed_non_eu,73.55882665012467,71.42916472434129,random_forest,2.129661925783381
DEU,2024,developed_eu,83.98175549484475,78.86765556050834,random_forest,5.114099934336409
DEU,2025,developed_eu,83.99789112646609,79.4107984484808,random_forest,4.587092677985282
FRA,2024,developed_eu,76.00143981287722,74.28208897724602,random_forest,1.7193508356312035
FRA,2025,developed_eu,75.8993758185406,73.39207486731505,random_forest,2.5073009512255595
GBR,2024,developed_eu,82.05423857522565,79.5767844488135,random_forest,2.4774541264121552
GBR,2025,developed_eu,82.02332528601997,79.6348028833047,random_forest,2.3885224027152674
IND,2024,developing,44.39694336779666,36.91435906106885,random_forest,7.482584306727809
IND,2025,developing,45.69894385868516,40.09939897391903,random_forest,5.599544884766125
MKD,2024,balkan,53.64375464019817,53.43930363719775,random_forest,0.2044510030004218
MKD,2025,balkan,53.515173314162446,55.843660125151565,random_forest,-2.3284868109891192
SRB,2024,balkan,64.86715072492385,61.417340448657285,random_forest,3.449810276266561
SRB,2025,balkan,65.04849505304954,63.00642293330089,random_forest,2.0420721197486458
SVN,2024,balkan,70.80015205567881,71.1436421711197,random_forest,-0.3434901154408862
SVN,2025,balkan,70.85538768278754,71.09743229320897,random_forest,-0.2420446104214306
USA,2024,developed_non_eu,81.70001786490164,78.86892663420664,random_forest,2.8310912306949945
USA,2025,developed_non_eu,81.75899623857697,79.027242281391,random_forest,2.7317539571859726
ARG,2024,developing,60.177677410251626,55.93001073415843,random_forest,4.247666676093196
ARG,2025,developing,60.16688683225659,58.05632365514719,random_forest,2.1105631771093982
AUS,2024,developed_non_eu,75.8341047076019,72.95082074789256,random_forest,2.883283959709331
AUS,2025,developed_non_eu,75.83229556762969,74.00733519901601,random_forest,1.8249603686136735
BRA,2024,developing,57.6351056427748,52.457040338645335,random_forest,5.178065304129461
BRA,2025,developing,57.7882886700092,53.92857874364128,random_forest,3.85970992636792
CAN,2024,developed_non_eu,73.5649082585455,71.85220245279689,random_forest,1.7127058057486124
CAN,2025,developed_non_eu,73.55882665012467,71.42916472434129,random_forest,2.129661925783381
DEU,2024,developed_eu,83.98175549484475,78.86765556050834,random_forest,5.114099934336409
DEU,2025,developed_eu,83.99789112646609,79.4107984484808,random_forest,4.587092677985282
FRA,2024,developed_eu,76.00143981287722,74.28208897724602,random_forest,1.7193508356312035
FRA,2025,developed_eu,75.8993758185406,73.39207486731505,random_forest,2.5073009512255595
GBR,2024,developed_eu,82.05423857522565,79.5767844488135,random_forest,2.4774541264121552
GBR,2025,developed_eu,82.02332528601997,79.6348028833047,random_forest,2.3885224027152674
IND,2024,developing,44.39694336779666,36.91435906106885,random_forest,7.482584306727809
IND,2025,developing,45.69894385868516,40.09939897391903,random_forest,5.599544884766125
MKD,2024,balkan,53.64375464019817,53.43930363719775,random_forest,0.2044510030004218
MKD,2025,balkan,53.515173314162446,55.843660125151565,random_forest,-2.3284868109891192
SRB,2024,balkan,64.86715072492385,61.417340448657285,random_forest,3.449810276266561
SRB,2025,balkan,65.04849505304954,63.00642293330089,random_forest,2.0420721197486458
SVN,2024,balkan,70.80015205567881,71.1436421711197,random_forest,-0.3434901154408862
SVN,2025,balkan,70.85538768278754,71.09743229320897,random_forest,-0.2420446104214306
USA,2024,developed_non_eu,81.70001786490164,78.86892663420664,random_forest,2.8310912306949945
USA,2025,developed_non_eu,81.75899623857697,79.027242281391,random_forest,2.7317539571859726
ARG,2024,developing,57.68407490264685,55.23396539231232,random_forest,2.450109510334528
ARG,2025,developing,57.73678580033339,57.40514285868207,random_forest,0.3316429416513173
AUS,2024,developed_non_eu,76.59253053857866,73.96604034144447,random_forest,2.6264901971341885
AUS,2025,developed_non_eu,76.57587952586267,74.60518267438077,random_forest,1.970696851481904
BRA,2024,developing,57.76174644501727,54.48867176442906,random_forest,3.273074680588209
BRA,2025,developing,57.93809115933529,55.95900028482713,random_forest,1.9790908745081663
CAN,2024,developed_non_eu,72.37781130419548,71.7713838472707,random_forest,0.6064274569247772
CAN,2025,developed_non_eu,73.56927676260484,71.59564367412796,random_forest,1.973633088476888
DEU,2024,developed_eu,84.27796028215107,78.43003004558915,random_forest,5.847930236561922
DEU,2025,developed_eu,83.82198562173569,78.83334207188771,random_forest,4.988643549847978
FRA,2024,developed_eu,76.56459471014402,74.55194730891876,random_forest,2.0126474012252658
FRA,2025,developed_eu,76.10358745655014,74.55162989980516,random_forest,1.5519575567449806
GBR,2024,developed_eu,81.01340519058135,78.7629402820018,random_forest,2.250464908579559
GBR,2025,developed_eu,81.46832805355278,78.69374674434957,random_forest,2.7745813092032137
IND,2024,developing,44.464852100027095,39.19409177465888,random_forest,5.270760325368215
IND,2025,developing,45.76954506615367,43.65106633344717,random_forest,2.1184787327065
MKD,2024,balkan,48.501867152541806,48.45581952993994,random_forest,0.0460476226018684
MKD,2025,balkan,50.022361110973485,51.25261573082003,random_forest,-1.2302546198465478
SRB,2024,balkan,63.81970148973432,60.9566099694991,random_forest,2.8630915202352227
SRB,2025,balkan,63.90924359962085,62.29191803211891,random_forest,1.6173255675019431
SVN,2024,balkan,71.09846908178204,70.77845998427533,random_forest,0.3200090975067127
SVN,2025,balkan,71.14234847441686,70.18769737104189,random_forest,0.9546511033749708
USA,2024,developed_non_eu,81.92766654035891,79.68241549726145,random_forest,2.2452510430974684
USA,2025,developed_non_eu,81.86264273981848,79.70285058421388,random_forest,2.159792155604606
ALB,2021,balkan,59.69369720688669,52.15475022817885,ridge,7.538946978707841
ALB,2022,balkan,57.48097805832377,59.15277836109004,ridge,-1.6718003027662718
ALB,2023,balkan,56.3876673506708,54.92976829381461,ridge,1.4578990568561991
BIH,2021,balkan,45.05402025602047,49.678146447263565,ridge,-4.6241261912431
BIH,2022,balkan,47.60343940078401,47.40030804715087,ridge,0.2031313536331396
BIH,2023,balkan,45.97439233300154,44.88909400194319,ridge,1.085298331058354
DEU,2021,developed_eu,60.1284720291747,49.51883029137488,ridge,10.60964173779982
DEU,2022,developed_eu,54.31931543835362,51.973802569108486,ridge,2.345512869245134
DEU,2023,developed_eu,57.234107197645656,52.70681558015232,ridge,4.527291617493333
FRA,2021,developed_eu,50.05826645372145,47.38058777044078,ridge,2.677678683280668
FRA,2022,developed_eu,47.49965121346594,46.10277984990882,ridge,1.3968713635571175
FRA,2023,developed_eu,50.11331389470825,43.81492597321423,ridge,6.298387921494019
GBR,2021,developed_eu,46.92817066631381,39.0153857898589,ridge,7.912784876454907
GBR,2022,developed_eu,49.533590819838935,40.0602422412464,ridge,9.473348578592535
GBR,2023,developed_eu,44.69736073702626,43.32654452907672,ridge,1.370816207949538
JPN,2021,developed_non_eu,58.03070212255944,53.54978609744438,ridge,4.480916025115057
JPN,2022,developed_non_eu,62.52596055207046,58.04056660932967,ridge,4.485393942740785
JPN,2023,developed_non_eu,57.05062960381992,58.479980024891866,ridge,-1.429350421071952
KOR,2021,developed_non_eu,60.06769592415233,54.18481487470304,ridge,5.882881049449296
KOR,2022,developed_non_eu,48.69990818060255,54.66553499455901,ridge,-5.965626813956462
KOR,2023,developed_non_eu,53.60108055027607,55.12436323138802,ridge,-1.5232826811119509
MKD,2021,balkan,53.123453610083374,50.27281286903178,ridge,2.850640741051592
MKD,2022,balkan,50.00391907110308,49.38833963618559,ridge,0.6155794349174855
MKD,2023,balkan,51.755157099716506,49.38394262304424,ridge,2.3712144766722645
MNE,2021,balkan,44.66549052877676,46.89093340694095,ridge,-2.225442878164195
MNE,2022,balkan,50.21658789598536,43.84536396646944,ridge,6.371223929515921
MNE,2023,balkan,44.97660482479327,44.471213134911466,ridge,0.5053916898818045
SRB,2021,balkan,57.76734851440367,56.025367874227946,ridge,1.7419806401757183
SRB,2022,balkan,62.23411451298384,53.4218545353209,ridge,8.812259977662933
SRB,2023,balkan,56.54108055950875,54.51878752748973,ridge,2.0222930320190216
SVN,2021,balkan,55.28944234885586,53.72844282368007,ridge,1.560999525175788
SVN,2022,balkan,52.01361055413818,54.75937610112741,ridge,-2.745765546989226
SVN,2023,balkan,58.51497681478068,54.96271409184968,ridge,3.552262722930997
USA,2021,developed_non_eu,53.12890666594871,53.60121370384237,ridge,-0.472307037893664
USA,2022,developed_non_eu,51.45927329757578,52.6187278593176,ridge,-1.1594545617418106
USA,2023,developed_non_eu,55.75080793144752,53.117926715208,ridge,2.632881216239518
ARG,2022,developing,59.58550588932096,60.00967840130645,ridge,-0.4241725119854962
ARG,2023,developing,61.17291950517295,59.06446856904769,ridge,2.1084509361252586
AUS,2022,developed_non_eu,72.9183160199764,73.23278860287039,ridge,-0.314472582893984
AUS,2023,developed_non_eu,76.3532548925768,72.8391547536699,ridge,3.514100138906897
BRA,2022,developing,53.12063753940983,53.70797212086308,ridge,-0.5873345814532485
BRA,2023,developing,57.67055049418848,54.78776533098357,ridge,2.8827851632049075
CAN,2022,developed_non_eu,70.56250419059799,71.90642608299359,ridge,-1.3439218923955991
CAN,2023,developed_non_eu,75.48924387905342,71.70275413310927,ridge,3.786489745944152
DEU,2022,developed_eu,80.37717531090291,80.2801499707125,ridge,0.097025340190413
DEU,2023,developed_eu,81.6275589495903,80.60442310517084,ridge,1.023135844419457
FRA,2022,developed_eu,76.46087176840479,75.97385193426649,ridge,0.4870198341382945
FRA,2023,developed_eu,77.88296994408213,76.24186801587445,ridge,1.6411019282076893
GBR,2022,developed_eu,82.17122959893649,85.47488784199379,ridge,-3.303658243057299
GBR,2023,developed_eu,81.47626801914994,83.41446077846908,ridge,-1.9381927593191364
IND,2022,developing,39.96673418509398,41.75894592815119,ridge,-1.7922117430572015
IND,2023,developing,42.72431126632684,42.80855645762398,ridge,-0.0842451912971427
MKD,2022,balkan,49.94573186621599,51.50672382931312,ridge,-1.5609919630971376
MKD,2023,balkan,55.39623064048007,50.66496984242322,ridge,4.731260798056852
SRB,2022,balkan,64.16656051210306,59.16246902177273,ridge,5.004091490330332
SRB,2023,balkan,65.43653215481218,62.269009329230094,ridge,3.1675228255820898
SVN,2022,balkan,68.27310949011942,68.27215395737778,ridge,0.0009555327416421
SVN,2023,balkan,72.58362366902068,68.05693714009624,ridge,4.526686528924444
USA,2022,developed_non_eu,78.64281944153662,81.50584621079528,ridge,-2.863026769258667
USA,2023,developed_non_eu,82.39412221779821,82.06713730555742,ridge,0.326984912240789
ARG,2022,developing,59.58550588932096,60.00967840130645,ridge,-0.4241725119854962
ARG,2023,developing,61.17291950517295,59.06446856904769,ridge,2.1084509361252586
AUS,2022,developed_non_eu,72.9183160199764,73.23278860287039,ridge,-0.314472582893984
AUS,2023,developed_non_eu,76.3532548925768,72.8391547536699,ridge,3.514100138906897
BRA,2022,developing,53.12063753940983,53.70797212086308,ridge,-0.5873345814532485
BRA,2023,developing,57.67055049418848,54.78776533098357,ridge,2.8827851632049075
CAN,2022,developed_non_eu,70.56250419059799,71.90642608299359,ridge,-1.3439218923955991
CAN,2023,developed_non_eu,75.48924387905342,71.70275413310927,ridge,3.786489745944152
DEU,2022,developed_eu,80.37717531090291,80.2801499707125,ridge,0.097025340190413
DEU,2023,developed_eu,81.6275589495903,80.60442310517084,ridge,1.023135844419457
FRA,2022,developed_eu,76.46087176840479,75.97385193426649,ridge,0.4870198341382945
FRA,2023,developed_eu,77.88296994408213,76.24186801587445,ridge,1.6411019282076893
GBR,2022,developed_eu,82.17122959893649,85.47488784199379,ridge,-3.303658243057299
GBR,2023,developed_eu,81.47626801914994,83.41446077846908,ridge,-1.9381927593191364
IND,2022,developing,39.96673418509398,41.75894592815119,ridge,-1.7922117430572015
IND,2023,developing,42.72431126632684,42.80855645762398,ridge,-0.0842451912971427
MKD,2022,balkan,49.94573186621599,51.50672382931312,ridge,-1.5609919630971376
MKD,2023,balkan,55.39623064048007,50.66496984242322,ridge,4.731260798056852
SRB,2022,balkan,64.16656051210306,59.16246902177273,ridge,5.004091490330332
SRB,2023,balkan,65.43653215481218,62.269009329230094,ridge,3.1675228255820898
SVN,2022,balkan,68.27310949011942,68.27215395737778,ridge,0.0009555327416421
SVN,2023,balkan,72.58362366902068,68.05693714009624,ridge,4.526686528924444
USA,2022,developed_non_eu,78.64281944153662,81.50584621079528,ridge,-2.863026769258667
USA,2023,developed_non_eu,82.39412221779821,82.06713730555742,ridge,0.326984912240789
ARG,2022,developing,59.58550588932096,60.00967840130645,ridge,-0.4241725119854962
ARG,2023,developing,61.17291950517295,59.06446856904769,ridge,2.1084509361252586
AUS,2022,developed_non_eu,72.9183160199764,73.23278860287039,ridge,-0.314472582893984
AUS,2023,developed_non_eu,76.3532548925768,72.8391547536699,ridge,3.514100138906897
BRA,2022,developing,53.12063753940983,53.70797212086308,ridge,-0.5873345814532485
BRA,2023,developing,57.67055049418848,54.78776533098357,ridge,2.8827851632049075
CAN,2022,developed_non_eu,70.56250419059799,71.90642608299359,ridge,-1.3439218923955991
CAN,2023,developed_non_eu,75.48924387905342,71.70275413310927,ridge,3.786489745944152
DEU,2022,developed_eu,80.37717531090291,80.2801499707125,ridge,0.097025340190413
DEU,2023,developed_eu,81.6275589495903,80.60442310517084,ridge,1.023135844419457
FRA,2022,developed_eu,76.46087176840479,75.97385193426649,ridge,0.4870198341382945
FRA,2023,developed_eu,77.88296994408213,76.24186801587445,ridge,1.6411019282076893
GBR,2022,developed_eu,82.17122959893649,85.47488784199379,ridge,-3.303658243057299
GBR,2023,developed_eu,81.47626801914994,83.41446077846908,ridge,-1.9381927593191364
IND,2022,developing,39.96673418509398,41.75894592815119,ridge,-1.7922117430572015
IND,2023,developing,42.72431126632684,42.80855645762398,ridge,-0.0842451912971427
MKD,2022,balkan,49.94573186621599,51.50672382931312,ridge,-1.5609919630971376
MKD,2023,balkan,55.39623064048007,50.66496984242322,ridge,4.731260798056852
SRB,2022,balkan,64.16656051210306,59.16246902177273,ridge,5.004091490330332
SRB,2023,balkan,65.43653215481218,62.269009329230094,ridge,3.1675228255820898
SVN,2022,balkan,68.27310949011942,68.27215395737778,ridge,0.0009555327416421
SVN,2023,balkan,72.58362366902068,68.05693714009624,ridge,4.526686528924444
USA,2022,developed_non_eu,78.64281944153662,81.50584621079528,ridge,-2.863026769258667
USA,2023,developed_non_eu,82.39412221779821,82.06713730555742,ridge,0.326984912240789
ARG,2024,developing,62.465441336431816,60.37068791401556,ridge,2.094753422416261
ARG,2025,developing,62.45465075843678,61.46155699493554,ridge,0.9930937635012356
AUS,2024,developed_non_eu,76.21484312829415,74.91318487994423,ridge,1.3016582483499235
AUS,2025,developed_non_eu,76.27138978574438,74.88044269432586,ridge,1.3909470914185107
BRA,2024,developing,59.58263491466922,57.28476082722396,ridge,2.297874087445265
BRA,2025,developing,59.73581794190362,58.72451058784947,ridge,1.0113073540541464
CAN,2024,developed_non_eu,74.7517456696037,74.87782967335778,ridge,-0.1260840037540873
CAN,2025,developed_non_eu,74.74566406118286,74.80555049218049,ridge,-0.0598864309976221
DEU,2024,developed_eu,85.27157362902287,82.5945311286342,ridge,2.6770425003886658
DEU,2025,developed_eu,85.2877092606442,86.54712302491919,ridge,-1.2594137642749814
FRA,2024,developed_eu,77.2451726510735,78.22277456152761,ridge,-0.977601910454112
FRA,2025,developed_eu,77.14310865673689,78.16083826975967,ridge,-1.0177296130227802
GBR,2024,developed_eu,83.15573284557671,84.5252311371944,ridge,-1.3694982916176883
GBR,2025,developed_eu,83.12481955637102,86.30241852381701,ridge,-3.177598967445988
IND,2024,developing,46.46243858826833,44.47875554399824,ridge,1.9836830442700872
IND,2025,developing,52.92372246539863,47.01063002556605,ridge,5.913092439832575
MKD,2024,balkan,56.6324702287196,54.52471875738695,ridge,2.107751471332648
MKD,2025,balkan,56.50388890268388,56.003586397942136,ridge,0.5003025047417466
SRB,2024,balkan,67.27723981945093,64.1634259008693,ridge,3.113813918581627
SRB,2025,balkan,67.45858414757662,65.73281814442944,ridge,1.7257660031471715
SVN,2024,balkan,72.808559434611,70.37917065819352,ridge,2.429388776417482
SVN,2025,balkan,72.86379506171971,71.33318288550487,ridge,1.530612176214845
USA,2024,developed_non_eu,82.44705362418242,83.18527140547448,ridge,-0.7382177812920645
USA,2025,developed_non_eu,82.50603199785775,83.6555562216723,ridge,-1.1495242238145522
ARG,2024,developing,62.465441336431816,61.325288866518015,ridge,1.1401524699138008
ARG,2025,developing,62.45465075843678,62.2205150756477,ridge,0.2341356827890734
AUS,2024,developed_non_eu,76.21484312829415,73.25911425963994,ridge,2.955728868654205
AUS,2025,developed_non_eu,76.27138978574438,72.96938693575433,ridge,3.3020028499900462
BRA,2024,developing,59.58263491466922,58.2893567066043,ridge,1.293278208064919
BRA,2025,developing,59.73581794190362,59.34219171692091,ridge,0.3936262249827109
CAN,2024,developed_non_eu,74.7517456696037,73.91755626081508,ridge,0.8341894087886175
CAN,2025,developed_non_eu,74.74566406118286,73.9755904626013,ridge,0.7700735985815612
DEU,2024,developed_eu,85.27157362902287,83.44878859147937,ridge,1.8227850375434969
DEU,2025,developed_eu,85.2877092606442,87.37428993442913,ridge,-2.086580673784922
FRA,2024,developed_eu,77.2451726510735,79.07112313967029,ridge,-1.8259504885967883
FRA,2025,developed_eu,77.14310865673689,79.08541047305519,ridge,-1.942301816318306
GBR,2024,developed_eu,83.15573284557671,84.99946298943047,ridge,-1.8437301438537617
GBR,2025,developed_eu,83.12481955637102,86.5228329019417,ridge,-3.398013345570675
IND,2024,developing,46.46243858826833,44.56800126061711,ridge,1.894437327651218
IND,2025,developing,47.78946252457455,46.160443364643854,ridge,1.6290191599306922
MKD,2024,balkan,56.6324702287196,55.510708007103446,ridge,1.1217622216161516
MKD,2025,balkan,56.50388890268388,57.03743010134757,ridge,-0.5335411986636913
SRB,2024,balkan,67.27723981945093,65.49764265285643,ridge,1.779597166594499
SRB,2025,balkan,67.45858414757662,66.67140964381869,ridge,0.7871745037579245
SVN,2024,balkan,72.808559434611,70.08241032100295,ridge,2.726149113608045
SVN,2025,balkan,72.86379506171971,71.44821446544469,ridge,1.4155805962750208
USA,2024,developed_non_eu,82.44705362418242,81.98416721598986,ridge,0.4628864081925599
USA,2025,developed_non_eu,82.50603199785775,82.46416265693884,ridge,0.0418693409189074
ARG,2024,developing,62.465441336431816,61.34916935431113,ridge,1.1162719821206863
ARG,2025,developing,62.45465075843678,62.26210304498862,ridge,0.1925477134481568
AUS,2024,developed_non_eu,76.21484312829415,73.29153445309655,ridge,2.923308675197603
AUS,2025,developed_non_eu,76.27138978574438,73.00918684426856,ridge,3.26220294147582
BRA,2024,developing,59.58263491466922,58.29433883861728,ridge,1.2882960760519424
BRA,2025,developing,59.73581794190362,59.35881692067973,ridge,0.3770010212238901
CAN,2024,developed_non_eu,74.7517456696037,74.03352745893179,ridge,0.7182182106719068
CAN,2025,developed_non_eu,74.74566406118286,74.09462687691018,ridge,0.6510371842726812
DEU,2024,developed_eu,85.27157362902287,83.4639873933125,ridge,1.8075862357103745
DEU,2025,developed_eu,85.2877092606442,87.39498033599307,ridge,-2.107271075348862
FRA,2024,developed_eu,77.2451726510735,79.0984729008145,ridge,-1.8533002497409967
FRA,2025,developed_eu,77.14310865673689,79.11415246207017,ridge,-1.9710438053332808
GBR,2024,developed_eu,83.15573284557671,85.08574741125761,ridge,-1.9300145656809065
GBR,2025,developed_eu,83.12481955637102,86.62374222496075,ridge,-3.498922668589728
IND,2024,developing,46.46243858826833,44.60209436613486,ridge,1.8603442221334705
IND,2025,developing,47.77966463357736,46.20897570269331,ridge,1.570688930884053
MKD,2024,balkan,56.6324702287196,55.5517919411208,ridge,1.0806782875988006
MKD,2025,balkan,56.50388890268388,57.08195971552828,ridge,-0.5780708128443948
SRB,2024,balkan,67.27723981945093,65.52978453539151,ridge,1.7474552840594129
SRB,2025,balkan,67.45858414757662,66.72043257480402,ridge,0.738151572772594
SVN,2024,balkan,72.808559434611,70.04166030154408,ridge,2.7668991330669144
SVN,2025,balkan,72.86379506171971,71.4128241961085,ridge,1.450970865611211
USA,2024,developed_non_eu,82.44705362418242,81.87736179498611,ridge,0.5696918291963016
USA,2025,developed_non_eu,82.50603199785775,82.35859850999114,ridge,0.147433487866607
ARG,2024,developing,60.177677410251626,58.59968934852365,ridge,1.5779880617279716
ARG,2025,developing,60.16688683225659,60.00644316418801,ridge,0.1604436680685736
AUS,2024,developed_non_eu,75.8341047076019,70.11975976270423,ridge,5.714344944897661
AUS,2025,developed_non_eu,75.83229556762969,71.39103444336288,ridge,4.441261124266802
BRA,2024,developing,57.6351056427748,55.27341460543046,ridge,2.361691037344336
BRA,2025,developing,57.7882886700092,56.82153321032163,ridge,0.9667554596875618
CAN,2024,developed_non_eu,73.5649082585455,70.38804959380624,ridge,3.1768586647392567
CAN,2025,developed_non_eu,73.55882665012467,70.32529644319668,ridge,3.2335302069279948
DEU,2024,developed_eu,83.98175549484475,80.37003975775583,ridge,3.6117157370889146
DEU,2025,developed_eu,83.99789112646609,84.09839638496248,ridge,-0.1005052584963976
FRA,2024,developed_eu,76.00143981287722,76.06047269085867,ridge,-0.0590328779814512
FRA,2025,developed_eu,75.8993758185406,76.18077385516636,ridge,-0.2813980366257596
GBR,2024,developed_eu,82.05423857522565,82.50256853935156,ridge,-0.4483299641259037
GBR,2025,developed_eu,82.02332528601997,84.08957496609403,ridge,-2.066249680074065
IND,2024,developing,44.39694336779666,41.22094450210942,ridge,3.175998865687241
IND,2025,developing,45.69894385868516,43.422887876140415,ridge,2.27605598254474
MKD,2024,balkan,53.64375464019817,51.01928063289077,ridge,2.6244740073073984
MKD,2025,balkan,53.515173314162446,52.86303375937659,ridge,0.6521395547858546
SRB,2024,balkan,64.86715072492385,62.27170352809193,ridge,2.5954471968319126
SRB,2025,balkan,65.04849505304954,63.93131736651659,ridge,1.1171776865329477
SVN,2024,balkan,70.80015205567881,65.99633963853309,ridge,4.803812417145721
SVN,2025,balkan,70.85538768278754,67.38442339969751,ridge,3.4709642830900265
USA,2024,developed_non_eu,81.70001786490164,79.24480043773144,ridge,2.455217427170197
USA,2025,developed_non_eu,81.75899623857697,79.8947301904968,ridge,1.864266048080168
ARG,2024,developing,60.177677410251626,58.59968934852365,ridge,1.5779880617279716
ARG,2025,developing,60.16688683225659,60.00644316418801,ridge,0.1604436680685736
AUS,2024,developed_non_eu,75.8341047076019,70.11975976270423,ridge,5.714344944897661
AUS,2025,developed_non_eu,75.83229556762969,71.39103444336288,ridge,4.441261124266802
BRA,2024,developing,57.6351056427748,55.27341460543046,ridge,2.361691037344336
BRA,2025,developing,57.7882886700092,56.82153321032163,ridge,0.9667554596875618
CAN,2024,developed_non_eu,73.5649082585455,70.38804959380624,ridge,3.1768586647392567
CAN,2025,developed_non_eu,73.55882665012467,70.32529644319668,ridge,3.2335302069279948
DEU,2024,developed_eu,83.98175549484475,80.37003975775583,ridge,3.6117157370889146
DEU,2025,developed_eu,83.99789112646609,84.09839638496248,ridge,-0.1005052584963976
FRA,2024,developed_eu,76.00143981287722,76.06047269085867,ridge,-0.0590328779814512
FRA,2025,developed_eu,75.8993758185406,76.18077385516636,ridge,-0.2813980366257596
GBR,2024,developed_eu,82.05423857522565,82.50256853935156,ridge,-0.4483299641259037
GBR,2025,developed_eu,82.02332528601997,84.08957496609403,ridge,-2.066249680074065
IND,2024,developing,44.39694336779666,41.22094450210942,ridge,3.175998865687241
IND,2025,developing,45.69894385868516,43.422887876140415,ridge,2.27605598254474
MKD,2024,balkan,53.64375464019817,51.01928063289077,ridge,2.6244740073073984
MKD,2025,balkan,53.515173314162446,52.86303375937659,ridge,0.6521395547858546
SRB,2024,balkan,64.86715072492385,62.27170352809193,ridge,2.5954471968319126
SRB,2025,balkan,65.04849505304954,63.93131736651659,ridge,1.1171776865329477
SVN,2024,balkan,70.80015205567881,65.99633963853309,ridge,4.803812417145721
SVN,2025,balkan,70.85538768278754,67.38442339969751,ridge,3.4709642830900265
USA,2024,developed_non_eu,81.70001786490164,79.24480043773144,ridge,2.455217427170197
USA,2025,developed_non_eu,81.75899623857697,79.8947301904968,ridge,1.864266048080168
ARG,2024,developing,57.68407490264685,55.88448429984363,ridge,1.799590602803221
ARG,2025,developing,57.73678580033339,56.359414001959365,ridge,1.3773717983740212
AUS,2024,developed_non_eu,76.59253053857866,72.74336546259929,ridge,3.8491650759793714
AUS,2025,developed_non_eu,76.57587952586267,74.3058708181477,ridge,2.270008707714979
BRA,2024,developing,57.76174644501727,56.4036226148279,ridge,1.3581238301893706
BRA,2025,developing,57.93809115933529,57.670829960837736,ridge,0.2672611984975575
CAN,2024,developed_non_eu,72.37781130419548,71.96424641715848,ridge,0.4135648870369977
CAN,2025,developed_non_eu,73.56927676260484,71.79151945472896,ridge,1.7777573078758877
DEU,2024,developed_eu,84.27796028215107,81.32561373814386,ridge,2.952346544007213
DEU,2025,developed_eu,83.82198562173569,85.07272401109842,ridge,-1.2507383893627235
FRA,2024,developed_eu,76.56459471014402,76.26496911742848,ridge,0.2996255927155431
FRA,2025,developed_eu,76.10358745655014,76.464577737902,ridge,-0.3609902813518602
GBR,2024,developed_eu,81.01340519058135,80.49622574622319,ridge,0.5171794443581632
GBR,2025,developed_eu,81.46832805355278,81.7968105307948,ridge,-0.3284824772420194
IND,2024,developing,44.464852100027095,43.00565345030183,ridge,1.4591986497252665
IND,2025,developing,45.76954506615367,45.4642371476232,ridge,0.3053079185304739
MKD,2024,balkan,48.501867152541806,49.6435629375775,ridge,-1.1416957850356937
MKD,2025,balkan,50.022361110973485,50.3873720287856,ridge,-0.3650109178121141
SRB,2024,balkan,63.81970148973432,61.37247543553136,ridge,2.4472260542029574
SRB,2025,balkan,63.90924359962085,63.01043185495988,ridge,0.8988117446609749
SVN,2024,balkan,71.09846908178204,69.53898128745445,ridge,1.5594877943275949
SVN,2025,balkan,71.14234847441686,70.26647235515867,ridge,0.8758761192581943
USA,2024,developed_non_eu,81.92766654035891,81.06296012621388,ridge,0.8647064141450329
USA,2025,developed_non_eu,81.86264273981848,81.45446232255267,ridge,0.408180417265811
ALB,2021,balkan,59.69369720688669,51.780873421907856,svr,7.912823784978833
ALB,2022,balkan,57.48097805832377,50.34674736640862,svr,7.13423069191515
ALB,2023,balkan,56.3876673506708,53.21027425297112,svr,3.177393097699685
BIH,2021,balkan,45.05402025602047,46.58527269726908,svr,-1.5312524412486184
BIH,2022,balkan,47.60343940078401,47.35260838172378,svr,0.2508310190602287
BIH,2023,balkan,45.97439233300154,47.38279988206461,svr,-1.408407549063071
DEU,2021,developed_eu,60.1284720291747,49.07201256927481,svr,11.05645945989989
DEU,2022,developed_eu,54.31931543835362,48.26279226412086,svr,6.056523174232758
DEU,2023,developed_eu,57.234107197645656,50.14710521759647,svr,7.087001980049188
FRA,2021,developed_eu,50.05826645372145,48.65680591867278,svr,1.4014605350486704
FRA,2022,developed_eu,47.49965121346594,49.18683982507556,svr,-1.6871886116096206
FRA,2023,developed_eu,50.11331389470825,46.71318831915608,svr,3.400125575552167
GBR,2021,developed_eu,46.92817066631381,44.90820122315867,svr,2.0199694431551336
GBR,2022,developed_eu,49.533590819838935,47.91412877598233,svr,1.6194620438566076
GBR,2023,developed_eu,44.69736073702626,46.805458181517736,svr,-2.1080974444914773
JPN,2021,developed_non_eu,58.03070212255944,56.64692732203332,svr,1.383774800526119
JPN,2022,developed_non_eu,62.52596055207046,54.37154574182426,svr,8.154414810246202
JPN,2023,developed_non_eu,57.05062960381992,56.79877932223253,svr,0.2518502815873802
KOR,2021,developed_non_eu,60.06769592415233,54.24506048151412,svr,5.822635442638216
KOR,2022,developed_non_eu,48.69990818060255,52.42593456968944,svr,-3.72602638908689
KOR,2023,developed_non_eu,53.60108055027607,54.17379963379376,svr,-0.572719083517697
MKD,2021,balkan,53.123453610083374,49.77544067024749,svr,3.3480129398358827
MKD,2022,balkan,50.00391907110308,50.22868885241215,svr,-0.224769781309071
MKD,2023,balkan,51.755157099716506,49.25405345964944,svr,2.5011036400670648
MNE,2021,balkan,44.66549052877676,42.67640167087608,svr,1.989088857900676
MNE,2022,balkan,50.21658789598536,41.081242393344446,svr,9.135345502640916
MNE,2023,balkan,44.97660482479327,44.84917304873575,svr,0.1274317760575201
SRB,2021,balkan,57.76734851440367,49.64781012849915,svr,8.119538385904512
SRB,2022,balkan,62.23411451298384,51.818556643710814,svr,10.415557869273025
SRB,2023,balkan,56.54108055950875,54.71424344662584,svr,1.826837112882906
SVN,2021,balkan,55.28944234885586,53.29389172744996,svr,1.995550621405897
SVN,2022,balkan,52.01361055413818,53.82145226794888,svr,-1.807841713810696
SVN,2023,balkan,58.51497681478068,52.08282674634015,svr,6.432150068440528
USA,2021,developed_non_eu,53.12890666594871,52.019613551413336,svr,1.1092931145353688
USA,2022,developed_non_eu,51.45927329757578,52.21040354443418,svr,-0.7511302468583949
USA,2023,developed_non_eu,55.75080793144752,56.80318460567101,svr,-1.0523766742234884
ARG,2022,developing,59.58550588932096,60.83618484238457,svr,-1.2506789530636129
ARG,2023,developing,61.17291950517295,59.80187497271884,svr,1.371044532454114
AUS,2022,developed_non_eu,72.9183160199764,73.41351745710787,svr,-0.4952014371314703
AUS,2023,developed_non_eu,76.3532548925768,73.17742460244546,svr,3.175830290131344
BRA,2022,developing,53.12063753940983,52.15304318241798,svr,0.967594356991846
BRA,2023,developing,57.67055049418848,54.05633792443428,svr,3.614212569754194
CAN,2022,developed_non_eu,70.56250419059799,70.53507845911669,svr,0.0274257314813013
CAN,2023,developed_non_eu,75.48924387905342,71.12698495767125,svr,4.362258921382164
DEU,2022,developed_eu,80.37717531090291,78.26510169169732,svr,2.1120736192055887
DEU,2023,developed_eu,81.6275589495903,80.48897095324928,svr,1.1385879963410162
FRA,2022,developed_eu,76.46087176840479,77.04316696064899,svr,-0.582295192244203
FRA,2023,developed_eu,77.88296994408213,76.85985714910208,svr,1.023112794980051
GBR,2022,developed_eu,82.17122959893649,81.43397153343166,svr,0.7372580655048324
GBR,2023,developed_eu,81.47626801914994,81.80861119122312,svr,-0.3323431720731804
IND,2022,developing,39.96673418509398,39.94579507834539,svr,0.0209391067485924
IND,2023,developing,42.72431126632684,41.59280600544909,svr,1.131505260877752
MKD,2022,balkan,49.94573186621599,51.7387652660718,svr,-1.7930333998558154
MKD,2023,balkan,55.39623064048007,52.71867503323824,svr,2.6775556072418283
SRB,2022,balkan,64.16656051210306,59.25868174507956,svr,4.907878767023497
SRB,2023,balkan,65.43653215481218,61.04169884864468,svr,4.394833306167506
SVN,2022,balkan,68.27310949011942,69.89523301370866,svr,-1.622123523589238
SVN,2023,balkan,72.58362366902068,68.44188413304784,svr,4.141739535972846
USA,2022,developed_non_eu,78.64281944153662,78.7989153847412,svr,-0.1560959432045905
USA,2023,developed_non_eu,82.39412221779821,79.09347484295505,svr,3.300647374843166
ARG,2022,developing,59.58550588932096,60.83618484238457,svr,-1.2506789530636129
ARG,2023,developing,61.17291950517295,59.80187497271884,svr,1.371044532454114
AUS,2022,developed_non_eu,72.9183160199764,73.41351745710787,svr,-0.4952014371314703
AUS,2023,developed_non_eu,76.3532548925768,73.17742460244546,svr,3.175830290131344
BRA,2022,developing,53.12063753940983,52.15304318241798,svr,0.967594356991846
BRA,2023,developing,57.67055049418848,54.05633792443428,svr,3.614212569754194
CAN,2022,developed_non_eu,70.56250419059799,70.53507845911669,svr,0.0274257314813013
CAN,2023,developed_non_eu,75.48924387905342,71.12698495767125,svr,4.362258921382164
DEU,2022,developed_eu,80.37717531090291,78.26510169169732,svr,2.1120736192055887
DEU,2023,developed_eu,81.6275589495903,80.48897095324928,svr,1.1385879963410162
FRA,2022,developed_eu,76.46087176840479,77.04316696064899,svr,-0.582295192244203
FRA,2023,developed_eu,77.88296994408213,76.85985714910208,svr,1.023112794980051
GBR,2022,developed_eu,82.17122959893649,81.43397153343166,svr,0.7372580655048324
GBR,2023,developed_eu,81.47626801914994,81.80861119122312,svr,-0.3323431720731804
IND,2022,developing,39.96673418509398,39.94579507834539,svr,0.0209391067485924
IND,2023,developing,42.72431126632684,41.59280600544909,svr,1.131505260877752
MKD,2022,balkan,49.94573186621599,51.7387652660718,svr,-1.7930333998558154
MKD,2023,balkan,55.39623064048007,52.71867503323824,svr,2.6775556072418283
SRB,2022,balkan,64.16656051210306,59.25868174507956,svr,4.907878767023497
SRB,2023,balkan,65.43653215481218,61.04169884864468,svr,4.394833306167506
SVN,2022,balkan,68.27310949011942,69.89523301370866,svr,-1.622123523589238
SVN,2023,balkan,72.58362366902068,68.44188413304784,svr,4.141739535972846
USA,2022,developed_non_eu,78.64281944153662,78.7989153847412,svr,-0.1560959432045905
USA,2023,developed_non_eu,82.39412221779821,79.09347484295505,svr,3.300647374843166
ARG,2022,developing,59.58550588932096,60.83618484238457,svr,-1.2506789530636129
ARG,2023,developing,61.17291950517295,59.80187497271884,svr,1.371044532454114
AUS,2022,developed_non_eu,72.9183160199764,73.41351745710787,svr,-0.4952014371314703
AUS,2023,developed_non_eu,76.3532548925768,73.17742460244546,svr,3.175830290131344
BRA,2022,developing,53.12063753940983,52.15304318241798,svr,0.967594356991846
BRA,2023,developing,57.67055049418848,54.05633792443428,svr,3.614212569754194
CAN,2022,developed_non_eu,70.56250419059799,70.53507845911669,svr,0.0274257314813013
CAN,2023,developed_non_eu,75.48924387905342,71.12698495767125,svr,4.362258921382164
DEU,2022,developed_eu,80.37717531090291,78.26510169169732,svr,2.1120736192055887
DEU,2023,developed_eu,81.6275589495903,80.48897095324928,svr,1.1385879963410162
FRA,2022,developed_eu,76.46087176840479,77.04316696064899,svr,-0.582295192244203
FRA,2023,developed_eu,77.88296994408213,76.85985714910208,svr,1.023112794980051
GBR,2022,developed_eu,82.17122959893649,81.43397153343166,svr,0.7372580655048324
GBR,2023,developed_eu,81.47626801914994,81.80861119122312,svr,-0.3323431720731804
IND,2022,developing,39.96673418509398,39.94579507834539,svr,0.0209391067485924
IND,2023,developing,42.72431126632684,41.59280600544909,svr,1.131505260877752
MKD,2022,balkan,49.94573186621599,51.7387652660718,svr,-1.7930333998558154
MKD,2023,balkan,55.39623064048007,52.71867503323824,svr,2.6775556072418283
SRB,2022,balkan,64.16656051210306,59.25868174507956,svr,4.907878767023497
SRB,2023,balkan,65.43653215481218,61.04169884864468,svr,4.394833306167506
SVN,2022,balkan,68.27310949011942,69.89523301370866,svr,-1.622123523589238
SVN,2023,balkan,72.58362366902068,68.44188413304784,svr,4.141739535972846
USA,2022,developed_non_eu,78.64281944153662,78.7989153847412,svr,-0.1560959432045905
USA,2023,developed_non_eu,82.39412221779821,79.09347484295505,svr,3.300647374843166
ARG,2024,developing,62.465441336431816,61.9313114557302,svr,0.5341298807016202
ARG,2025,developing,62.45465075843678,62.2573613398904,svr,0.1972894185463758
AUS,2024,developed_non_eu,76.21484312829415,75.86892674595698,svr,0.3459163823371654
AUS,2025,developed_non_eu,76.27138978574438,75.77809100085366,svr,0.4932987848907118
BRA,2024,developing,59.58263491466922,57.546775580059446,svr,2.035859334609775
BRA,2025,developing,59.73581794190362,58.82200974132184,svr,0.9138082005817836
CAN,2024,developed_non_eu,74.7517456696037,68.84857463471393,svr,5.903171034889766
CAN,2025,developed_non_eu,74.74566406118286,68.76497798008369,svr,5.980686081099179
DEU,2024,developed_eu,85.27157362902287,81.14114478389132,svr,4.130428845131547
DEU,2025,developed_eu,85.2877092606442,81.61434584538812,svr,3.673363415256091
FRA,2024,developed_eu,77.2451726510735,76.34338041155448,svr,0.9017922395190254
FRA,2025,developed_eu,77.14310865673689,76.2692699578094,svr,0.8738386989274858
GBR,2024,developed_eu,83.15573284557671,83.4848193959578,svr,-0.329086550381092
GBR,2025,developed_eu,83.12481955637102,83.19599660165272,svr,-0.0711770452817006
IND,2024,developing,46.46243858826833,44.33299756112736,svr,2.1294410271409703
IND,2025,developing,52.92372246539863,46.80991775162412,svr,6.113804713774506
MKD,2024,balkan,56.6324702287196,57.25433761165848,svr,-0.6218673829388806
MKD,2025,balkan,56.50388890268388,57.76804055702411,svr,-1.2641516543402247
SRB,2024,balkan,67.27723981945093,65.25418794429362,svr,2.0230518751573072
SRB,2025,balkan,67.45858414757662,65.91302160254627,svr,1.54556254503035
SVN,2024,balkan,72.808559434611,73.45494595432129,svr,-0.6463865197102905
SVN,2025,balkan,72.86379506171971,73.95497946913059,svr,-1.0911844074108783
USA,2024,developed_non_eu,82.44705362418242,81.5947936681356,svr,0.8522599560468223
USA,2025,developed_non_eu,82.50603199785775,81.83010505316314,svr,0.6759269446946092
ARG,2024,developing,62.465441336431816,61.97091483401452,svr,0.494526502417294
ARG,2025,developing,62.45465075843678,62.1769025685909,svr,0.2777481898458802
AUS,2024,developed_non_eu,76.21484312829415,75.86039858520265,svr,0.3544445430915033
AUS,2025,developed_non_eu,76.27138978574438,75.74410587145448,svr,0.527283914289896
BRA,2024,developing,59.58263491466922,57.18849012150753,svr,2.394144793161693
BRA,2025,developing,59.73581794190362,58.495288415241454,svr,1.240529526662165
CAN,2024,developed_non_eu,74.7517456696037,69.84108733894706,svr,4.910658330656631
CAN,2025,developed_non_eu,74.74566406118286,69.77117786409988,svr,4.974486197082982
DEU,2024,developed_eu,85.27157362902287,81.18099991643251,svr,4.090573712590356
DEU,2025,developed_eu,85.2877092606442,81.5732519450602,svr,3.7144573155839993
FRA,2024,developed_eu,77.2451726510735,76.632950015511,svr,0.6122226355625031
FRA,2025,developed_eu,77.14310865673689,76.61128032622221,svr,0.5318283305146707
GBR,2024,developed_eu,83.15573284557671,82.61376262418915,svr,0.5419702213875581
GBR,2025,developed_eu,83.12481955637102,82.47717578623121,svr,0.6476437701398083
IND,2024,developing,46.46243858826833,43.64684342735104,svr,2.815595160917283
IND,2025,developing,47.78946252457455,46.0086378835213,svr,1.7808246410532431
MKD,2024,balkan,56.6324702287196,56.71122092462321,svr,-0.078750695903615
MKD,2025,balkan,56.50388890268388,57.33864695458777,svr,-0.83475805190389
SRB,2024,balkan,67.27723981945093,65.12018552278707,svr,2.1570542966638584
SRB,2025,balkan,67.45858414757662,65.52846841985244,svr,1.9301157277241716
SVN,2024,balkan,72.808559434611,73.2377600442488,svr,-0.4292006096378031
SVN,2025,balkan,72.86379506171971,73.78743244302754,svr,-0.9236373813078274
USA,2024,developed_non_eu,82.44705362418242,81.53116991538923,svr,0.9158837087931886
USA,2025,developed_non_eu,82.50603199785775,81.76323217181142,svr,0.7427998260463227
ARG,2024,developing,62.465441336431816,61.771808342354646,svr,0.6936329940771699
ARG,2025,developing,62.45465075843678,61.96778383413651,svr,0.4868669243002657
AUS,2024,developed_non_eu,76.21484312829415,75.85038137869404,svr,0.3644617496001103
AUS,2025,developed_non_eu,76.27138978574438,75.73188220018895,svr,0.5395075855554268
BRA,2024,developing,59.58263491466922,56.97884296741452,svr,2.603791947254706
BRA,2025,developing,59.73581794190362,58.28051150975853,svr,1.455306432145086
CAN,2024,developed_non_eu,74.7517456696037,69.83319487250749,svr,4.918550797096202
CAN,2025,developed_non_eu,74.74566406118286,69.76148831818827,svr,4.984175742994594
DEU,2024,developed_eu,85.27157362902287,81.16128068861187,svr,4.110292940411
DEU,2025,developed_eu,85.2877092606442,81.51103566696074,svr,3.776673593683469
FRA,2024,developed_eu,77.2451726510735,76.60932792024423,svr,0.6358447308292767
FRA,2025,developed_eu,77.14310865673689,76.58671399827351,svr,0.5563946584633754
GBR,2024,developed_eu,83.15573284557671,82.64353829985623,svr,0.512194545720476
GBR,2025,developed_eu,83.12481955637102,82.4822244181482,svr,0.6425951382228163
IND,2024,developing,46.46243858826833,43.646961570800805,svr,2.815477017467522
IND,2025,developing,47.77966463357736,45.96030016790881,svr,1.8193644656685493
MKD,2024,balkan,56.6324702287196,56.24453288130984,svr,0.3879373474097605
MKD,2025,balkan,56.50388890268388,56.97008829315627,svr,-0.46619939047239
SRB,2024,balkan,67.27723981945093,64.44909276597116,svr,2.828147053479768
SRB,2025,balkan,67.45858414757662,64.94109867770578,svr,2.5174854698708344
SVN,2024,balkan,72.808559434611,73.24782064735086,svr,-0.4392612127398649
SVN,2025,balkan,72.86379506171971,73.78973889085583,svr,-0.9259438291361164
USA,2024,developed_non_eu,82.44705362418242,81.55935615681939,svr,0.8876974673630258
USA,2025,developed_non_eu,82.50603199785775,81.78263205217206,svr,0.723399945685685
ARG,2024,developing,60.177677410251626,59.65806120042019,svr,0.5196162098314332
ARG,2025,developing,60.16688683225659,60.30191403511095,svr,-0.1350272028543599
AUS,2024,developed_non_eu,75.8341047076019,73.92217606112105,svr,1.9119286464808452
AUS,2025,developed_non_eu,75.83229556762969,75.45011773154549,svr,0.3821778360841961
BRA,2024,developing,57.6351056427748,52.79115461914016,svr,4.843951023634638
BRA,2025,developing,57.7882886700092,54.35385715543654,svr,3.434431514572651
CAN,2024,developed_non_eu,73.5649082585455,68.46419974115707,svr,5.100708517388426
CAN,2025,developed_non_eu,73.55882665012467,68.38533855647496,svr,5.173488093649709
DEU,2024,developed_eu,83.98175549484475,79.78237543128783,svr,4.199380063556916
DEU,2025,developed_eu,83.99789112646609,80.31086256251331,svr,3.6870285639527793
FRA,2024,developed_eu,76.00143981287722,76.022534561628,svr,-0.0210947487507837
FRA,2025,developed_eu,75.8993758185406,75.9348375942804,svr,-0.0354617757397903
GBR,2024,developed_eu,82.05423857522565,82.27762295913647,svr,-0.2233843839108118
GBR,2025,developed_eu,82.02332528601997,82.55612014390722,svr,-0.5327948578872537
IND,2024,developing,44.39694336779666,41.787524388852205,svr,2.609418978944454
IND,2025,developing,45.69894385868516,44.52448111766621,svr,1.1744627410189423
MKD,2024,balkan,53.64375464019817,55.38634497668299,svr,-1.742590336484824
MKD,2025,balkan,53.515173314162446,56.186183164674,svr,-2.6710098505115525
SRB,2024,balkan,64.86715072492385,63.292858122950506,svr,1.5742926019733403
SRB,2025,balkan,65.04849505304954,64.13694394171138,svr,0.9115511113381558
SVN,2024,balkan,70.80015205567881,70.25186886729529,svr,0.5482831883835217
SVN,2025,balkan,70.85538768278754,70.89913200245851,svr,-0.0437443196709779
USA,2024,developed_non_eu,81.70001786490164,79.83765706528028,svr,1.8623607996213565
USA,2025,developed_non_eu,81.75899623857697,80.22128807349279,svr,1.537708165084183
ARG,2024,developing,60.177677410251626,59.65806120042019,svr,0.5196162098314332
ARG,2025,developing,60.16688683225659,60.30191403511095,svr,-0.1350272028543599
AUS,2024,developed_non_eu,75.8341047076019,73.92217606112105,svr,1.9119286464808452
AUS,2025,developed_non_eu,75.83229556762969,75.45011773154549,svr,0.3821778360841961
BRA,2024,developing,57.6351056427748,52.79115461914016,svr,4.843951023634638
BRA,2025,developing,57.7882886700092,54.35385715543654,svr,3.434431514572651
CAN,2024,developed_non_eu,73.5649082585455,68.46419974115707,svr,5.100708517388426
CAN,2025,developed_non_eu,73.55882665012467,68.38533855647496,svr,5.173488093649709
DEU,2024,developed_eu,83.98175549484475,79.78237543128783,svr,4.199380063556916
DEU,2025,developed_eu,83.99789112646609,80.31086256251331,svr,3.6870285639527793
FRA,2024,developed_eu,76.00143981287722,76.022534561628,svr,-0.0210947487507837
FRA,2025,developed_eu,75.8993758185406,75.9348375942804,svr,-0.0354617757397903
GBR,2024,developed_eu,82.05423857522565,82.27762295913647,svr,-0.2233843839108118
GBR,2025,developed_eu,82.02332528601997,82.55612014390722,svr,-0.5327948578872537
IND,2024,developing,44.39694336779666,41.787524388852205,svr,2.609418978944454
IND,2025,developing,45.69894385868516,44.52448111766621,svr,1.1744627410189423
MKD,2024,balkan,53.64375464019817,55.38634497668299,svr,-1.742590336484824
MKD,2025,balkan,53.515173314162446,56.186183164674,svr,-2.6710098505115525
SRB,2024,balkan,64.86715072492385,63.292858122950506,svr,1.5742926019733403
SRB,2025,balkan,65.04849505304954,64.13694394171138,svr,0.9115511113381558
SVN,2024,balkan,70.80015205567881,70.25186886729529,svr,0.5482831883835217
SVN,2025,balkan,70.85538768278754,70.89913200245851,svr,-0.0437443196709779
USA,2024,developed_non_eu,81.70001786490164,79.83765706528028,svr,1.8623607996213565
USA,2025,developed_non_eu,81.75899623857697,80.22128807349279,svr,1.537708165084183
ARG,2024,developing,57.68407490264685,55.98761930863069,svr,1.6964555940161574
ARG,2025,developing,57.73678580033339,56.33476988085054,svr,1.4020159194828494
AUS,2024,developed_non_eu,76.59253053857866,75.46669902707845,svr,1.125831511500209
AUS,2025,developed_non_eu,76.57587952586267,77.31347322066102,svr,-0.737593694798349
BRA,2024,developing,57.76174644501727,56.316876074204856,svr,1.444870370812417
BRA,2025,developing,57.93809115933529,57.89731412400037,svr,0.0407770353349263
CAN,2024,developed_non_eu,72.37781130419548,73.41527404446032,svr,-1.0374627402648429
CAN,2025,developed_non_eu,73.56927676260484,73.20100089958723,svr,0.3682758630176153
DEU,2024,developed_eu,84.27796028215107,79.87117209915814,svr,4.406788182992926
DEU,2025,developed_eu,83.82198562173569,80.87264193824969,svr,2.9493436834860063
FRA,2024,developed_eu,76.56459471014402,75.80603394848757,svr,0.7585607616564545
FRA,2025,developed_eu,76.10358745655014,75.90730224897766,svr,0.1962852075724868
GBR,2024,developed_eu,81.01340519058135,78.61619011787502,svr,2.397215072706331
GBR,2025,developed_eu,81.46832805355278,79.05259381605717,svr,2.415734237495613
IND,2024,developing,44.464852100027095,42.06460510183892,svr,2.400246998188173
IND,2025,developing,45.76954506615367,45.2319131577219,svr,0.53763190843177
MKD,2024,balkan,48.501867152541806,48.11550638475943,svr,0.3863607677823779
MKD,2025,balkan,50.022361110973485,48.963401183937,svr,1.058959927036483
SRB,2024,balkan,63.81970148973432,62.11059438471197,svr,1.7091071050223476
SRB,2025,balkan,63.90924359962085,63.47324832124234,svr,0.4359952783785132
SVN,2024,balkan,71.09846908178204,69.57376411186866,svr,1.5247049699133868
SVN,2025,balkan,71.14234847441686,70.00779322431289,svr,1.134555250103972
USA,2024,developed_non_eu,81.92766654035891,81.35783768425284,svr,0.5698288561060707
USA,2025,developed_non_eu,81.86264273981848,81.67989997637677,svr,0.1827427634417091
ARG,2022,developing,59.58550588932096,60.23901,xgboost,-0.6535039678567784
ARG,2023,developing,61.17291950517295,59.948708,xgboost,1.2242119246065428
AUS,2022,developed_non_eu,72.9183160199764,69.61656,xgboost,3.3017541303279643
AUS,2023,developed_non_eu,76.3532548925768,69.54887,xgboost,6.804388620604144
BRA,2022,developing,53.12063753940983,50.82581,xgboost,2.2948280606500617
BRA,2023,developing,57.67055049418848,50.43819,xgboost,7.232360033983397
CAN,2022,developed_non_eu,70.56250419059799,71.04575,xgboost,-0.4832492884059149
CAN,2023,developed_non_eu,75.48924387905342,72.22417,xgboost,3.265077008936231
DEU,2022,developed_eu,80.37717531090291,78.88287,xgboost,1.4943017757466637
DEU,2023,developed_eu,81.6275589495903,78.21584,xgboost,3.411715748906701
FRA,2022,developed_eu,76.46087176840479,74.25513,xgboost,2.205744815279786
FRA,2023,developed_eu,77.88296994408213,74.54244,xgboost,3.3405276223047906
GBR,2022,developed_eu,82.17122959893649,80.65345,xgboost,1.5177795867294606
GBR,2023,developed_eu,81.47626801914994,79.453804,xgboost,2.02246400303666
IND,2022,developing,39.96673418509398,38.960583,xgboost,1.0061514519396866
IND,2023,developing,42.72431126632684,36.74536,xgboost,5.978949938201836
MKD,2022,balkan,49.94573186621599,52.18518,xgboost,-2.2394487978465136
MKD,2023,balkan,55.39623064048007,53.54146,xgboost,1.8547725105972572
SRB,2022,balkan,64.16656051210306,59.635334,xgboost,4.531226497210483
SRB,2023,balkan,65.43653215481218,61.28513,xgboost,4.151402607693044
SVN,2022,balkan,68.27310949011942,67.93186,xgboost,0.3412476126780177
SVN,2023,balkan,72.58362366902068,67.34066,xgboost,5.242963573805838
USA,2022,developed_non_eu,78.64281944153662,77.79534,xgboost,0.8474779498373977
USA,2023,developed_non_eu,82.39412221779821,77.55826,xgboost,4.835864161157588
ARG,2022,developing,59.58550588932096,60.23901,xgboost,-0.6535039678567784
ARG,2023,developing,61.17291950517295,59.948708,xgboost,1.2242119246065428
AUS,2022,developed_non_eu,72.9183160199764,69.61656,xgboost,3.3017541303279643
AUS,2023,developed_non_eu,76.3532548925768,69.54887,xgboost,6.804388620604144
BRA,2022,developing,53.12063753940983,50.82581,xgboost,2.2948280606500617
BRA,2023,developing,57.67055049418848,50.43819,xgboost,7.232360033983397
CAN,2022,developed_non_eu,70.56250419059799,71.04575,xgboost,-0.4832492884059149
CAN,2023,developed_non_eu,75.48924387905342,72.22417,xgboost,3.265077008936231
DEU,2022,developed_eu,80.37717531090291,78.88287,xgboost,1.4943017757466637
DEU,2023,developed_eu,81.6275589495903,78.21584,xgboost,3.411715748906701
FRA,2022,developed_eu,76.46087176840479,74.25513,xgboost,2.205744815279786
FRA,2023,developed_eu,77.88296994408213,74.54244,xgboost,3.3405276223047906
GBR,2022,developed_eu,82.17122959893649,80.65345,xgboost,1.5177795867294606
GBR,2023,developed_eu,81.47626801914994,79.453804,xgboost,2.02246400303666
IND,2022,developing,39.96673418509398,38.960583,xgboost,1.0061514519396866
IND,2023,developing,42.72431126632684,36.74536,xgboost,5.978949938201836
MKD,2022,balkan,49.94573186621599,52.18518,xgboost,-2.2394487978465136
MKD,2023,balkan,55.39623064048007,53.54146,xgboost,1.8547725105972572
SRB,2022,balkan,64.16656051210306,59.635334,xgboost,4.531226497210483
SRB,2023,balkan,65.43653215481218,61.28513,xgboost,4.151402607693044
SVN,2022,balkan,68.27310949011942,67.93186,xgboost,0.3412476126780177
SVN,2023,balkan,72.58362366902068,67.34066,xgboost,5.242963573805838
USA,2022,developed_non_eu,78.64281944153662,77.79534,xgboost,0.8474779498373977
USA,2023,developed_non_eu,82.39412221779821,77.55826,xgboost,4.835864161157588
ARG,2022,developing,59.58550588932096,60.23901,xgboost,-0.6535039678567784
ARG,2023,developing,61.17291950517295,59.948708,xgboost,1.2242119246065428
AUS,2022,developed_non_eu,72.9183160199764,69.61656,xgboost,3.3017541303279643
AUS,2023,developed_non_eu,76.3532548925768,69.54887,xgboost,6.804388620604144
BRA,2022,developing,53.12063753940983,50.82581,xgboost,2.2948280606500617
BRA,2023,developing,57.67055049418848,50.43819,xgboost,7.232360033983397
CAN,2022,developed_non_eu,70.56250419059799,71.04575,xgboost,-0.4832492884059149
CAN,2023,developed_non_eu,75.48924387905342,72.22417,xgboost,3.265077008936231
DEU,2022,developed_eu,80.37717531090291,78.88287,xgboost,1.4943017757466637
DEU,2023,developed_eu,81.6275589495903,78.21584,xgboost,3.411715748906701
FRA,2022,developed_eu,76.46087176840479,74.25513,xgboost,2.205744815279786
FRA,2023,developed_eu,77.88296994408213,74.54244,xgboost,3.3405276223047906
GBR,2022,developed_eu,82.17122959893649,80.65345,xgboost,1.5177795867294606
GBR,2023,developed_eu,81.47626801914994,79.453804,xgboost,2.02246400303666
IND,2022,developing,39.96673418509398,38.960583,xgboost,1.0061514519396866
IND,2023,developing,42.72431126632684,36.74536,xgboost,5.978949938201836
MKD,2022,balkan,49.94573186621599,52.18518,xgboost,-2.2394487978465136
MKD,2023,balkan,55.39623064048007,53.54146,xgboost,1.8547725105972572
SRB,2022,balkan,64.16656051210306,59.635334,xgboost,4.531226497210483
SRB,2023,balkan,65.43653215481218,61.28513,xgboost,4.151402607693044
SVN,2022,balkan,68.27310949011942,67.93186,xgboost,0.3412476126780177
SVN,2023,balkan,72.58362366902068,67.34066,xgboost,5.242963573805838
USA,2022,developed_non_eu,78.64281944153662,77.79534,xgboost,0.8474779498373977
USA,2023,developed_non_eu,82.39412221779821,77.55826,xgboost,4.835864161157588
ARG,2024,developing,62.465441336431816,60.60373,xgboost,1.861712088384941
ARG,2025,developing,62.45465075843678,65.51798,xgboost,-3.063331724473379
AUS,2024,developed_non_eu,76.21484312829415,76.50779,xgboost,-0.2929464835222575
AUS,2025,developed_non_eu,76.27138978574438,76.216034,xgboost,0.0553558501975004
BRA,2024,developing,59.58263491466922,59.500824,xgboost,0.0818109400598459
BRA,2025,developing,59.73581794190362,62.518353,xgboost,-2.782534566641303
CAN,2024,developed_non_eu,74.7517456696037,76.20796,xgboost,-1.4562163665291197
CAN,2025,developed_non_eu,74.74566406118286,74.92271,xgboost,-0.1770425428210416
DEU,2024,developed_eu,85.27157362902287,81.801346,xgboost,3.470227803827555
DEU,2025,developed_eu,85.2877092606442,81.62099,xgboost,3.666722322167644
FRA,2024,developed_eu,77.2451726510735,76.3589,xgboost,0.8862706735344403
FRA,2025,developed_eu,77.14310865673689,76.65574,xgboost,0.4873698261704788
GBR,2024,developed_eu,83.15573284557671,80.0008,xgboost,3.1549317591509265
GBR,2025,developed_eu,83.12481955637102,79.90089,xgboost,3.223933020726492
IND,2024,developing,46.46243858826833,41.047493,xgboost,5.414945607311296
IND,2025,developing,52.92372246539863,43.281116,xgboost,9.642605979802925
MKD,2024,balkan,56.6324702287196,55.868343,xgboost,0.7641268754481132
MKD,2025,balkan,56.50388890268388,56.377197,xgboost,0.1266916370588831
SRB,2024,balkan,67.27723981945093,66.20333,xgboost,1.0739088257985827
SRB,2025,balkan,67.45858414757662,70.27014,xgboost,-2.811557453985884
SVN,2024,balkan,72.808559434611,74.32215,xgboost,-1.5135917494710327
SVN,2025,balkan,72.86379506171971,75.8979,xgboost,-3.034108380663099
USA,2024,developed_non_eu,82.44705362418242,81.33544,xgboost,1.1116120348269476
USA,2025,developed_non_eu,82.50603199785775,80.584145,xgboost,1.9218874055725903
ARG,2024,developing,62.465441336431816,61.148396,xgboost,1.3170457981017378
ARG,2025,developing,62.45465075843678,64.38188,xgboost,-1.92723095543041
AUS,2024,developed_non_eu,76.21484312829415,76.36926,xgboost,-0.1544195670183512
AUS,2025,developed_non_eu,76.27138978574438,75.61761,xgboost,0.6537826690451567
BRA,2024,developing,59.58263491466922,59.93982,xgboost,-0.3571844212682791
BRA,2025,developing,59.73581794190362,61.612152,xgboost,-1.876334157705756
CAN,2024,developed_non_eu,74.7517456696037,76.63789,xgboost,-1.8861480071541197
CAN,2025,developed_non_eu,74.74566406118286,74.830605,xgboost,-0.0849404920397915
DEU,2024,developed_eu,85.27157362902287,81.647255,xgboost,3.6243186851752114
DEU,2025,developed_eu,85.2877092606442,81.71143,xgboost,3.576275849999675
FRA,2024,developed_eu,77.2451726510735,77.34695,xgboost,-0.1017740652350909
FRA,2025,developed_eu,77.14310865673689,76.93379,xgboost,0.2093165424790726
GBR,2024,developed_eu,83.15573284557671,79.42284,xgboost,3.73289654186577
GBR,2025,developed_eu,83.12481955637102,78.55067,xgboost,4.574152747288991
IND,2024,developing,46.46243858826833,43.379402,xgboost,3.083036427623796
IND,2025,developing,47.78946252457455,47.005405,xgboost,0.7840570985491553
MKD,2024,balkan,56.6324702287196,56.75729,xgboost,-0.1248196577550118
MKD,2025,balkan,56.50388890268388,58.742355,xgboost,-2.2384664439958044
SRB,2024,balkan,67.27723981945093,66.882866,xgboost,0.3943739136892077
SRB,2025,balkan,67.45858414757662,69.40995,xgboost,-1.9513661087710403
SVN,2024,balkan,72.808559434611,73.64035,xgboost,-0.8317909071858764
SVN,2025,balkan,72.86379506171971,74.27769,xgboost,-1.4138920110341928
USA,2024,developed_non_eu,82.44705362418242,81.117065,xgboost,1.3299881944949163
USA,2025,developed_non_eu,82.50603199785775,80.40032,xgboost,2.105710037408528
ARG,2024,developing,62.465441336431816,60.984776,xgboost,1.480665793218925
ARG,2025,developing,62.45465075843678,64.31052,xgboost,-1.8558655989850976
AUS,2024,developed_non_eu,76.21484312829415,76.263885,xgboost,-0.0490423697527262
AUS,2025,developed_non_eu,76.27138978574438,75.98396,xgboost,0.2874267730490629
BRA,2024,developing,59.58263491466922,59.744503,xgboost,-0.1618681065710134
BRA,2025,developing,59.73581794190362,61.974823,xgboost,-2.239005056143256
CAN,2024,developed_non_eu,74.7517456696037,76.854004,xgboost,-2.102258236646307
CAN,2025,developed_non_eu,74.74566406118286,74.80773,xgboost,-0.062067567235104
DEU,2024,developed_eu,85.27157362902287,81.44776,xgboost,3.823812093378336
DEU,2025,developed_eu,85.2877092606442,81.57462,xgboost,3.71308615273405
FRA,2024,developed_eu,77.2451726510735,77.06405,xgboost,0.181123883983659
FRA,2025,developed_eu,77.14310865673689,76.6311,xgboost,0.5120051411118851
GBR,2024,developed_eu,83.15573284557671,79.66057,xgboost,3.49516460827202
GBR,2025,developed_eu,83.12481955637102,79.367546,xgboost,3.757273474828054
IND,2024,developing,46.46243858826833,41.053143,xgboost,5.409296040660905
IND,2025,developing,47.77966463357736,44.668293,xgboost,3.1113716343097835
MKD,2024,balkan,56.6324702287196,56.86853,xgboost,-0.2360600447179024
MKD,2025,balkan,56.50388890268388,59.280663,xgboost,-2.7767736339372107
SRB,2024,balkan,67.27723981945093,67.18023,xgboost,0.0970106324392077
SRB,2025,balkan,67.45858414757662,69.08898,xgboost,-1.6303974808413528
SVN,2024,balkan,72.808559434611,73.736206,xgboost,-0.9276466200765014
SVN,2025,balkan,72.86379506171971,74.17182,xgboost,-1.3080265325185678
USA,2024,developed_non_eu,82.44705362418242,81.37327,xgboost,1.07378549674101
USA,2025,developed_non_eu,82.50603199785775,80.8552,xgboost,1.6508302766663403
ARG,2024,developing,60.177677410251626,58.719505,xgboost,1.458172100193032
ARG,2025,developing,60.16688683225659,61.539062,xgboost,-1.372175667743413
AUS,2024,developed_non_eu,75.8341047076019,74.06934,xgboost,1.764761140707364
AUS,2025,developed_non_eu,75.83229556762969,74.41744,xgboost,1.414853245852342
BRA,2024,developing,57.6351056427748,53.881466,xgboost,3.753639730909562
BRA,2025,developing,57.7882886700092,55.84636,xgboost,1.941929417079507
CAN,2024,developed_non_eu,73.5649082585455,73.08014,xgboost,0.4847690983892505
CAN,2025,developed_non_eu,73.55882665012467,71.762245,xgboost,1.796581471902016
DEU,2024,developed_eu,83.98175549484475,80.39547,xgboost,3.5862858293174043
DEU,2025,developed_eu,83.99789112646609,80.604904,xgboost,3.392986951661399
FRA,2024,developed_eu,76.00143981287722,75.82167,xgboost,0.1797692806506603
FRA,2025,developed_eu,75.8993758185406,75.76464,xgboost,0.1347350104351363
GBR,2024,developed_eu,82.05423857522565,81.26581,xgboost,0.7884304697569036
GBR,2025,developed_eu,82.02332528601997,80.88599,xgboost,1.1373389578949684
IND,2024,developing,44.39694336779666,38.004906,xgboost,6.392037667113065
IND,2025,developing,45.69894385868516,41.756775,xgboost,3.942168956341405
MKD,2024,balkan,53.64375464019817,53.011024,xgboost,0.6327301651005115
MKD,2025,balkan,53.515173314162446,54.714188,xgboost,-1.1990143079078663
SRB,2024,balkan,64.86715072492385,64.13587,xgboost,0.7312788377168147
SRB,2025,balkan,65.04849505304954,66.25761,xgboost,-1.2091114532981209
SVN,2024,balkan,70.80015205567881,73.3404,xgboost,-2.5402486401219733
SVN,2025,balkan,70.85538768278754,73.40507,xgboost,-2.549679761060119
USA,2024,developed_non_eu,81.70001786490164,80.27637,xgboost,1.423650677401639
USA,2025,developed_non_eu,81.75899623857697,80.76624,xgboost,0.9927532576199384
ARG,2024,developing,60.177677410251626,58.719505,xgboost,1.458172100193032
ARG,2025,developing,60.16688683225659,61.539062,xgboost,-1.372175667743413
AUS,2024,developed_non_eu,75.8341047076019,74.06934,xgboost,1.764761140707364
AUS,2025,developed_non_eu,75.83229556762969,74.41744,xgboost,1.414853245852342
BRA,2024,developing,57.6351056427748,53.881466,xgboost,3.753639730909562
BRA,2025,developing,57.7882886700092,55.84636,xgboost,1.941929417079507
CAN,2024,developed_non_eu,73.5649082585455,73.08014,xgboost,0.4847690983892505
CAN,2025,developed_non_eu,73.55882665012467,71.762245,xgboost,1.796581471902016
DEU,2024,developed_eu,83.98175549484475,80.39547,xgboost,3.5862858293174043
DEU,2025,developed_eu,83.99789112646609,80.604904,xgboost,3.392986951661399
FRA,2024,developed_eu,76.00143981287722,75.82167,xgboost,0.1797692806506603
FRA,2025,developed_eu,75.8993758185406,75.76464,xgboost,0.1347350104351363
GBR,2024,developed_eu,82.05423857522565,81.26581,xgboost,0.7884304697569036
GBR,2025,developed_eu,82.02332528601997,80.88599,xgboost,1.1373389578949684
IND,2024,developing,44.39694336779666,38.004906,xgboost,6.392037667113065
IND,2025,developing,45.69894385868516,41.756775,xgboost,3.942168956341405
MKD,2024,balkan,53.64375464019817,53.011024,xgboost,0.6327301651005115
MKD,2025,balkan,53.515173314162446,54.714188,xgboost,-1.1990143079078663
SRB,2024,balkan,64.86715072492385,64.13587,xgboost,0.7312788377168147
SRB,2025,balkan,65.04849505304954,66.25761,xgboost,-1.2091114532981209
SVN,2024,balkan,70.80015205567881,73.3404,xgboost,-2.5402486401219733
SVN,2025,balkan,70.85538768278754,73.40507,xgboost,-2.549679761060119
USA,2024,developed_non_eu,81.70001786490164,80.27637,xgboost,1.423650677401639
USA,2025,developed_non_eu,81.75899623857697,80.76624,xgboost,0.9927532576199384
ARG,2024,developing,57.68407490264685,56.548187,xgboost,1.1358876467874737
ARG,2025,developing,57.73678580033339,57.806118,xgboost,-0.0693322111412229
AUS,2024,developed_non_eu,76.59253053857866,74.16458,xgboost,2.427949239750532
AUS,2025,developed_non_eu,76.57587952586267,76.07804,xgboost,0.4978384492025185
BRA,2024,developing,57.76174644501727,55.256252,xgboost,2.505494156198914
BRA,2025,developing,57.93809115933529,56.372032,xgboost,1.5660589938079497
CAN,2024,developed_non_eu,72.37781130419548,72.73653,xgboost,-0.3587151850623371
CAN,2025,developed_non_eu,73.56927676260484,71.54896,xgboost,2.0203189378978124
DEU,2024,developed_eu,84.27796028215107,78.72849,xgboost,5.5494675453346645
DEU,2025,developed_eu,83.82198562173569,79.6492,xgboost,4.172785182282567
FRA,2024,developed_eu,76.56459471014402,75.31104,xgboost,1.2535519244994902
FRA,2025,developed_eu,76.10358745655014,75.65128,xgboost,0.4523041923899882
GBR,2024,developed_eu,81.01340519058135,79.011856,xgboost,2.0015491114797896
GBR,2025,developed_eu,81.46832805355278,78.42312,xgboost,3.045209462244188
IND,2024,developing,44.464852100027095,38.82516,xgboost,5.639691119802485
IND,2025,developing,45.76954506615367,45.489746,xgboost,0.2797989724036682
MKD,2024,balkan,48.501867152541806,49.80752,xgboost,-1.3056546675265537
MKD,2025,balkan,50.022361110973485,50.243843,xgboost,-0.2214819676397965
SRB,2024,balkan,63.81970148973432,65.79918,xgboost,-1.9794775874141168
SRB,2025,balkan,63.90924359962085,63.571445,xgboost,0.3377981345329601
SVN,2024,balkan,71.09846908178204,71.368744,xgboost,-0.2702748147023328
SVN,2025,balkan,71.14234847441686,71.5558,xgboost,-0.4134529171846992
USA,2024,developed_non_eu,81.92766654035891,80.843346,xgboost,1.0843208982690695
USA,2025,developed_non_eu,81.86264273981848,80.652054,xgboost,1.2105889068106706
