country_iso3,year,group_id,indicator_id,value,provenance,source_id,collection_method,phase_id,uri,indicator_uri,country_uri,phase_uri,source_uri,provenance_uri
ARG,2012,developing,X1,152.573579717014,official,world_bank,official_api,acquire,http://purl.org/dmi-framework#SE_X1_ARG_2012,http://purl.org/dmi-framework#Ind_X1,http://purl.org/dmi-framework#Country_ARG,http://purl.org/dmi-framework#Phase_Acquire,http://purl.org/dmi-framework#Source_world_bank,http://purl.org/dmi-framework#Prov_official
ARG,2013,developing,X1,158.190773641398,official,world_bank,official_api,acquire,http://purl.org/dmi-framework#SE_X1_ARG_2013,http://purl.org/dmi-framework#Ind_X1,http://purl.org/dmi-framework#Country_ARG,http://purl.org/dmi-framework#Phase_Acquire,http://purl.org/dmi-framework#Source_world_bank,http://purl.org/dmi-framework#Prov_official
ARG,2014,developing,X1,142.325481008062,official,world_bank,official_api,acquire,http://purl.org/dmi-framework#SE_X1_ARG_2014,http://purl.org/dmi-framework#Ind_X1,http://purl.org/dmi-framework#Country_ARG,http://purl.org/dmi-framework#Phase_Acquire,http://purl.org/dmi-framework#Source_world_bank,http://purl.org/dmi-framework#Prov_official
ARG,2015,developing,X1,142.240711022183,official,world_bank,official_api,acquire,http://purl.org/dmi-framework#SE_X1_ARG_2015,http://purl.org/dmi-framework#Ind_X1,http://purl.org/dmi-framework#Country_ARG,http://purl.org/dmi-framework#Phase_Acquire,http://purl.org/dmi-framework#Source_world_bank,http://purl.org/dmi-framework#Prov_official
ARG,2016,developing,X1,145.146584717972,official,world_bank,official_api,acquire,http://purl.org/dmi-framework#SE_X1_ARG_2016,http://purl.org/dmi-framework#Ind_X1,http://purl.org/dmi-framework#Country_ARG,http://purl.org/dmi-framework#Phase_Acquire,http://purl.org/dmi-framework#Source_world_bank,http://purl.org/dmi-framework#Prov_official
ARG,2017,developing,X1,139.758240519621,official,world_bank,official_api,acquire,http://purl.org/dmi-framework#SE_X1_ARG_2017,http://purl.org/dmi-framework#Ind_X1,http://purl.org/dmi-framework#Country_ARG,http://purl.org/dmi-framework#Phase_Acquire,http://purl.org/dmi-framework#Source_world_bank,http://purl.org/dmi-framework#Prov_official
ARG,2018,developing,X1,131.224265691711,official,world_bank,official_api,acquire,http://purl.org/dmi-framework#SE_X1_ARG_2018,http://purl.org/dmi-framework#Ind_X1,http://purl.org/dmi-framework#Country_ARG,http://purl.org/dmi-framework#Phase_Acquire,http://purl.org/dmi-framework#Source_world_bank,http://purl.org/dmi-framework#Prov_official
ARG,2019,developing,X1,125.302657911726,official,world_bank,official_api,acquire,http://purl.org/dmi-framework#SE_X1_ARG_2019,http://purl.org/dmi-framework#Ind_X1,http://purl.org/dmi-framework#Country_ARG,http://purl.org/dmi-framework#Phase_Acquire,http://purl.org/dmi-framework#Source_world_bank,http://purl.org/dmi-framework#Prov_official
ARG,2020,developing,X1,121.180612527028,official,world_bank,official_api,acquire,http://purl.org/dmi-framework#SE_X1_ARG_2020,http://purl.org/dmi-framework#Ind_X1,http://purl.org/dmi-framework#Country_ARG,http://purl.org/dmi-framework#Phase_Acquire,http://purl.org/dmi-framework#Source_world_bank,http://purl.org/dmi-framework#Prov_official
ARG,2021,developing,X1,130.352799939601,official,world_bank,official_api,acquire,http://purl.org/dmi-framework#SE_X1_ARG_2021,http://purl.org/dmi-framework#Ind_X1,http://purl.org/dmi-framework#Country_ARG,http://purl.org/dmi-framework#Phase_Acquire,http://purl.org/dmi-framework#Source_world_bank,http://purl.org/dmi-framework#Prov_official
ARG,2022,developing,X1,131.483556254876,official,world_bank,official_api,acquire,http://purl.org/dmi-framework#SE_X1_ARG_2022,http://purl.org/dmi-framework#Ind_X1,http://purl.org/dmi-framework#Country_ARG,http://purl.org/dmi-framework#Phase_Acquire,http://purl.org/dmi-framework#Source_world_bank,http://purl.org/dmi-framework#Prov_official
ARG,2023,developing,X1,137.706086781571,official,world_bank,official_api,acquire,http://purl.org/dmi-framework#SE_X1_ARG_2023,http://purl.org/dmi-framework#Ind_X1,http://purl.org/dmi-framework#Country_ARG,http://purl.org/dmi-framework#Phase_Acquire,http://purl.org/dmi-framework#Source_world_bank,http://purl.org/dmi-framework#Prov_official
ARG,2024,developing,X1,140.234979049333,official,world_bank,official_api,acquire,http://purl.org/dmi-framework#SE_X1_ARG_2024,http://purl.org/dmi-framework#Ind_X1,http://purl.org/dmi-framework#Country_ARG,http://purl.org/dmi-framework#Phase_Acquire,http://purl.org/dmi-framework#Source_world_bank,http://purl.org/dmi-framework#Prov_official
ARG,2025,developing,X1,140.234979049333,carried_forward,world_bank,official_api,acquire,http://purl.org/dmi-framework#SE_X1_ARG_2025,http://purl.org/dmi-framework#Ind_X1,http://purl.org/dmi-framework#Country_ARG,http://purl.org/dmi-framework#Phase_Acquire,http://purl.org/dmi-framework#Source_world_bank,http://purl.org/dmi-framework#Prov_carried_forward
AUS,2012,developed_non_eu,X1,106.499711805776,official,world_bank,official_api,acquire,http://purl.org/dmi-framework#SE_X1_AUS_2012,http://purl.org/dmi-framework#Ind_X1,http://purl.org/dmi-framework#Country_AUS,http://purl.org/dmi-framework#Phase_Acquire,http://purl.org/dmi-framework#Source_world_bank,http://purl.org/dmi-framework#Prov_official
AUS,2013,developed_non_eu,X1,107.332200908321,official,world_bank,official_api,acquire,http://purl.org/dmi-framework#SE_X1_AUS_2013,http://purl.org/dmi-framework#Ind_X1,http://purl.org/dmi-framework#Country_AUS,http://purl.org/dmi-framework#Phase_Acquire,http://purl.org/dmi-framework#Source_world_bank,http://purl.org/dmi-framework#Prov_official
AUS,2014,developed_non_eu,X1,106.206237340596,official,world_bank,official_api,acquire,http://purl.org/dmi-framework#SE_X1_AUS_2014,http://purl.org/dmi-framework#Ind_X1,http://purl.org/dmi-framework#Country_AUS,http://purl.org/dmi-framework#Phase_Acquire,http://purl.org/dmi-framework#Source_world_bank,http://purl.org/dmi-framework#Prov_official
AUS,2015,developed_non_eu,X1,107.608142007003,official,world_bank,official_api,acquire,http://purl.org/dmi-framework#SE_X1_AUS_2015,http://purl.org/dmi-framework#Ind_X1,http://purl.org/dmi-framework#Country_AUS,http://purl.org/dmi-framework#Phase_Acquire,http://purl.org/dmi-framework#Source_world_bank,http://purl.org/dmi-framework#Prov_official
AUS,2016,developed_non_eu,X1,109.128813718295,official,world_bank,official_api,acquire,http://purl.org/dmi-framework#SE_X1_AUS_2016,http://purl.org/dmi-framework#Ind_X1,http://purl.org/dmi-framework#Country_AUS,http://purl.org/dmi-framework#Phase_Acquire,http://purl.org/dmi-framework#Source_world_bank,http://purl.org/dmi-framework#Prov_official
AUS,2017,developed_non_eu,X1,107.799761578952,official,world_bank,official_api,acquire,http://purl.org/dmi-framework#SE_X1_AUS_2017,http://purl.org/dmi-framework#Ind_X1,http://purl.org/dmi-framework#Country_AUS,http://purl.org/dmi-framework#Phase_Acquire,http://purl.org/dmi-framework#Source_world_bank,http://purl.org/dmi-framework#Prov_official
AUS,2018,developed_non_eu,X1,110.033134941946,official,world_bank,official_api,acquire,http://purl.org/dmi-framework#SE_X1_AUS_2018,http://purl.org/dmi-framework#Ind_X1,http://purl.org/dmi-framework#Country_AUS,http://purl.org/dmi-framework#Phase_Acquire,http://purl.org/dmi-framework#Source_world_bank,http://purl.org/dmi-framework#Prov_official
AUS,2019,developed_non_eu,X1,109.752830879788,official,world_bank,official_api,acquire,http://purl.org/dmi-framework#SE_X1_AUS_2019,http://purl.org/dmi-framework#Ind_X1,http://purl.org/dmi-framework#Country_AUS,http://purl.org/dmi-framework#Phase_Acquire,http://purl.org/dmi-framework#Source_world_bank,http://purl.org/dmi-framework#Prov_official
AUS,2020,developed_non_eu,X1,104.930155780087,official,world_bank,official_api,acquire,http://purl.org/dmi-framework#SE_X1_AUS_2020,http://purl.org/dmi-framework#Ind_X1,http://purl.org/dmi-framework#Country_AUS,http://purl.org/dmi-framework#Phase_Acquire,http://purl.org/dmi-framework#Source_world_bank,http://purl.org/dmi-framework#Prov_official
AUS,2021,developed_non_eu,X1,105.118514623956,official,world_bank,official_api,acquire,http://purl.org/dmi-framework#SE_X1_AUS_2021,http://purl.org/dmi-framework#Ind_X1,http://purl.org/dmi-framework#Country_AUS,http://purl.org/dmi-framework#Phase_Acquire,http://purl.org/dmi-framework#Source_world_bank,http://purl.org/dmi-framework#Prov_official
AUS,2022,developed_non_eu,X1,109.469171081514,official,world_bank,official_api,acquire,http://purl.org/dmi-framework#SE_X1_AUS_2022,http://purl.org/dmi-framework#Ind_X1,http://purl.org/dmi-framework#Country_AUS,http://purl.org/dmi-framework#Phase_Acquire,http://purl.org/dmi-framework#Source_world_bank,http://purl.org/dmi-framework#Prov_official
AUS,2023,developed_non_eu,X1,112.513177133796,official,world_bank,official_api,acquire,http://purl.org/dmi-framework#SE_X1_AUS_2023,http://purl.org/dmi-framework#Ind_X1,http://purl.org/dmi-framework#Country_AUS,http://purl.org/dmi-framework#Phase_Acquire,http://purl.org/dmi-framework#Source_world_bank,http://purl.org/dmi-framework#Prov_official
AUS,2024,developed_non_eu,X1,112.581025002429,official,world_bank,official_api,acquire,http://purl.org/dmi-framework#SE_X1_AUS_2024,http://purl.org/dmi-framework#Ind_X1,http://purl.org/dmi-framework#Country_AUS,http://purl.org/dmi-framework#Phase_Acquire,http://purl.org/dmi-framework#Source_world_bank,http://purl.org/dmi-framework#Prov_official
AUS,2025,developed_non_eu,X1,112.581025002429,carried_forward,world_bank,official_api,acquire,http://purl.org/dmi-framework#SE_X1_AUS_2025,http://purl.org/dmi-framework#Ind_X1,http://purl.org/dmi-framework#Country_AUS,http://purl.org/dmi-framework#Phase_Acquire,http://purl.org/dmi-framework#Source_world_bank,http://purl.org/dmi-framework#Prov_carried_forward
BRA,2012,developing,X1,126.131962754994,official,world_bank,official_api,acquire,http://purl.org/dmi-framework#SE_X1_BRA_2012,http://purl.org/dmi-framework#Ind_X1,http://purl.org/dmi-framework#Country_BRA,http://purl.org/dmi-framework#Phase_Acquire,http://purl.org/dmi-framework#Source_world_bank,http://purl.org/dmi-framework#Prov_official
BRA,2013,developing,X1,136.589138644321,official,world_bank,official_api,acquire,http://purl.org/dmi-framework#SE_X1_BRA_2013,http://purl.org/dmi-framework#Ind_X1,http://purl.org/dmi-framework#Country_BRA,http://purl.org/dmi-framework#Phase_Acquire,http://purl.org/dmi-framework#Source_world_bank,http://purl.org/dmi-framework#Prov_official
BRA,2014,developing,X1,140.304679417776,official,world_bank,official_api,acquire,http://purl.org/dmi-framework#SE_X1_BRA_2014,http://purl.org/dmi-framework#Ind_X1,http://purl.org/dmi-framework#Country_BRA,http://purl.org/dmi-framework#Phase_Acquire,http://purl.org/dmi-framework#Source_world_bank,http://purl.org/dmi-framework#Prov_official
BRA,2015,developing,X1,127.83616904008,official,world_bank,official_api,acquire,http://purl.org/dmi-framework#SE_X1_BRA_2015,http://purl.org/dmi-framework#Ind_X1,http://purl.org/dmi-framework#Country_BRA,http://purl.org/dmi-framework#Phase_Acquire,http://purl.org/dmi-framework#Source_world_bank,http://purl.org/dmi-framework#Prov_official
BRA,2016,developing,X1,120.101181531485,official,world_bank,official_api,acquire,http://purl.org/dmi-framework#SE_X1_BRA_2016,http://purl.org/dmi-framework#Ind_X1,http://purl.org/dmi-framework#Country_BRA,http://purl.org/dmi-framework#Phase_Acquire,http://purl.org/dmi-framework#Source_world_bank,http://purl.org/dmi-framework#Prov_official
BRA,2017,developing,X1,108.092570205646,official,world_bank,official_api,acquire,http://purl.org/dmi-framework#SE_X1_BRA_2017,http://purl.org/dmi-framework#Ind_X1,http://purl.org/dmi-framework#Country_BRA,http://purl.org/dmi-framework#Phase_Acquire,http://purl.org/dmi-framework#Source_world_bank,http://purl.org/dmi-framework#Prov_official
BRA,2018,developing,X1,101.602460284017,official,world_bank,official_api,acquire,http://purl.org/dmi-framework#SE_X1_BRA_2018,http://purl.org/dmi-framework#Ind_X1,http://purl.org/dmi-framework#Country_BRA,http://purl.org/dmi-framework#Phase_Acquire,http://purl.org/dmi-framework#Source_world_bank,http://purl.org/dmi-framework#Prov_official
BRA,2019,developing,X1,97.3747376780285,official,world_bank,official_api,acquire,http://purl.org/dmi-framework#SE_X1_BRA_2019,http://purl.org/dmi-framework#Ind_X1,http://purl.org/dmi-framework#Country_BRA,http://purl.org/dmi-framework#Phase_Acquire,http://purl.org/dmi-framework#Source_world_bank,http://purl.org/dmi-framework#Prov_official
BRA,2020,developing,X1,98.6456198619193,official,world_bank,official_api,acquire,http://purl.org/dmi-framework#SE_X1_BRA_2020,http://purl.org/dmi-framework#Ind_X1,http://purl.org/dmi-framework#Country_BRA,http://purl.org/dmi-framework#Phase_Acquire,http://purl.org/dmi-framework#Source_world_bank,http://purl.org/dmi-framework#Prov_official
BRA,2021,developing,X1,104.824727184587,official,world_bank,official_api,acquire,http://purl.org/dmi-framework#SE_X1_BRA_2021,http://purl.org/dmi-framework#Ind_X1,http://purl.org/dmi-framework#Country_BRA,http://purl.org/dmi-framework#Phase_Acquire,http://purl.org/dmi-framework#Source_world_bank,http://purl.org/dmi-framework#Prov_official
BRA,2022,developing,X1,101.245468903076,official,world_bank,official_api,acquire,http://purl.org/dmi-framework#SE_X1_BRA_2022,http://purl.org/dmi-framework#Ind_X1,http://purl.org/dmi-framework#Country_BRA,http://purl.org/dmi-framework#Phase_Acquire,http://purl.org/dmi-framework#Source_world_bank,http://purl.org/dmi-framework#Prov_official
BRA,2023,developing,X1,101.020256020808,official,world_bank,official_api,acquire,http://purl.org/dmi-framework#SE_X1_BRA_2023,http://purl.org/dmi-framework#Ind_X1,http://purl.org/dmi-framework#Country_BRA,http://purl.org/dmi-framework#Phase_Acquire,http://purl.org/dmi-framework#Source_world_bank,http://purl.org/dmi-framework#Prov_official
BRA,2024,developing,X1,101.926846460424,official,world_bank,official_api,acquire,http://purl.org/dmi-framework#SE_X1_BRA_2024,http://purl.org/dmi-framework#Ind_X1,http://purl.org/dmi-framework#Country_BRA,http://purl.org/dmi-framework#Phase_Acquire,http://purl.org/dmi-framework#Source_world_bank,http://purl.org/dmi-framework#Prov_official
BRA,2025,developing,X1,101.926846460424,carried_forward,world_bank,official_api,acquire,http://purl.org/dmi-framework#SE_X1_BRA_2025,http://purl.org/dmi-framework#Ind_X1,http://purl.org/dmi-framework#Country_BRA,http://purl.org/dmi-framework#Phase_Acquire,http://purl.org/dmi-framework#Source_world_bank,http://purl.org/dmi-framework#Prov_carried_forward
CAN,2012,developed_non_eu,X1,79.3757242462141,official,world_bank,official_api,acquire,http://purl.org/dmi-framework#SE_X1_CAN_2012,http://purl.org/dmi-framework#Ind_X1,http://purl.org/dmi-framework#Country_CAN,http://purl.org/dmi-framework#Phase_Acquire,http://purl.org/dmi-framework#Source_world_bank,http://purl.org/dmi-framework#Prov_official
CAN,2013,developed_non_eu,X1,80.3548920843149,official,world_bank,official_api,acquire,http://purl.org/dmi-framework#SE_X1_CAN_2013,http://purl.org/dmi-framework#Ind_X1,http://purl.org/dmi-framework#Country_CAN,http://purl.org/dmi-framework#Phase_Acquire,http://purl.org/dmi-framework#Source_world_bank,http://purl.org/dmi-framework#Prov_official
CAN,2014,developed_non_eu,X1,80.790219211487,official,world_bank,official_api,acquire,http://purl.org/dmi-framework#SE_X1_CAN_2014,http://purl.org/dmi-framework#Ind_X1,http://purl.org/dmi-framework#Country_CAN,http://purl.org/dmi-framework#Phase_Acquire,http://purl.org/dmi-framework#Source_world_bank,http://purl.org/dmi-framework#Prov_official
CAN,2015,developed_non_eu,X1,82.767383138656,official,world_bank,official_api,acquire,http://purl.org/dmi-framework#SE_X1_CAN_2015,http://purl.org/dmi-framework#Ind_X1,http://purl.org/dmi-framework#Country_CAN,http://purl.org/dmi-framework#Phase_Acquire,http://purl.org/dmi-framework#Source_world_bank,http://purl.org/dmi-framework#Prov_official
CAN,2016,developed_non_eu,X1,84.5919452304565,official,world_bank,official_api,acquire,http://purl.org/dmi-framework#SE_X1_CAN_2016,http://purl.org/dmi-framework#Ind_X1,http://purl.org/dmi-framework#Country_CAN,http://purl.org/dmi-framework#Phase_Acquire,http://purl.org/dmi-framework#Source_world_bank,http://purl.org/dmi-framework#Prov_official
CAN,2017,developed_non_eu,X1,86.1024018448784,official,world_bank,official_api,acquire,http://purl.org/dmi-framework#SE_X1_CAN_2017,http://purl.org/dmi-framework#Ind_X1,http://purl.org/dmi-framework#Country_CAN,http://purl.org/dmi-framework#Phase_Acquire,http://purl.org/dmi-framework#Source_world_bank,http://purl.org/dmi-framework#Prov_official
CAN,2018,developed_non_eu,X1,89.0494584998715,official,world_bank,official_api,acquire,http://purl.org/dmi-framework#SE_X1_CAN_2018,http://purl.org/dmi-framework#Ind_X1,http://purl.org/dmi-framework#Country_CAN,http://purl.org/dmi-framework#Phase_Acquire,http://purl.org/dmi-framework#Source_world_bank,http://purl.org/dmi-framework#Prov_official
CAN,2019,developed_non_eu,X1,90.9589210049458,official,world_bank,official_api,acquire,http://purl.org/dmi-framework#SE_X1_CAN_2019,http://purl.org/dmi-framework#Ind_X1,http://purl.org/dmi-framework#Country_CAN,http://purl.org/dmi-framework#Phase_Acquire,http://purl.org/dmi-framework#Source_world_bank,http://purl.org/dmi-framework#Prov_official
CAN,2020,developed_non_eu,X1,84.7747749116615,official,world_bank,official_api,acquire,http://purl.org/dmi-framework#SE_X1_CAN_2020,http://purl.org/dmi-framework#Ind_X1,http://purl.org/dmi-framework#Country_CAN,http://purl.org/dmi-framework#Phase_Acquire,http://purl.org/dmi-framework#Source_world_bank,http://purl.org/dmi-framework#Prov_official
CAN,2021,developed_non_eu,X1,87.4056019628826,official,world_bank,official_api,acquire,http://purl.org/dmi-framework#SE_X1_CAN_2021,http://purl.org/dmi-framework#Ind_X1,http://purl.org/dmi-framework#Country_CAN,http://purl.org/dmi-framework#Phase_Acquire,http://purl.org/dmi-framework#Source_world_bank,http://purl.org/dmi-framework#Prov_official
CAN,2022,developed_non_eu,X1,91.2386689983444,official,world_bank,official_api,acquire,http://purl.org/dmi-framework#SE_X1_CAN_2022,http://purl.org/dmi-framework#Ind_X1,http://purl.org/dmi-framework#Country_CAN,http://purl.org/dmi-framework#Phase_Acquire,http://purl.org/dmi-framework#Source_world_bank,http://purl.org/dmi-framework#Prov_official
CAN,2023,developed_non_eu,X1,94.1497268194785,official,world_bank,official_api,acquire,http://purl.org/dmi-framework#SE_X1_CAN_2023,http://purl.org/dmi-framework#Ind_X1,http://purl.org/dmi-framework#Country_CAN,http://purl.org/dmi-framework#Phase_Acquire,http://purl.org/dmi-framework#Source_world_bank,http://purl.org/dmi-framework#Prov_official
CAN,2024,developed_non_eu,X1,94.1059718794246,official,world_bank,official_api,acquire,http://purl.org/dmi-framework#SE_X1_CAN_2024,http://purl.org/dmi-framework#Ind_X1,http://purl.org/dmi-framework#Country_CAN,http://purl.org/dmi-framework#Phase_Acquire,http://purl.org/dmi-framework#Source_world_bank,http://purl.org/dmi-framework#Prov_official
CAN,2025,developed_non_eu,X1,94.1059718794246,carried_forward,world_bank,official_api,acquire,http://purl.org/dmi-framework#SE_X1_CAN_2025,http://purl.org/dmi-framework#Ind_X1,http://purl.org/dmi-framework#Country_CAN,http://purl.org/dmi-framework#Phase_Acquire,http://purl.org/dmi-framework#Source_world_bank,http://purl.org/dmi-framework#Prov_carried_forward
DEU,2012,developed_eu,X1,114.191945537857,official,world_bank,official_api,acquire,http://purl.org/dmi-framework#SE_X1_DEU_2012,http://purl.org/dmi-framework#Ind_X1,http://purl.org/dmi-framework#Country_DEU,http://purl.org/dmi-framework#Phase_Acquire,http://purl.org/dmi-framework#Source_world_bank,http://purl.org/dmi-framework#Prov_official
DEU,2013,developed_eu,X1,123.435398879553,official,world_bank,official_api,acquire,http://purl.org/dmi-framework#SE_X1_DEU_2013,http://purl.org/dmi-framework#Ind_X1,http://purl.org/dmi-framework#Country_DEU,http://purl.org/dmi-framework#Phase_Acquire,http://purl.org/dmi-framework#Source_world_bank,http://purl.org/dmi-framework#Prov_official
DEU,2014,developed_eu,X1,122.308668591557,official,world_bank,official_api,acquire,http://purl.org/dmi-framework#SE_X1_DEU_2014,http://purl.org/dmi-framework#Ind_X1,http://purl.org/dmi-framework#Country_DEU,http://purl.org/dmi-framework#Phase_Acquire,http://purl.org/dmi-framework#Source_world_bank,http://purl.org/dmi-framework#Prov_official
DEU,2015,developed_eu,X1,117.401165117624,official,world_bank,official_api,acquire,http://purl.org/dmi-framework#SE_X1_DEU_2015,http://purl.org/dmi-framework#Ind_X1,http://purl.org/dmi-framework#Country_DEU,http://purl.org/dmi-framework#Phase_Acquire,http://purl.org/dmi-framework#Source_world_bank,http://purl.org/dmi-framework#Prov_official
DEU,2016,developed_eu,X1,125.024012174369,official,world_bank,official_api,acquire,http://purl.org/dmi-framework#SE_X1_DEU_2016,http://purl.org/dmi-framework#Ind_X1,http://purl.org/dmi-framework#Country_DEU,http://purl.org/dmi-framework#Phase_Acquire,http://purl.org/dmi-framework#Source_world_bank,http://purl.org/dmi-framework#Prov_official
DEU,2017,developed_eu,X1,132.003261888443,official,world_bank,official_api,acquire,http://purl.org/dmi-framework#SE_X1_DEU_2017,http://purl.org/dmi-framework#Ind_X1,http://purl.org/dmi-framework#Country_DEU,http://purl.org/dmi-framework#Phase_Acquire,http://purl.org/dmi-framework#Source_world_bank,http://purl.org/dmi-framework#Prov_official
DEU,2018,developed_eu,X1,128.945577229674,official,world_bank,official_api,acquire,http://purl.org/dmi-framework#SE_X1_DEU_2018,http://purl.org/dmi-framework#Ind_X1,http://purl.org/dmi-framework#Country_DEU,http://purl.org/dmi-framework#Phase_Acquire,http://purl.org/dmi-framework#Source_world_bank,http://purl.org/dmi-framework#Prov_official
DEU,2019,developed_eu,X1,128.292298108313,official,world_bank,official_api,acquire,http://purl.org/dmi-framework#SE_X1_DEU_2019,http://purl.org/dmi-framework#Ind_X1,http://purl.org/dmi-framework#Country_DEU,http://purl.org/dmi-framework#Phase_Acquire,http://purl.org/dmi-framework#Source_world_bank,http://purl.org/dmi-framework#Prov_official
DEU,2020,developed_eu,X1,128.424798814302,official,world_bank,official_api,acquire,http://purl.org/dmi-framework#SE_X1_DEU_2020,http://purl.org/dmi-framework#Ind_X1,http://purl.org/dmi-framework#Country_DEU,http://purl.org/dmi-framework#Phase_Acquire,http://purl.org/dmi-framework#Source_world_bank,http://purl.org/dmi-framework#Prov_official
DEU,2021,developed_eu,X1,127.125099449404,official,world_bank,official_api,acquire,http://purl.org/dmi-framework#SE_X1_DEU_2021,http://purl.org/dmi-framework#Ind_X1,http://purl.org/dmi-framework#Country_DEU,http://purl.org/dmi-framework#Phase_Acquire,http://purl.org/dmi-framework#Source_world_bank,http://purl.org/dmi-framework#Prov_official
DEU,2022,developed_eu,X1,124.158264349285,official,world_bank,official_api,acquire,http://purl.org/dmi-framework#SE_X1_DEU_2022,http://purl.org/dmi-framework#Ind_X1,http://purl.org/dmi-framework#Country_DEU,http://purl.org/dmi-framework#Phase_Acquire,http://purl.org/dmi-framework#Source_world_bank,http://purl.org/dmi-framework#Prov_official
DEU,2023,developed_eu,X1,124.662572774586,official,world_bank,official_api,acquire,http://purl.org/dmi-framework#SE_X1_DEU_2023,http://purl.org/dmi-framework#Ind_X1,http://purl.org/dmi-framework#Country_DEU,http://purl.org/dmi-framework#Phase_Acquire,http://purl.org/dmi-framework#Source_world_bank,http://purl.org/dmi-framework#Prov_official
DEU,2024,developed_eu,X1,129.150921864378,official,world_bank,official_api,acquire,http://purl.org/dmi-framework#SE_X1_DEU_2024,http://purl.org/dmi-framework#Ind_X1,http://purl.org/dmi-framework#Country_DEU,http://purl.org/dmi-framework#Phase_Acquire,http://purl.org/dmi-framework#Source_world_bank,http://purl.org/dmi-framework#Prov_official
DEU,2025,developed_eu,X1,129.150921864378,carried_forward,world_bank,official_api,acquire,http://purl.org/dmi-framework#SE_X1_DEU_2025,http://purl.org/dmi-framework#Ind_X1,http://purl.org/dmi-framework#Country_DEU,http://purl.org/dmi-framework#Phase_Acquire,http://purl.org/dmi-framework#Source_world_bank,http://purl.org/dmi-framework#Prov_carried_forward
FRA,2012,developed_eu,X1,97.1924631662654,official,world_bank,official_api,acquire,http://purl.org/dmi-framework#SE_X1_FRA_2012,http://purl.org/dmi-framework#Ind_X1,http://purl.org/dmi-framework#Country_FRA,http://purl.org/dmi-framework#Phase_Acquire,http://purl.org/dmi-framework#Source_world_bank,http://purl.org/dmi-framework#Prov_official
FRA,2013,developed_eu,X1,98.347924466483,official,world_bank,official_api,acquire,http://purl.org/dmi-framework#SE_X1_FRA_2013,http://purl.org/dmi-framework#Ind_X1,http://purl.org/dmi-framework#Country_FRA,http://purl.org/dmi-framework#Phase_Acquire,http://purl.org/dmi-framework#Source_world_bank,http://purl.org/dmi-framework#Prov_official
FRA,2014,developed_eu,X1,101.132290573498,official,world_bank,official_api,acquire,http://purl.org/dmi-framework#SE_X1_FRA_2014,http://purl.org/dmi-framework#Ind_X1,http://purl.org/dmi-framework#Country_FRA,http://purl.org/dmi-framework#Phase_Acquire,http://purl.org/dmi-framework#Source_world_bank,http://purl.org/dmi-framework#Prov_official
FRA,2015,developed_eu,X1,102.718366606519,official,world_bank,official_api,acquire,http://purl.org/dmi-framework#SE_X1_FRA_2015,http://purl.org/dmi-framework#Ind_X1,http://purl.org/dmi-framework#Country_FRA,http://purl.org/dmi-framework#Phase_Acquire,http://purl.org/dmi-framework#Source_world_bank,http://purl.org/dmi-framework#Prov_official
FRA,2016,developed_eu,X1,103.816661597799,official,world_bank,official_api,acquire,http://purl.org/dmi-framework#SE_X1_FRA_2016,http://purl.org/dmi-framework#Ind_X1,http://purl.org/dmi-framework#Country_FRA,http://purl.org/dmi-framework#Phase_Acquire,http://purl.org/dmi-framework#Source_world_bank,http://purl.org/dmi-framework#Prov_official
FRA,2017,developed_eu,X1,105.718368398783,official,world_bank,official_api,acquire,http://purl.org/dmi-framework#SE_X1_FRA_2017,http://purl.org/dmi-framework#Ind_X1,http://purl.org/dmi-framework#Country_FRA,http://purl.org/dmi-framework#Phase_Acquire,http://purl.org/dmi-framework#Source_world_bank,http://purl.org/dmi-framework#Prov_official
FRA,2018,developed_eu,X1,107.482434668386,official,world_bank,official_api,acquire,http://purl.org/dmi-framework#SE_X1_FRA_2018,http://purl.org/dmi-framework#Ind_X1,http://purl.org/dmi-framework#Country_FRA,http://purl.org/dmi-framework#Phase_Acquire,http://purl.org/dmi-framework#Source_world_bank,http://purl.org/dmi-framework#Prov_official
FRA,2019,developed_eu,X1,109.600780374596,official,world_bank,official_api,acquire,http://purl.org/dmi-framework#SE_X1_FRA_2019,http://purl.org/dmi-framework#Ind_X1,http://purl.org/dmi-framework#Country_FRA,http://purl.org/dmi-framework#Phase_Acquire,http://purl.org/dmi-framework#Source_world_bank,http://purl.org/dmi-framework#Prov_official
FRA,2020,developed_eu,X1,110.387215275645,official,world_bank,official_api,acquire,http://purl.org/dmi-framework#SE_X1_FRA_2020,http://purl.org/dmi-framework#Ind_X1,http://purl.org/dmi-framework#Country_FRA,http://purl.org/dmi-framework#Phase_Acquire,http://purl.org/dmi-framework#Source_world_bank,http://purl.org/dmi-framework#Prov_official
FRA,2021,developed_eu,X1,113.952719366702,official,world_bank,official_api,acquire,http://purl.org/dmi-framework#SE_X1_FRA_2021,http://purl.org/dmi-framework#Ind_X1,http://purl.org/dmi-framework#Country_FRA,http://purl.org/dmi-framework#Phase_Acquire,http://purl.org/dmi-framework#Source_world_bank,http://purl.org/dmi-framework#Prov_official
FRA,2022,developed_eu,X1,115.950519429629,official,world_bank,official_api,acquire,http://purl.org/dmi-framework#SE_X1_FRA_2022,http://purl.org/dmi-framework#Ind_X1,http://purl.org/dmi-framework#Country_FRA,http://purl.org/dmi-framework#Phase_Acquire,http://purl.org/dmi-framework#Source_world_bank,http://purl.org/dmi-framework#Prov_official
FRA,2023,developed_eu,X1,116.687800394775,official,world_bank,official_api,acquire,http://purl.org/dmi-framework#SE_X1_FRA_2023,http://purl.org/dmi-framework#Ind_X1,http://purl.org/dmi-framework#Country_FRA,http://purl.org/dmi-framework#Phase_Acquire,http://purl.org/dmi-framework#Source_world_bank,http://purl.org/dmi-framework#Prov_official
FRA,2024,developed_eu,X1,116.687800394775,carried_forward,world_bank,official_api,acquire,http://purl.org/dmi-framework#SE_X1_FRA_2024,http://purl.org/dmi-framework#Ind_X1,http://purl.org/dmi-framework#Country_FRA,http://purl.org/dmi-framework#Phase_Acquire,http://purl.org/dmi-framework#Source_world_bank,http://purl.org/dmi-framework#Prov_carried_forward
FRA,2025,developed_eu,X1,116.687800394775,carried_forward,world_bank,official_api,acquire,http://purl.org/dmi-framework#SE_X1_FRA_2025,http://purl.org/dmi-framework#Ind_X1,http://purl.org/dmi-framework#Country_FRA,http://purl.org/dmi-framework#Phase_Acquire,http://purl.org/dmi-framework#Source_world_bank,http://purl.org/dmi-framework#Prov_carried_forward
GBR,2012,developed_eu,X1,122.465231814068,official,world_bank,official_api,acquire,http://purl.org/dmi-framework#SE_X1_GBR_2012,http://purl.org/dmi-framework#Ind_X1,http://purl.org/dmi-framework#Country_GBR,http://purl.org/dmi-framework#Phase_Acquire,http://purl.org/dmi-framework#Source_world_bank,http://purl.org/dmi-framework#Prov_official
GBR,2013,developed_eu,X1,122.184696024755,official,world_bank,official_api,acquire,http://purl.org/dmi-framework#SE_X1_GBR_2013,http://purl.org/dmi-framework#Ind_X1,http://purl.org/dmi-framework#Country_GBR,http://purl.org/dmi-framework#Phase_Acquire,http://purl.org/dmi-framework#Source_world_bank,http://purl.org/dmi-framework#Prov_official
GBR,2014,developed_eu,X1,120.958261038047,official,world_bank,official_api,acquire,http://purl.org/dmi-framework#SE_X1_GBR_2014,http://purl.org/dmi-framework#Ind_X1,http://purl.org/dmi-framework#Country_GBR,http://purl.org/dmi-framework#Phase_Acquire,http://purl.org/dmi-framework#Source_world_bank,http://purl.org/dmi-framework#Prov_official
GBR,2015,developed_eu,X1,121.211739725133,official,world_bank,official_api,acquire,http://purl.org/dmi-framework#SE_X1_GBR_2015,http://purl.org/dmi-framework#Ind_X1,http://purl.org/dmi-framework#Country_GBR,http://purl.org/dmi-framework#Phase_Acquire,http://purl.org/dmi-framework#Source_world_bank,http://purl.org/dmi-framework#Prov_official
GBR,2016,developed_eu,X1,119.786558760596,official,world_bank,official_api,acquire,http://purl.org/dmi-framework#SE_X1_GBR_2016,http://purl.org/dmi-framework#Ind_X1,http://purl.org/dmi-framework#Country_GBR,http://purl.org/dmi-framework#Phase_Acquire,http://purl.org/dmi-framework#Source_world_bank,http://purl.org/dmi-framework#Prov_official
GBR,2017,developed_eu,X1,119.206737402819,official,world_bank,official_api,acquire,http://purl.org/dmi-framework#SE_X1_GBR_2017,http://purl.org/dmi-framework#Ind_X1,http://purl.org/dmi-framework#Country_GBR,http://purl.org/dmi-framework#Phase_Acquire,http://purl.org/dmi-framework#Source_world_bank,http://purl.org/dmi-framework#Prov_official
GBR,2018,developed_eu,X1,118.184381927412,official,world_bank,official_api,acquire,http://purl.org/dmi-framework#SE_X1_GBR_2018,http://purl.org/dmi-framework#Ind_X1,http://purl.org/dmi-framework#Country_GBR,http://purl.org/dmi-framework#Phase_Acquire,http://purl.org/dmi-framework#Source_world_bank,http://purl.org/dmi-framework#Prov_official
GBR,2019,developed_eu,X1,120.250108782533,official,world_bank,official_api,acquire,http://purl.org/dmi-framework#SE_X1_GBR_2019,http://purl.org/dmi-framework#Ind_X1,http://purl.org/dmi-framework#Country_GBR,http://purl.org/dmi-framework#Phase_Acquire,http://purl.org/dmi-framework#Source_world_bank,http://purl.org/dmi-framework#Prov_official
GBR,2020,developed_eu,X1,117.304850715261,official,world_bank,official_api,acquire,http://purl.org/dmi-framework#SE_X1_GBR_2020,http://purl.org/dmi-framework#Ind_X1,http://purl.org/dmi-framework#Country_GBR,http://purl.org/dmi-framework#Phase_Acquire,http://purl.org/dmi-framework#Source_world_bank,http://purl.org/dmi-framework#Prov_official
GBR,2021,developed_eu,X1,117.887430294308,official,world_bank,official_api,acquire,http://purl.org/dmi-framework#SE_X1_GBR_2021,http://purl.org/dmi-framework#Ind_X1,http://purl.org/dmi-framework#Country_GBR,http://purl.org/dmi-framework#Phase_Acquire,http://purl.org/dmi-framework#Source_world_bank,http://purl.org/dmi-framework#Prov_official
GBR,2022,developed_eu,X1,119.833999505569,official,world_bank,official_api,acquire,http://purl.org/dmi-framework#SE_X1_GBR_2022,http://purl.org/dmi-framework#Ind_X1,http://purl.org/dmi-framework#Country_GBR,http://purl.org/dmi-framework#Phase_Acquire,http://purl.org/dmi-framework#Source_world_bank,http://purl.org/dmi-framework#Prov_official
GBR,2023,developed_eu,X1,122.781542240418,official,world_bank,official_api,acquire,http://purl.org/dmi-framework#SE_X1_GBR_2023,http://purl.org/dmi-framework#Ind_X1,http://purl.org/dmi-framework#Country_GBR,http://purl.org/dmi-framework#Phase_Acquire,http://purl.org/dmi-framework#Source_world_bank,http://purl.org/dmi-framework#Prov_official
GBR,2024,developed_eu,X1,121.643331373201,official,world_bank,official_api,acquire,http://purl.org/dmi-framework#SE_X1_GBR_2024,http://purl.org/dmi-framework#Ind_X1,http://purl.org/dmi-framework#Country_GBR,http://purl.org/dmi-framework#Phase_Acquire,http://purl.org/dmi-framework#Source_world_bank,http://purl.org/dmi-framework#Prov_official
GBR,2025,developed_eu,X1,121.643331373201,carried_forward,world_bank,official_api,acquire,http://purl.org/dmi-framework#SE_X1_GBR_2025,http://purl.org/dmi-framework#Ind_X1,http://purl.org/dmi-framework#Country_GBR,http://purl.org/dmi-framework#Phase_Acquire,http://purl.org/dmi-framework#Source_world_bank,http://purl.org/dmi-framework#Prov_carried_forward
IND,2012,developing,X1,67.6263517922249,official,world_bank,official_api,acquire,http://purl.org/dmi-framework#SE_X1_IND_2012,http://purl.org/dmi-framework#Ind_X1,http://purl.org/dmi-framework#Country_IND,http://purl.org/dmi-framework#Phase_Acquire,http://purl.org/dmi-framework#Source_world_bank,http://purl.org/dmi-framework#Prov_official
IND,2013,developing,X1,68.3966708179098,official,world_bank,official_api,acquire,http://purl.org/dmi-framework#SE_X1_IND_2013,http://purl.org/dmi-framework#Ind_X1,http://purl.org/dmi-framework#Country_IND,http://purl.org/dmi-framework#Phase_Acquire,http://purl.org/dmi-framework#Source_world_bank,http://purl.org/dmi-framework#Prov_official
IND,2014,developing,X1,71.9366825449914,official,world_bank,official_api,acquire,http://purl.org/dmi-framework#SE_X1_IND_2014,http://purl.org/dmi-framework#Ind_X1,http://purl.org/dmi-framework#Country_IND,http://purl.org/dmi-framework#Phase_Acquire,http://purl.org/dmi-framework#Source_world_bank,http://purl.org/dmi-framework#Prov_official
IND,2015,developing,X1,75.379332347226,official,world_bank,official_api,acquire,http://purl.org/dmi-framework#SE_X1_IND_2015,http://purl.org/dmi-framework#Ind_X1,http://purl.org/dmi-framework#Country_IND,http://purl.org/dmi-framework#Phase_Acquire,http://purl.org/dmi-framework#Source_world_bank,http://purl.org/dmi-framework#Prov_official
IND,2016,developing,X1,83.917838213735,official,world_bank,official_api,acquire,http://purl.org/dmi-framework#SE_X1_IND_2016,http://purl.org/dmi-framework#Ind_X1,http://purl.org/dmi-framework#Country_IND,http://purl.org/dmi-framework#Phase_Acquire,http://purl.org/dmi-framework#Source_world_bank,http://purl.org/dmi-framework#Prov_official
IND,2017,developing,X1,85.9703537817688,official,world_bank,official_api,acquire,http://purl.org/dmi-framework#SE_X1_IND_2017,http://purl.org/dmi-framework#Ind_X1,http://purl.org/dmi-framework#Country_IND,http://purl.org/dmi-framework#Phase_Acquire,http://purl.org/dmi-framework#Source_world_bank,http://purl.org/dmi-framework#Prov_official
IND,2018,developing,X1,85.5500756367908,official,world_bank,official_api,acquire,http://purl.org/dmi-framework#SE_X1_IND_2018,http://purl.org/dmi-framework#Ind_X1,http://purl.org/dmi-framework#Country_IND,http://purl.org/dmi-framework#Phase_Acquire,http://purl.org/dmi-framework#Source_world_bank,http://purl.org/dmi-framework#Prov_official
IND,2019,developing,X1,82.898144918237,official,world_bank,official_api,acquire,http://purl.org/dmi-framework#SE_X1_IND_2019,http://purl.org/dmi-framework#Ind_X1,http://purl.org/dmi-framework#Country_IND,http://purl.org/dmi-framework#Phase_Acquire,http://purl.org/dmi-framework#Source_world_bank,http://purl.org/dmi-framework#Prov_official
IND,2020,developing,X1,82.2540479927426,official,world_bank,official_api,acquire,http://purl.org/dmi-framework#SE_X1_IND_2020,http://purl.org/dmi-framework#Ind_X1,http://purl.org/dmi-framework#Country_IND,http://purl.org/dmi-framework#Phase_Acquire,http://purl.org/dmi-framework#Source_world_bank,http://purl.org/dmi-framework#Prov_official
IND,2021,developing,X1,81.603974311212,official,world_bank,official_api,acquire,http://purl.org/dmi-framework#SE_X1_IND_2021,http://purl.org/dmi-framework#Ind_X1,http://purl.org/dmi-framework#Country_IND,http://purl.org/dmi-framework#Phase_Acquire,http://purl.org/dmi-framework#Source_world_bank,http://purl.org/dmi-framework#Prov_official
IND,2022,developing,X1,80.1818007717416,official,world_bank,official_api,acquire,http://purl.org/dmi-framework#SE_X1_IND_2022,http://purl.org/dmi-framework#Ind_X1,http://purl.org/dmi-framework#Country_IND,http://purl.org/dmi-framework#Phase_Acquire,http://purl.org/dmi-framework#Source_world_bank,http://purl.org/dmi-framework#Prov_official
IND,2023,developing,X1,80.5631998772888,official,world_bank,official_api,acquire,http://purl.org/dmi-framework#SE_X1_IND_2023,http://purl.org/dmi-framework#Ind_X1,http://purl.org/dmi-framework#Country_IND,http://purl.org/dmi-framework#Phase_Acquire,http://purl.org/dmi-framework#Source_world_bank,http://purl.org/dmi-framework#Prov_official
IND,2024,developing,X1,79.3526921826412,official,world_bank,official_api,acquire,http://purl.org/dmi-framework#SE_X1_IND_2024,http://purl.org/dmi-framework#Ind_X1,http://purl.org/dmi-framework#Country_IND,http://purl.org/dmi-framework#Phase_Acquire,http://purl.org/dmi-framework#Source_world_bank,http://purl.org/dmi-framework#Prov_official
IND,2025,developing,X1,79.3526921826412,carried_forward,world_bank,official_api,acquire,http://purl.org/dmi-framework#SE_X1_IND_2025,http://purl.org/dmi-framework#Ind_X1,http://purl.org/dmi-framework#Country_IND,http://purl.org/dmi-framework#Phase_Acquire,http://purl.org/dmi-framework#Source_world_bank,http://purl.org/dmi-framework#Prov_carried_forward
MKD,2012,balkan,X1,110.268442239858,official,world_bank,official_api,acquire,http://purl.org/dmi-framework#SE_X1_MKD_2012,http://purl.org/dmi-framework#Ind_X1,http://purl.org/dmi-framework#Country_MKD,http://purl.org/dmi-framework#Phase_Acquire,http://purl.org/dmi-framework#Source_world_bank,http://purl.org/dmi-framework#Prov_official
MKD,2013,balkan,X1,111.124632440594,official,world_bank,official_api,acquire,http://purl.org/dmi-framework#SE_X1_MKD_2013,http://purl.org/dmi-framework#Ind_X1,http://purl.org/dmi-framework#Country_MKD,http://purl.org/dmi-framework#Phase_Acquire,http://purl.org/dmi-framework#Source_world_bank,http://purl.org/dmi-framework#Prov_official
MKD,2014,balkan,X1,111.342589695936,official,world_bank,official_api,acquire,http://purl.org/dmi-framework#SE_X1_MKD_2014,http://purl.org/dmi-framework#Ind_X1,http://purl.org/dmi-framework#Country_MKD,http://purl.org/dmi-framework#Phase_Acquire,http://purl.org/dmi-framework#Source_world_bank,http://purl.org/dmi-framework#Prov_official
MKD,2015,balkan,X1,105.212016364652,official,world_bank,official_api,acquire,http://purl.org/dmi-framework#SE_X1_MKD_2015,http://purl.org/dmi-framework#Ind_X1,http://purl.org/dmi-framework#Country_MKD,http://purl.org/dmi-framework#Phase_Acquire,http://purl.org/dmi-framework#Source_world_bank,http://purl.org/dmi-framework#Prov_official
MKD,2016,balkan,X1,104.549883518699,official,world_bank,official_api,acquire,http://purl.org/dmi-framework#SE_X1_MKD_2016,http://purl.org/dmi-framework#Ind_X1,http://purl.org/dmi-framework#Country_MKD,http://purl.org/dmi-framework#Phase_Acquire,http://purl.org/dmi-framework#Source_world_bank,http://purl.org/dmi-framework#Prov_official
MKD,2017,balkan,X1,103.458690624197,official,world_bank,official_api,acquire,http://purl.org/dmi-framework#SE_X1_MKD_2017,http://purl.org/dmi-framework#Ind_X1,http://purl.org/dmi-framework#Country_MKD,http://purl.org/dmi-framework#Phase_Acquire,http://purl.org/dmi-framework#Source_world_bank,http://purl.org/dmi-framework#Prov_official
MKD,2018,balkan,X1,102.572291491295,official,world_bank,official_api,acquire,http://purl.org/dmi-framework#SE_X1_MKD_2018,http://purl.org/dmi-framework#Ind_X1,http://purl.org/dmi-framework#Country_MKD,http://purl.org/dmi-framework#Phase_Acquire,http://purl.org/dmi-framework#Source_world_bank,http://purl.org/dmi-framework#Prov_official
MKD,2019,balkan,X1,101.231634434543,official,world_bank,official_api,acquire,http://purl.org/dmi-framework#SE_X1_MKD_2019,http://purl.org/dmi-framework#Ind_X1,http://purl.org/dmi-framework#Country_MKD,http://purl.org/dmi-framework#Phase_Acquire,http://purl.org/dmi-framework#Source_world_bank,http://purl.org/dmi-framework#Prov_official
MKD,2020,balkan,X1,99.4723867063031,official,world_bank,official_api,acquire,http://purl.org/dmi-framework#SE_X1_MKD_2020,http://purl.org/dmi-framework#Ind_X1,http://purl.org/dmi-framework#Country_MKD,http://purl.org/dmi-framework#Phase_Acquire,http://purl.org/dmi-framework#Source_world_bank,http://purl.org/dmi-framework#Prov_official
MKD,2021,balkan,X1,104.875134243923,official,world_bank,official_api,acquire,http://purl.org/dmi-framework#SE_X1_MKD_2021,http://purl.org/dmi-framework#Ind_X1,http://purl.org/dmi-framework#Country_MKD,http://purl.org/dmi-framework#Phase_Acquire,http://purl.org/dmi-framework#Source_world_bank,http://purl.org/dmi-framework#Prov_official
MKD,2022,balkan,X1,111.303079555687,official,world_bank,official_api,acquire,http://purl.org/dmi-framework#SE_X1_MKD_2022,http://purl.org/dmi-framework#Ind_X1,http://purl.org/dmi-framework#Country_MKD,http://purl.org/dmi-framework#Phase_Acquire,http://purl.org/dmi-framework#Source_world_bank,http://purl.org/dmi-framework#Prov_official
MKD,2023,balkan,X1,106.458776658176,official,world_bank,official_api,acquire,http://purl.org/dmi-framework#SE_X1_MKD_2023,http://purl.org/dmi-framework#Ind_X1,http://purl.org/dmi-framework#Country_MKD,http://purl.org/dmi-framework#Phase_Acquire,http://purl.org/dmi-framework#Source_world_bank,http://purl.org/dmi-framework#Prov_official
MKD,2024,balkan,X1,108.38712260883,official,world_bank,official_api,acquire,http://purl.org/dmi-framework#SE_X1_MKD_2024,http://purl.org/dmi-framework#Ind_X1,http://purl.org/dmi-framework#Country_MKD,http://purl.org/dmi-framework#Phase_Acquire,http://purl.org/dmi-framework#Source_world_bank,http://purl.org/dmi-framework#Prov_official
MKD,2025,balkan,X1,108.38712260883,carried_forward,world_bank,official_api,acquire,http://purl.org/dmi-framework#SE_X1_MKD_2025,http://purl.org/dmi-framework#Ind_X1,http://purl.org/dmi-framework#Country_MKD,http://purl.org/dmi-framework#Phase_Acquire,http://purl.org/dmi-framework#Source_world_bank,http://purl.org/dmi-framework#Prov_carried_forward
SRB,2012,balkan,X1,127.199184289925,official,world_bank,official_api,acquire,http://purl.org/dmi-framework#SE_X1_SRB_2012,http://purl.org/dmi-framework#Ind_X1,http://purl.org/dmi-framework#Country_SRB,http://purl.org/dmi-framework#Phase_Acquire,http://purl.org/dmi-framework#Source_world_bank,http://purl.org/dmi-framework#Prov_official
SRB,2013,balkan,X1,128.668140961621,official,world_bank,official_api,acquire,http://purl.org/dmi-framework#SE_X1_SRB_2013,http://purl.org/dmi-framework#Ind_X1,http://purl.org/dmi-framework#Country_SRB,http://purl.org/dmi-framework#Phase_Acquire,http://purl.org/dmi-framework#Source_world_bank,http://purl.org/dmi-framework#Prov_official
SRB,2014,balkan,X1,131.35311754636,official,world_bank,official_api,acquire,http://purl.org/dmi-framework#SE_X1_SRB_2014,http://purl.org/dmi-framework#Ind_X1,http://purl.org/dmi-framework#Country_SRB,http://purl.org/dmi-framework#Phase_Acquire,http://purl.org/dmi-framework#Source_world_bank,http://purl.org/dmi-framework#Prov_official
SRB,2015,balkan,X1,129.383588087229,official,world_bank,official_api,acquire,http://purl.org/dmi-framework#SE_X1_SRB_2015,http://purl.org/dmi-framework#Ind_X1,http://purl.org/dmi-framework#Country_SRB,http://purl.org/dmi-framework#Phase_Acquire,http://purl.org/dmi-framework#Source_world_bank,http://purl.org/dmi-framework#Prov_official
SRB,2016,balkan,X1,129.17749484679,official,world_bank,official_api,acquire,http://purl.org/dmi-framework#SE_X1_SRB_2016,http://purl.org/dmi-framework#Ind_X1,http://purl.org/dmi-framework#Country_SRB,http://purl.org/dmi-framework#Phase_Acquire,http://purl.org/dmi-framework#Source_world_bank,http://purl.org/dmi-framework#Prov_official
SRB,2017,balkan,X1,123.142754551775,official,world_bank,official_api,acquire,http://purl.org/dmi-framework#SE_X1_SRB_2017,http://purl.org/dmi-framework#Ind_X1,http://purl.org/dmi-framework#Country_SRB,http://purl.org/dmi-framework#Phase_Acquire,http://purl.org/dmi-framework#Source_world_bank,http://purl.org/dmi-framework#Prov_official
SRB,2018,balkan,X1,121.074823902706,official,world_bank,official_api,acquire,http://purl.org/dmi-framework#SE_X1_SRB_2018,http://purl.org/dmi-framework#Ind_X1,http://purl.org/dmi-framework#Country_SRB,http://purl.org/dmi-framework#Phase_Acquire,http://purl.org/dmi-framework#Source_world_bank,http://purl.org/dmi-framework#Prov_official
SRB,2019,balkan,X1,122.047741314232,official,world_bank,official_api,acquire,http://purl.org/dmi-framework#SE_X1_SRB_2019,http://purl.org/dmi-framework#Ind_X1,http://purl.org/dmi-framework#Country_SRB,http://purl.org/dmi-framework#Phase_Acquire,http://purl.org/dmi-framework#Source_world_bank,http://purl.org/dmi-framework#Prov_official
SRB,2020,balkan,X1,120.216859464106,official,world_bank,official_api,acquire,http://purl.org/dmi-framework#SE_X1_SRB_2020,http://purl.org/dmi-framework#Ind_X1,http://purl.org/dmi-framework#Country_SRB,http://purl.org/dmi-framework#Phase_Acquire,http://purl.org/dmi-framework#Source_world_bank,http://purl.org/dmi-framework#Prov_official
SRB,2021,balkan,X1,125.075587327252,official,world_bank,official_api,acquire,http://purl.org/dmi-framework#SE_X1_SRB_2021,http://purl.org/dmi-framework#Ind_X1,http://purl.org/dmi-framework#Country_SRB,http://purl.org/dmi-framework#Phase_Acquire,http://purl.org/dmi-framework#Source_world_bank,http://purl.org/dmi-framework#Prov_official
SRB,2022,balkan,X1,129.813149647571,official,world_bank,official_api,acquire,http://purl.org/dmi-framework#SE_X1_SRB_2022,http://purl.org/dmi-framework#Ind_X1,http://purl.org/dmi-framework#Country_SRB,http://purl.org/dmi-framework#Phase_Acquire,http://purl.org/dmi-framework#Source_world_bank,http://purl.org/dmi-framework#Prov_official
SRB,2023,balkan,X1,128.471147595832,official,world_bank,official_api,acquire,http://purl.org/dmi-framework#SE_X1_SRB_2023,http://purl.org/dmi-framework#Ind_X1,http://purl.org/dmi-framework#Country_SRB,http://purl.org/dmi-framework#Phase_Acquire,http://purl.org/dmi-framework#Source_world_bank,http://purl.org/dmi-framework#Prov_official
SRB,2024,balkan,X1,123.822194984291,official,world_bank,official_api,acquire,http://purl.org/dmi-framework#SE_X1_SRB_2024,http://purl.org/dmi-framework#Ind_X1,http://purl.org/dmi-framework#Country_SRB,http://purl.org/dmi-framework#Phase_Acquire,http://purl.org/dmi-framework#Source_world_bank,http://purl.org/dmi-framework#Prov_official
SRB,2025,balkan,X1,123.822194984291,carried_forward,world_bank,official_api,acquire,http://purl.org/dmi-framework#SE_X1_SRB_2025,http://purl.org/dmi-framework#Ind_X1,http://purl.org/dmi-framework#Country_SRB,http://purl.org/dmi-framework#Phase_Acquire,http://purl.org/dmi-framework#Source_world_bank,http://purl.org/dmi-framework#Prov_carried_forward
SVN,2012,balkan,X1,109.148058194505,official,world_bank,official_api,acquire,http://purl.org/dmi-framework#SE_X1_SVN_2012,http://purl.org/dmi-framework#Ind_X1,http://purl.org/dmi-framework#Country_SVN,http://purl.org/dmi-framework#Phase_Acquire,http://purl.org/dmi-framework#Source_world_bank,http://purl.org/dmi-framework#Prov_official
SVN,2013,balkan,X1,111.044907196462,official,world_bank,official_api,acquire,http://purl.org/dmi-framework#SE_X1_SVN_2013,http://purl.org/dmi-framework#Ind_X1,http://purl.org/dmi-framework#Country_SVN,http://purl.org/dmi-framework#Phase_Acquire,http://purl.org/dmi-framework#Source_world_bank,http://purl.org/dmi-framework#Prov_official
SVN,2014,balkan,X1,113.019086174171,official,world_bank,official_api,acquire,http://purl.org/dmi-framework#SE_X1_SVN_2014,http://purl.org/dmi-framework#Ind_X1,http://purl.org/dmi-framework#Country_SVN,http://purl.org/dmi-framework#Phase_Acquire,http://purl.org/dmi-framework#Source_world_bank,http://purl.org/dmi-framework#Prov_official
SVN,2015,balkan,X1,114.271192414174,official,world_bank,official_api,acquire,http://purl.org/dmi-framework#SE_X1_SVN_2015,http://purl.org/dmi-framework#Ind_X1,http://purl.org/dmi-framework#Country_SVN,http://purl.org/dmi-framework#Phase_Acquire,http://purl.org/dmi-framework#Source_world_bank,http://purl.org/dmi-framework#Prov_official
SVN,2016,balkan,X1,115.736307790972,official,world_bank,official_api,acquire,http://purl.org/dmi-framework#SE_X1_SVN_2016,http://purl.org/dmi-framework#Ind_X1,http://purl.org/dmi-framework#Country_SVN,http://purl.org/dmi-framework#Phase_Acquire,http://purl.org/dmi-framework#Source_world_bank,http://purl.org/dmi-framework#Prov_official
SVN,2017,balkan,X1,118.461993493049,official,world_bank,official_api,acquire,http://purl.org/dmi-framework#SE_X1_SVN_2017,http://purl.org/dmi-framework#Ind_X1,http://purl.org/dmi-framework#Country_SVN,http://purl.org/dmi-framework#Phase_Acquire,http://purl.org/dmi-framework#Source_world_bank,http://purl.org/dmi-framework#Prov_official
SVN,2018,balkan,X1,119.153401263409,official,world_bank,official_api,acquire,http://purl.org/dmi-framework#SE_X1_SVN_2018,http://purl.org/dmi-framework#Ind_X1,http://purl.org/dmi-framework#Country_SVN,http://purl.org/dmi-framework#Phase_Acquire,http://purl.org/dmi-framework#Source_world_bank,http://purl.org/dmi-framework#Prov_official
SVN,2019,balkan,X1,120.568876746571,official,world_bank,official_api,acquire,http://purl.org/dmi-framework#SE_X1_SVN_2019,http://purl.org/dmi-framework#Ind_X1,http://purl.org/dmi-framework#Country_SVN,http://purl.org/dmi-framework#Phase_Acquire,http://purl.org/dmi-framework#Source_world_bank,http://purl.org/dmi-framework#Prov_official
SVN,2020,balkan,X1,121.331428226248,official,world_bank,official_api,acquire,http://purl.org/dmi-framework#SE_X1_SVN_2020,http://purl.org/dmi-framework#Ind_X1,http://purl.org/dmi-framework#Country_SVN,http://purl.org/dmi-framework#Phase_Acquire,http://purl.org/dmi-framework#Source_world_bank,http://purl.org/dmi-framework#Prov_official
SVN,2021,balkan,X1,123.362924143622,official,world_bank,official_api,acquire,http://purl.org/dmi-framework#SE_X1_SVN_2021,http://purl.org/dmi-framework#Ind_X1,http://purl.org/dmi-framework#Country_SVN,http://purl.org/dmi-framework#Phase_Acquire,http://purl.org/dmi-framework#Source_world_bank,http://purl.org/dmi-framework#Prov_official
SVN,2022,balkan,X1,126.45918075971,official,world_bank,official_api,acquire,http://purl.org/dmi-framework#SE_X1_SVN_2022,http://purl.org/dmi-framework#Ind_X1,http://purl.org/dmi-framework#Country_SVN,http://purl.org/dmi-framework#Phase_Acquire,http://purl.org/dmi-framework#Source_world_bank,http://purl.org/dmi-framework#Prov_official
SVN,2023,balkan,X1,129.227963043737,official,world_bank,official_api,acquire,http://purl.org/dmi-framework#SE_X1_SVN_2023,http://purl.org/dmi-framework#Ind_X1,http://purl.org/dmi-framework#Country_SVN,http://purl.org/dmi-framework#Phase_Acquire,http://purl.org/dmi-framework#Source_world_bank,http://purl.org/dmi-framework#Prov_official
SVN,2024,balkan,X1,130.86090177123,official,world_bank,official_api,acquire,http://purl.org/dmi-framework#SE_X1_SVN_2024,http://purl.org/dmi-framework#Ind_X1,http://purl.org/dmi-framework#Country_SVN,http://purl.org/dmi-framework#Phase_Acquire,http://purl.org/dmi-framework#Source_world_bank,http://purl.org/dmi-framework#Prov_official
SVN,2025,balkan,X1,130.86090177123,carried_forward,world_bank,official_api,acquire,http://purl.org/dmi-framework#SE_X1_SVN_2025,http://purl.org/dmi-framework#Ind_X1,http://purl.org/dmi-framework#Country_SVN,http://purl.org/dmi-framework#Phase_Acquire,http://purl.org/dmi-framework#Source_world_bank,http://purl.org/dmi-framework#Prov_carried_forward
USA,2012,developed_non_eu,X1,96.1284261999864,official,world_bank,official_api,acquire,http://purl.org/dmi-framework#SE_X1_USA_2012,http://purl.org/dmi-framework#Ind_X1,http://purl.org/dmi-framework#Country_USA,http://purl.org/dmi-framework#Phase_Acquire,http://purl.org/dmi-framework#Source_world_bank,http://purl.org/dmi-framework#Prov_official
USA,2013,developed_non_eu,X1,97.0595305732914,official,world_bank,official_api,acquire,http://purl.org/dmi-framework#SE_X1_USA_2013,http://purl.org/dmi-framework#Ind_X1,http://purl.org/dmi-framework#Country_USA,http://purl.org/dmi-framework#Phase_Acquire,http://purl.org/dmi-framework#Source_world_bank,http://purl.org/dmi-framework#Prov_official
USA,2014,developed_non_eu,X1,99.839569071329,official,world_bank,official_api,acquire,http://purl.org/dmi-framework#SE_X1_USA_2014,http://purl.org/dmi-framework#Ind_X1,http://purl.org/dmi-framework#Country_USA,http://purl.org/dmi-framework#Phase_Acquire,http://purl.org/dmi-framework#Source_world_bank,http://purl.org/dmi-framework#Prov_official
USA,2015,developed_non_eu,X1,101.831958781319,official,world_bank,official_api,acquire,http://purl.org/dmi-framework#SE_X1_USA_2015,http://purl.org/dmi-framework#Ind_X1,http://purl.org/dmi-framework#Country_USA,http://purl.org/dmi-framework#Phase_Acquire,http://purl.org/dmi-framework#Source_world_bank,http://purl.org/dmi-framework#Prov_official
USA,2016,developed_non_eu,X1,102.751864866695,official,world_bank,official_api,acquire,http://purl.org/dmi-framework#SE_X1_USA_2016,http://purl.org/dmi-framework#Ind_X1,http://purl.org/dmi-framework#Country_USA,http://purl.org/dmi-framework#Phase_Acquire,http://purl.org/dmi-framework#Source_world_bank,http://purl.org/dmi-framework#Prov_official
USA,2017,developed_non_eu,X1,102.380562632686,official,world_bank,official_api,acquire,http://purl.org/dmi-framework#SE_X1_USA_2017,http://purl.org/dmi-framework#Ind_X1,http://purl.org/dmi-framework#Country_USA,http://purl.org/dmi-framework#Phase_Acquire,http://purl.org/dmi-framework#Source_world_bank,http://purl.org/dmi-framework#Prov_official
USA,2018,developed_non_eu,X1,103.935307364,official,world_bank,official_api,acquire,http://purl.org/dmi-framework#SE_X1_USA_2018,http://purl.org/dmi-framework#Ind_X1,http://purl.org/dmi-framework#Country_USA,http://purl.org/dmi-framework#Phase_Acquire,http://purl.org/dmi-framework#Source_world_bank,http://purl.org/dmi-framework#Prov_official
USA,2019,developed_non_eu,X1,105.32074052965,official,world_bank,official_api,acquire,http://purl.org/dmi-framework#SE_X1_USA_2019,http://purl.org/dmi-framework#Ind_X1,http://purl.org/dmi-framework#Country_USA,http://purl.org/dmi-framework#Phase_Acquire,http://purl.org/dmi-framework#Source_world_bank,http://purl.org/dmi-framework#Prov_official
USA,2020,developed_non_eu,X1,103.855170008567,official,world_bank,official_api,acquire,http://purl.org/dmi-framework#SE_X1_USA_2020,http://purl.org/dmi-framework#Ind_X1,http://purl.org/dmi-framework#Country_USA,http://purl.org/dmi-framework#Phase_Acquire,http://purl.org/dmi-framework#Source_world_bank,http://purl.org/dmi-framework#Prov_official
USA,2021,developed_non_eu,X1,106.324514306135,official,world_bank,official_api,acquire,http://purl.org/dmi-framework#SE_X1_USA_2021,http://purl.org/dmi-framework#Ind_X1,http://purl.org/dmi-framework#Country_USA,http://purl.org/dmi-framework#Phase_Acquire,http://purl.org/dmi-framework#Source_world_bank,http://purl.org/dmi-framework#Prov_official
USA,2022,developed_non_eu,X1,108.785640656159,official,world_bank,official_api,acquire,http://purl.org/dmi-framework#SE_X1_USA_2022,http://purl.org/dmi-framework#Ind_X1,http://purl.org/dmi-framework#Country_USA,http://purl.org/dmi-framework#Phase_Acquire,http://purl.org/dmi-framework#Source_world_bank,http://purl.org/dmi-framework#Prov_official
USA,2023,developed_non_eu,X1,112.410910606372,official,world_bank,official_api,acquire,http://purl.org/dmi-framework#SE_X1_USA_2023,http://purl.org/dmi-framework#Ind_X1,http://purl.org/dmi-framework#Country_USA,http://purl.org/dmi-framework#Phase_Acquire,http://purl.org/dmi-framework#Source_world_bank,http://purl.org/dmi-framework#Prov_official
USA,2024,developed_non_eu,X1,113.190481805755,official,world_bank,official_api,acquire,http://purl.org/dmi-framework#SE_X1_USA_2024,http://purl.org/dmi-framework#Ind_X1,http://purl.org/dmi-framework#Country_USA,http://purl.org/dmi-framework#Phase_Acquire,http://purl.org/dmi-framework#Source_world_bank,http://purl.org/dmi-framework#Prov_official
USA,2025,developed_non_eu,X1,113.190481805755,carried_forward,world_bank,official_api,acquire,http://purl.org/dmi-framework#SE_X1_USA_2025,http://purl.org/dmi-framework#Ind_X1,http://purl.org/dmi-framework#Country_USA,http://purl.org/dmi-framework#Phase_Acquire,http://purl.org/dmi-framework#Source_world_bank,http://purl.org/dmi-framework#Prov_carried_forward
ARG,2012,developing,X2,12.211510531081,official,world_bank,official_api,acquire,http://purl.org/dmi-framework#SE_X2_ARG_2012,http://purl.org/dmi-framework#Ind_X2,http://purl.org/dmi-framework#Country_ARG,http://purl.org/dmi-framework#Phase_Acquire,http://purl.org/dmi-framework#Source_world_bank,http://purl.org/dmi-framework#Prov_official
ARG,2013,developing,X2,14.6798018103935,official,world_bank,official_api,acquire,http://purl.org/dmi-framework#SE_X2_ARG_2013,http://purl.org/dmi-framework#Ind_X2,http://purl.org/dmi-framework#Country_ARG,http://purl.org/dmi-framework#Phase_Acquire,http://purl.org/dmi-framework#Source_world_bank,http://purl.org/dmi-framework#Prov_official
ARG,2014,developing,X2,15.1530476974157,official,world_bank,official_api,acquire,http://purl.org/dmi-framework#SE_X2_ARG_2014,http://purl.org/dmi-framework#Ind_X2,http://purl.org/dmi-framework#Country_ARG,http://purl.org/dmi-framework#Phase_Acquire,http://purl.org/dmi-framework#Source_world_bank,http://purl.org/dmi-framework#Prov_official
ARG,2015,developing,X2,15.768878045253,official,world_bank,official_api,acquire,http://purl.org/dmi-framework#SE_X2_ARG_2015,http://purl.org/dmi-framework#Ind_X2,http://purl.org/dmi-framework#Country_ARG,http://purl.org/dmi-framework#Phase_Acquire,http://purl.org/dmi-framework#Source_world_bank,http://purl.org/dmi-framework#Prov_official
ARG,2016,developing,X2,16.5184995378051,official,world_bank,official_api,acquire,http://purl.org/dmi-framework#SE_X2_ARG_2016,http://purl.org/dmi-framework#Ind_X2,http://purl.org/dmi-framework#Country_ARG,http://purl.org/dmi-framework#Phase_Acquire,http://purl.org/dmi-framework#Source_world_bank,http://purl.org/dmi-framework#Prov_official
ARG,2017,developing,X2,17.7082272589602,official,world_bank,official_api,acquire,http://purl.org/dmi-framework#SE_X2_ARG_2017,http://purl.org/dmi-framework#Ind_X2,http://purl.org/dmi-framework#Country_ARG,http://purl.org/dmi-framework#Phase_Acquire,http://purl.org/dmi-framework#Source_world_bank,http://purl.org/dmi-framework#Prov_official
ARG,2018,developing,X2,18.9758759187853,official,world_bank,official_api,acquire,http://purl.org/dmi-framework#SE_X2_ARG_2018,http://purl.org/dmi-framework#Ind_X2,http://purl.org/dmi-framework#Country_ARG,http://purl.org/dmi-framework#Phase_Acquire,http://purl.org/dmi-framework#Source_world_bank,http://purl.org/dmi-framework#Prov_official
ARG,2019,developing,X2,19.551931344405,official,world_bank,official_api,acquire,http://purl.org/dmi-framework#SE_X2_ARG_2019,http://purl.org/dmi-framework#Ind_X2,http://purl.org/dmi-framework#Country_ARG,http://purl.org/dmi-framework#Phase_Acquire,http://purl.org/dmi-framework#Source_world_bank,http://purl.org/dmi-framework#Prov_official
ARG,2020,developing,X2,21.1797871590669,official,world_bank,official_api,acquire,http://purl.org/dmi-framework#SE_X2_ARG_2020,http://purl.org/dmi-framework#Ind_X2,http://purl.org/dmi-framework#Country_ARG,http://purl.org/dmi-framework#Phase_Acquire,http://purl.org/dmi-framework#Source_world_bank,http://purl.org/dmi-framework#Prov_official
ARG,2021,developing,X2,23.1500020932515,official,world_bank,official_api,acquire,http://purl.org/dmi-framework#SE_X2_ARG_2021,http://purl.org/dmi-framework#Ind_X2,http://purl.org/dmi-framework#Country_ARG,http://purl.org/dmi-framework#Phase_Acquire,http://purl.org/dmi-framework#Source_world_bank,http://purl.org/dmi-framework#Prov_official
ARG,2022,developing,X2,24.6831785056628,official,world_bank,official_api,acquire,http://purl.org/dmi-framework#SE_X2_ARG_2022,http://purl.org/dmi-framework#Ind_X2,http://purl.org/dmi-framework#Country_ARG,http://purl.org/dmi-framework#Phase_Acquire,http://purl.org/dmi-framework#Source_world_bank,http://purl.org/dmi-framework#Prov_official
ARG,2023,developing,X2,25.3580730689248,official,world_bank,official_api,acquire,http://purl.org/dmi-framework#SE_X2_ARG_2023,http://purl.org/dmi-framework#Ind_X2,http://purl.org/dmi-framework#Country_ARG,http://purl.org/dmi-framework#Phase_Acquire,http://purl.org/dmi-framework#Source_world_bank,http://purl.org/dmi-framework#Prov_official
ARG,2024,developing,X2,26.0976420359532,official,world_bank,official_api,acquire,http://purl.org/dmi-framework#SE_X2_ARG_2024,http://purl.org/dmi-framework#Ind_X2,http://purl.org/dmi-framework#Country_ARG,http://purl.org/dmi-framework#Phase_Acquire,http://purl.org/dmi-framework#Source_world_bank,http://purl.org/dmi-framework#Prov_official
ARG,2025,developing,X2,26.0976420359532,carried_forward,world_bank,official_api,acquire,http://purl.org/dmi-framework#SE_X2_ARG_2025,http://purl.org/dmi-framework#Ind_X2,http://purl.org/dmi-framework#Country_ARG,http://purl.org/dmi-framework#Phase_Acquire,http://purl.org/dmi-framework#Source_world_bank,http://purl.org/dmi-framework#Prov_carried_forward
AUS,2012,developed_non_eu,X2,25.0955644344698,official,world_bank,official_api,acquire,http://purl.org/dmi-framework#SE_X2_AUS_2012,http://purl.org/dmi-framework#Ind_X2,http://purl.org/dmi-framework#Country_AUS,http://purl.org/dmi-framework#Phase_Acquire,http://purl.org/dmi-framework#Source_world_bank,http://purl.org/dmi-framework#Prov_official
AUS,2013,developed_non_eu,X2,25.7399315811014,official,world_bank,official_api,acquire,http://purl.org/dmi-framework#SE_X2_AUS_2013,http://purl.org/dmi-framework#Ind_X2,http://purl.org/dmi-framework#Country_AUS,http://purl.org/dmi-framework#Phase_Acquire,http://purl.org/dmi-framework#Source_world_bank,http://purl.org/dmi-framework#Prov_official
AUS,2014,developed_non_eu,X2,27.7000785019208,official,world_bank,official_api,acquire,http://purl.org/dmi-framework#SE_X2_AUS_2014,http://purl.org/dmi-framework#Ind_X2,http://purl.org/dmi-framework#Country_AUS,http://purl.org/dmi-framework#Phase_Acquire,http://purl.org/dmi-framework#Source_world_bank,http://purl.org/dmi-framework#Prov_official
AUS,2015,developed_non_eu,X2,28.5117731324726,official,world_bank,official_api,acquire,http://purl.org/dmi-framework#SE_X2_AUS_2015,http://purl.org/dmi-framework#Ind_X2,http://purl.org/dmi-framework#Country_AUS,http://purl.org/dmi-framework#Phase_Acquire,http://purl.org/dmi-framework#Source_world_bank,http://purl.org/dmi-framework#Prov_official
AUS,2016,developed_non_eu,X2,30.3083074972206,official,world_bank,official_api,acquire,http://purl.org/dmi-framework#SE_X2_AUS_2016,http://purl.org/dmi-framework#Ind_X2,http://purl.org/dmi-framework#Country_AUS,http://purl.org/dmi-framework#Phase_Acquire,http://purl.org/dmi-framework#Source_world_bank,http://purl.org/dmi-framework#Prov_official
AUS,2017,developed_non_eu,X2,32.0326223266488,official,world_bank,official_api,acquire,http://purl.org/dmi-framework#SE_X2_AUS_2017,http://purl.org/dmi-framework#Ind_X2,http://purl.org/dmi-framework#Country_AUS,http://purl.org/dmi-framework#Phase_Acquire,http://purl.org/dmi-framework#Source_world_bank,http://purl.org/dmi-framework#Prov_official
AUS,2018,developed_non_eu,X2,33.5486251312018,official,world_bank,official_api,acquire,http://purl.org/dmi-framework#SE_X2_AUS_2018,http://purl.org/dmi-framework#Ind_X2,http://purl.org/dmi-framework#Country_AUS,http://purl.org/dmi-framework#Phase_Acquire,http://purl.org/dmi-framework#Source_world_bank,http://purl.org/dmi-framework#Prov_official
AUS,2019,developed_non_eu,X2,34.5434163723691,official,world_bank,official_api,acquire,http://purl.org/dmi-framework#SE_X2_AUS_2019,http://purl.org/dmi-framework#Ind_X2,http://purl.org/dmi-framework#Country_AUS,http://purl.org/dmi-framework#Phase_Acquire,http://purl.org/dmi-framework#Source_world_bank,http://purl.org/dmi-framework#Prov_official
AUS,2020,developed_non_eu,X2,35.346849265518,official,world_bank,official_api,acquire,http://purl.org/dmi-framework#SE_X2_AUS_2020,http://purl.org/dmi-framework#Ind_X2,http://purl.org/dmi-framework#Country_AUS,http://purl.org/dmi-framework#Phase_Acquire,http://purl.org/dmi-framework#Source_world_bank,http://purl.org/dmi-framework#Prov_official
AUS,2021,developed_non_eu,X2,35.8359861455454,official,world_bank,official_api,acquire,http://purl.org/dmi-framework#SE_X2_AUS_2021,http://purl.org/dmi-framework#Ind_X2,http://purl.org/dmi-framework#Country_AUS,http://purl.org/dmi-framework#Phase_Acquire,http://purl.org/dmi-framework#Source_world_bank,http://purl.org/dmi-framework#Prov_official
AUS,2022,developed_non_eu,X2,36.3933201898066,official,world_bank,official_api,acquire,http://purl.org/dmi-framework#SE_X2_AUS_2022,http://purl.org/dmi-framework#Ind_X2,http://purl.org/dmi-framework#Country_AUS,http://purl.org/dmi-framework#Phase_Acquire,http://purl.org/dmi-framework#Source_world_bank,http://purl.org/dmi-framework#Prov_official
AUS,2023,developed_non_eu,X2,36.627426494239,official,world_bank,official_api,acquire,http://purl.org/dmi-framework#SE_X2_AUS_2023,http://purl.org/dmi-framework#Ind_X2,http://purl.org/dmi-framework#Country_AUS,http://purl.org/dmi-framework#Phase_Acquire,http://purl.org/dmi-framework#Source_world_bank,http://purl.org/dmi-framework#Prov_official
AUS,2024,developed_non_eu,X2,36.4788276060473,official,world_bank,official_api,acquire,http://purl.org/dmi-framework#SE_X2_AUS_2024,http://purl.org/dmi-framework#Ind_X2,http://purl.org/dmi-framework#Country_AUS,http://purl.org/dmi-framework#Phase_Acquire,http://purl.org/dmi-framework#Source_world_bank,http://purl.org/dmi-framework#Prov_official
AUS,2025,developed_non_eu,X2,36.4788276060473,carried_forward,world_bank,official_api,acquire,http://purl.org/dmi-framework#SE_X2_AUS_2025,http://purl.org/dmi-framework#Ind_X2,http://purl.org/dmi-framework#Country_AUS,http://purl.org/dmi-framework#Phase_Acquire,http://purl.org/dmi-framework#Source_world_bank,http://purl.org/dmi-framework#Prov_carried_forward
BRA,2012,developing,X2,9.71151141846763,official,world_bank,official_api,acquire,http://purl.org/dmi-framework#SE_X2_BRA_2012,http://purl.org/dmi-framework#Ind_X2,http://purl.org/dmi-framework#Country_BRA,http://purl.org/dmi-framework#Phase_Acquire,http://purl.org/dmi-framework#Source_world_bank,http://purl.org/dmi-framework#Prov_official
BRA,2013,developing,X2,10.7622017659472,official,world_bank,official_api,acquire,http://purl.org/dmi-framework#SE_X2_BRA_2013,http://purl.org/dmi-framework#Ind_X2,http://purl.org/dmi-framework#Country_BRA,http://purl.org/dmi-framework#Phase_Acquire,http://purl.org/dmi-framework#Source_world_bank,http://purl.org/dmi-framework#Prov_official
BRA,2014,developing,X2,11.9790772854396,official,world_bank,official_api,acquire,http://purl.org/dmi-framework#SE_X2_BRA_2014,http://purl.org/dmi-framework#Ind_X2,http://purl.org/dmi-framework#Country_BRA,http://purl.org/dmi-framework#Phase_Acquire,http://purl.org/dmi-framework#Source_world_bank,http://purl.org/dmi-framework#Prov_official
BRA,2015,developing,X2,12.6353840484725,official,world_bank,official_api,acquire,http://purl.org/dmi-framework#SE_X2_BRA_2015,http://purl.org/dmi-framework#Ind_X2,http://purl.org/dmi-framework#Country_BRA,http://purl.org/dmi-framework#Phase_Acquire,http://purl.org/dmi-framework#Source_world_bank,http://purl.org/dmi-framework#Prov_official
BRA,2016,developing,X2,13.217709027651,official,world_bank,official_api,acquire,http://purl.org/dmi-framework#SE_X2_BRA_2016,http://purl.org/dmi-framework#Ind_X2,http://purl.org/dmi-framework#Country_BRA,http://purl.org/dmi-framework#Phase_Acquire,http://purl.org/dmi-framework#Source_world_bank,http://purl.org/dmi-framework#Prov_official
BRA,2017,developing,X2,14.1218273097456,official,world_bank,official_api,acquire,http://purl.org/dmi-framework#SE_X2_BRA_2017,http://purl.org/dmi-framework#Ind_X2,http://purl.org/dmi-framework#Country_BRA,http://purl.org/dmi-framework#Phase_Acquire,http://purl.org/dmi-framework#Source_world_bank,http://purl.org/dmi-framework#Prov_official
BRA,2018,developing,X2,15.1537620986579,official,world_bank,official_api,acquire,http://purl.org/dmi-framework#SE_X2_BRA_2018,http://purl.org/dmi-framework#Ind_X2,http://purl.org/dmi-framework#Country_BRA,http://purl.org/dmi-framework#Phase_Acquire,http://purl.org/dmi-framework#Source_world_bank,http://purl.org/dmi-framework#Prov_official
BRA,2019,developing,X2,15.8621991239093,official,world_bank,official_api,acquire,http://purl.org/dmi-framework#SE_X2_BRA_2019,http://purl.org/dmi-framework#Ind_X2,http://purl.org/dmi-framework#Country_BRA,http://purl.org/dmi-framework#Phase_Acquire,http://purl.org/dmi-framework#Source_world_bank,http://purl.org/dmi-framework#Prov_official
BRA,2020,developing,X2,17.418059685583,official,world_bank,official_api,acquire,http://purl.org/dmi-framework#SE_X2_BRA_2020,http://purl.org/dmi-framework#Ind_X2,http://purl.org/dmi-framework#Country_BRA,http://purl.org/dmi-framework#Phase_Acquire,http://purl.org/dmi-framework#Source_world_bank,http://purl.org/dmi-framework#Prov_official
BRA,2021,developing,X2,19.8363162401481,official,world_bank,official_api,acquire,http://purl.org/dmi-framework#SE_X2_BRA_2021,http://purl.org/dmi-framework#Ind_X2,http://purl.org/dmi-framework#Country_BRA,http://purl.org/dmi-framework#Phase_Acquire,http://purl.org/dmi-framework#Source_world_bank,http://purl.org/dmi-framework#Prov_official
BRA,2022,developing,X2,20.9534469027015,official,world_bank,official_api,acquire,http://purl.org/dmi-framework#SE_X2_BRA_2022,http://purl.org/dmi-framework#Ind_X2,http://purl.org/dmi-framework#Country_BRA,http://purl.org/dmi-framework#Phase_Acquire,http://purl.org/dmi-framework#Source_world_bank,http://purl.org/dmi-framework#Prov_official
BRA,2023,developing,X2,22.4192301618889,official,world_bank,official_api,acquire,http://purl.org/dmi-framework#SE_X2_BRA_2023,http://purl.org/dmi-framework#Ind_X2,http://purl.org/dmi-framework#Country_BRA,http://purl.org/dmi-framework#Phase_Acquire,http://purl.org/dmi-framework#Source_world_bank,http://purl.org/dmi-framework#Prov_official
BRA,2024,developing,X2,24.079199344422,official,world_bank,official_api,acquire,http://purl.org/dmi-framework#SE_X2_BRA_2024,http://purl.org/dmi-framework#Ind_X2,http://purl.org/dmi-framework#Country_BRA,http://purl.org/dmi-framework#Phase_Acquire,http://purl.org/dmi-framework#Source_world_bank,http://purl.org/dmi-framework#Prov_official
BRA,2025,developing,X2,24.079199344422,carried_forward,world_bank,official_api,acquire,http://purl.org/dmi-framework#SE_X2_BRA_2025,http://purl.org/dmi-framework#Ind_X2,http://purl.org/dmi-framework#Country_BRA,http://purl.org/dmi-framework#Phase_Acquire,http://purl.org/dmi-framework#Source_world_bank,http://purl.org/dmi-framework#Prov_carried_forward
CAN,2012,developed_non_eu,X2,33.4738596726536,official,world_bank,official_api,acquire,http://purl.org/dmi-framework#SE_X2_CAN_2012,http://purl.org/dmi-framework#Ind_X2,http://purl.org/dmi-framework#Country_CAN,http://purl.org/dmi-framework#Phase_Acquire,http://purl.org/dmi-framework#Source_world_bank,http://purl.org/dmi-framework#Prov_official
CAN,2013,developed_non_eu,X2,34.2683042479886,official,world_bank,official_api,acquire,http://purl.org/dmi-framework#SE_X2_CAN_2013,http://purl.org/dmi-framework#Ind_X2,http://purl.org/dmi-framework#Country_CAN,http://purl.org/dmi-framework#Phase_Acquire,http://purl.org/dmi-framework#Source_world_bank,http://purl.org/dmi-framework#Prov_official
CAN,2014,developed_non_eu,X2,35.2694249557112,official,world_bank,official_api,acquire,http://purl.org/dmi-framework#SE_X2_CAN_2014,http://purl.org/dmi-framework#Ind_X2,http://purl.org/dmi-framework#Country_CAN,http://purl.org/dmi-framework#Phase_Acquire,http://purl.org/dmi-framework#Source_world_bank,http://purl.org/dmi-framework#Prov_official
CAN,2015,developed_non_eu,X2,36.4698589080979,official,world_bank,official_api,acquire,http://purl.org/dmi-framework#SE_X2_CAN_2015,http://purl.org/dmi-framework#Ind_X2,http://purl.org/dmi-framework#Country_CAN,http://purl.org/dmi-framework#Phase_Acquire,http://purl.org/dmi-framework#Source_world_bank,http://purl.org/dmi-framework#Prov_official
CAN,2016,developed_non_eu,X2,36.8232874759276,official,world_bank,official_api,acquire,http://purl.org/dmi-framework#SE_X2_CAN_2016,http://purl.org/dmi-framework#Ind_X2,http://purl.org/dmi-framework#Country_CAN,http://purl.org/dmi-framework#Phase_Acquire,http://purl.org/dmi-framework#Source_world_bank,http://purl.org/dmi-framework#Prov_official
CAN,2017,developed_non_eu,X2,37.8276923396247,official,world_bank,official_api,acquire,http://purl.org/dmi-framework#SE_X2_CAN_2017,http://purl.org/dmi-framework#Ind_X2,http://purl.org/dmi-framework#Country_CAN,http://purl.org/dmi-framework#Phase_Acquire,http://purl.org/dmi-framework#Source_world_bank,http://purl.org/dmi-framework#Prov_official
CAN,2018,developed_non_eu,X2,38.7333531661948,official,world_bank,official_api,acquire,http://purl.org/dmi-framework#SE_X2_CAN_2018,http://purl.org/dmi-framework#Ind_X2,http://purl.org/dmi-framework#Country_CAN,http://purl.org/dmi-framework#Phase_Acquire,http://purl.org/dmi-framework#Source_world_bank,http://purl.org/dmi-framework#Prov_official
CAN,2019,developed_non_eu,X2,40.076756874499,official,world_bank,official_api,acquire,http://purl.org/dmi-framework#SE_X2_CAN_2019,http://purl.org/dmi-framework#Ind_X2,http://purl.org/dmi-framework#Country_CAN,http://purl.org/dmi-framework#Phase_Acquire,http://purl.org/dmi-framework#Source_world_bank,http://purl.org/dmi-framework#Prov_official
CAN,2020,developed_non_eu,X2,40.7949805592606,official,world_bank,official_api,acquire,http://purl.org/dmi-framework#SE_X2_CAN_2020,http://purl.org/dmi-framework#Ind_X2,http://purl.org/dmi-framework#Country_CAN,http://purl.org/dmi-framework#Phase_Acquire,http://purl.org/dmi-framework#Source_world_bank,http://purl.org/dmi-framework#Prov_official
CAN,2021,developed_non_eu,X2,41.6930962576979,official,world_bank,official_api,acquire,http://purl.org/dmi-framework#SE_X2_CAN_2021,http://purl.org/dmi-framework#Ind_X2,http://purl.org/dmi-framework#Country_CAN,http://purl.org/dmi-framework#Phase_Acquire,http://purl.org/dmi-framework#Source_world_bank,http://purl.org/dmi-framework#Prov_official
CAN,2022,developed_non_eu,X2,42.1792116530791,official,world_bank,official_api,acquire,http://purl.org/dmi-framework#SE_X2_CAN_2022,http://purl.org/dmi-framework#Ind_X2,http://purl.org/dmi-framework#Country_CAN,http://purl.org/dmi-framework#Phase_Acquire,http://purl.org/dmi-framework#Source_world_bank,http://purl.org/dmi-framework#Prov_official
CAN,2023,developed_non_eu,X2,42.5241770773151,official,world_bank,official_api,acquire,http://purl.org/dmi-framework#SE_X2_CAN_2023,http://purl.org/dmi-framework#Ind_X2,http://purl.org/dmi-framework#Country_CAN,http://purl.org/dmi-framework#Phase_Acquire,http://purl.org/dmi-framework#Source_world_bank,http://purl.org/dmi-framework#Prov_official
CAN,2024,developed_non_eu,X2,42.5238215177079,official,world_bank,official_api,acquire,http://purl.org/dmi-framework#SE_X2_CAN_2024,http://purl.org/dmi-framework#Ind_X2,http://purl.org/dmi-framework#Country_CAN,http://purl.org/dmi-framework#Phase_Acquire,http://purl.org/dmi-framework#Source_world_bank,http://purl.org/dmi-framework#Prov_official
CAN,2025,developed_non_eu,X2,42.5238215177079,carried_forward,world_bank,official_api,acquire,http://purl.org/dmi-framework#SE_X2_CAN_2025,http://purl.org/dmi-framework#Ind_X2,http://purl.org/dmi-framework#Country_CAN,http://purl.org/dmi-framework#Phase_Acquire,http://purl.org/dmi-framework#Source_world_bank,http://purl.org/dmi-framework#Prov_carried_forward
DEU,2012,developed_eu,X2,34.5501078335304,official,world_bank,official_api,acquire,http://purl.org/dmi-framework#SE_X2_DEU_2012,http://purl.org/dmi-framework#Ind_X2,http://purl.org/dmi-framework#Country_DEU,http://purl.org/dmi-framework#Phase_Acquire,http://purl.org/dmi-framework#Source_world_bank,http://purl.org/dmi-framework#Prov_official
DEU,2013,developed_eu,X2,35.3423024244517,official,world_bank,official_api,acquire,http://purl.org/dmi-framework#SE_X2_DEU_2013,http://purl.org/dmi-framework#Ind_X2,http://purl.org/dmi-framework#Country_DEU,http://purl.org/dmi-framework#Phase_Acquire,http://purl.org/dmi-framework#Source_world_bank,http://purl.org/dmi-framework#Prov_official
DEU,2014,developed_eu,X2,36.3409222955935,official,world_bank,official_api,acquire,http://purl.org/dmi-framework#SE_X2_DEU_2014,http://purl.org/dmi-framework#Ind_X2,http://purl.org/dmi-framework#Country_DEU,http://purl.org/dmi-framework#Phase_Acquire,http://purl.org/dmi-framework#Source_world_bank,http://purl.org/dmi-framework#Prov_official
DEU,2015,developed_eu,X2,37.412701768023,official,world_bank,official_api,acquire,http://purl.org/dmi-framework#SE_X2_DEU_2015,http://purl.org/dmi-framework#Ind_X2,http://purl.org/dmi-framework#Country_DEU,http://purl.org/dmi-framework#Phase_Acquire,http://purl.org/dmi-framework#Source_world_bank,http://purl.org/dmi-framework#Prov_official
DEU,2016,developed_eu,X2,38.4991067314054,official,world_bank,official_api,acquire,http://purl.org/dmi-framework#SE_X2_DEU_2016,http://purl.org/dmi-framework#Ind_X2,http://purl.org/dmi-framework#Country_DEU,http://purl.org/dmi-framework#Phase_Acquire,http://purl.org/dmi-framework#Source_world_bank,http://purl.org/dmi-framework#Prov_official
DEU,2017,developed_eu,X2,39.9888046312857,official,world_bank,official_api,acquire,http://purl.org/dmi-framework#SE_X2_DEU_2017,http://purl.org/dmi-framework#Ind_X2,http://purl.org/dmi-framework#Country_DEU,http://purl.org/dmi-framework#Phase_Acquire,http://purl.org/dmi-framework#Source_world_bank,http://purl.org/dmi-framework#Prov_official
DEU,2018,developed_eu,X2,40.9651498488548,official,world_bank,official_api,acquire,http://purl.org/dmi-framework#SE_X2_DEU_2018,http://purl.org/dmi-framework#Ind_X2,http://purl.org/dmi-framework#Country_DEU,http://purl.org/dmi-framework#Phase_Acquire,http://purl.org/dmi-framework#Source_world_bank,http://purl.org/dmi-framework#Prov_official
DEU,2019,developed_eu,X2,42.1155574684512,official,world_bank,official_api,acquire,http://purl.org/dmi-framework#SE_X2_DEU_2019,http://purl.org/dmi-framework#Ind_X2,http://purl.org/dmi-framework#Country_DEU,http://purl.org/dmi-framework#Phase_Acquire,http://purl.org/dmi-framework#Source_world_bank,http://purl.org/dmi-framework#Prov_official
DEU,2020,developed_eu,X2,43.3048696627,official,world_bank,official_api,acquire,http://purl.org/dmi-framework#SE_X2_DEU_2020,http://purl.org/dmi-framework#Ind_X2,http://purl.org/dmi-framework#Country_DEU,http://purl.org/dmi-framework#Phase_Acquire,http://purl.org/dmi-framework#Source_world_bank,http://purl.org/dmi-framework#Prov_official
DEU,2021,developed_eu,X2,44.0643361489671,official,world_bank,official_api,acquire,http://purl.org/dmi-framework#SE_X2_DEU_2021,http://purl.org/dmi-framework#Ind_X2,http://purl.org/dmi-framework#Country_DEU,http://purl.org/dmi-framework#Phase_Acquire,http://purl.org/dmi-framework#Source_world_bank,http://purl.org/dmi-framework#Prov_official
DEU,2022,developed_eu,X2,44.6186317766404,official,world_bank,official_api,acquire,http://purl.org/dmi-framework#SE_X2_DEU_2022,http://purl.org/dmi-framework#Ind_X2,http://purl.org/dmi-framework#Country_DEU,http://purl.org/dmi-framework#Phase_Acquire,http://purl.org/dmi-framework#Source_world_bank,http://purl.org/dmi-framework#Prov_official
DEU,2023,developed_eu,X2,45.380522509099,official,world_bank,official_api,acquire,http://purl.org/dmi-framework#SE_X2_DEU_2023,http://purl.org/dmi-framework#Ind_X2,http://purl.org/dmi-framework#Country_DEU,http://purl.org/dmi-framework#Phase_Acquire,http://purl.org/dmi-framework#Source_world_bank,http://purl.org/dmi-framework#Prov_official
DEU,2024,developed_eu,X2,45.6069242965787,official,world_bank,official_api,acquire,http://purl.org/dmi-framework#SE_X2_DEU_2024,http://purl.org/dmi-framework#Ind_X2,http://purl.org/dmi-framework#Country_DEU,http://purl.org/dmi-framework#Phase_Acquire,http://purl.org/dmi-framework#Source_world_bank,http://purl.org/dmi-framework#Prov_official
DEU,2025,developed_eu,X2,45.6069242965787,carried_forward,world_bank,official_api,acquire,http://purl.org/dmi-framework#SE_X2_DEU_2025,http://purl.org/dmi-framework#Ind_X2,http://purl.org/dmi-framework#Country_DEU,http://purl.org/dmi-framework#Phase_Acquire,http://purl.org/dmi-framework#Source_world_bank,http://purl.org/dmi-framework#Prov_carried_forward
FRA,2012,developed_eu,X2,37.4345529509644,official,world_bank,official_api,acquire,http://purl.org/dmi-framework#SE_X2_FRA_2012,http://purl.org/dmi-framework#Ind_X2,http://purl.org/dmi-framework#Country_FRA,http://purl.org/dmi-framework#Phase_Acquire,http://purl.org/dmi-framework#Source_world_bank,http://purl.org/dmi-framework#Prov_official
FRA,2013,developed_eu,X2,38.7340855946258,official,world_bank,official_api,acquire,http://purl.org/dmi-framework#SE_X2_FRA_2013,http://purl.org/dmi-framework#Ind_X2,http://purl.org/dmi-framework#Country_FRA,http://purl.org/dmi-framework#Phase_Acquire,http://purl.org/dmi-framework#Source_world_bank,http://purl.org/dmi-framework#Prov_official
FRA,2014,developed_eu,X2,40.142215573606,official,world_bank,official_api,acquire,http://purl.org/dmi-framework#SE_X2_FRA_2014,http://purl.org/dmi-framework#Ind_X2,http://purl.org/dmi-framework#Country_FRA,http://purl.org/dmi-framework#Phase_Acquire,http://purl.org/dmi-framework#Source_world_bank,http://purl.org/dmi-framework#Prov_official
FRA,2015,developed_eu,X2,41.387117104083,official,world_bank,official_api,acquire,http://purl.org/dmi-framework#SE_X2_FRA_2015,http://purl.org/dmi-framework#Ind_X2,http://purl.org/dmi-framework#Country_FRA,http://purl.org/dmi-framework#Phase_Acquire,http://purl.org/dmi-framework#Source_world_bank,http://purl.org/dmi-framework#Prov_official
FRA,2016,developed_eu,X2,42.5277884451476,official,world_bank,official_api,acquire,http://purl.org/dmi-framework#SE_X2_FRA_2016,http://purl.org/dmi-framework#Ind_X2,http://purl.org/dmi-framework#Country_FRA,http://purl.org/dmi-framework#Phase_Acquire,http://purl.org/dmi-framework#Source_world_bank,http://purl.org/dmi-framework#Prov_official
FRA,2017,developed_eu,X2,43.6242593525939,official,world_bank,official_api,acquire,http://purl.org/dmi-framework#SE_X2_FRA_2017,http://purl.org/dmi-framework#Ind_X2,http://purl.org/dmi-framework#Country_FRA,http://purl.org/dmi-framework#Phase_Acquire,http://purl.org/dmi-framework#Source_world_bank,http://purl.org/dmi-framework#Prov_official
FRA,2018,developed_eu,X2,44.4142292018123,official,world_bank,official_api,acquire,http://purl.org/dmi-framework#SE_X2_FRA_2018,http://purl.org/dmi-framework#Ind_X2,http://purl.org/dmi-framework#Country_FRA,http://purl.org/dmi-framework#Phase_Acquire,http://purl.org/dmi-framework#Source_world_bank,http://purl.org/dmi-framework#Prov_official
FRA,2019,developed_eu,X2,45.2765022757908,official,world_bank,official_api,acquire,http://purl.org/dmi-framework#SE_X2_FRA_2019,http://purl.org/dmi-framework#Ind_X2,http://purl.org/dmi-framework#Country_FRA,http://purl.org/dmi-framework#Phase_Acquire,http://purl.org/dmi-framework#Source_world_bank,http://purl.org/dmi-framework#Prov_official
FRA,2020,developed_eu,X2,46.471240838575,official,world_bank,official_api,acquire,http://purl.org/dmi-framework#SE_X2_FRA_2020,http://purl.org/dmi-framework#Ind_X2,http://purl.org/dmi-framework#Country_FRA,http://purl.org/dmi-framework#Phase_Acquire,http://purl.org/dmi-framework#Source_world_bank,http://purl.org/dmi-framework#Prov_official
FRA,2021,developed_eu,X2,47.6442336298287,official,world_bank,official_api,acquire,http://purl.org/dmi-framework#SE_X2_FRA_2021,http://purl.org/dmi-framework#Ind_X2,http://purl.org/dmi-framework#Country_FRA,http://purl.org/dmi-framework#Phase_Acquire,http://purl.org/dmi-framework#Source_world_bank,http://purl.org/dmi-framework#Prov_official
FRA,2022,developed_eu,X2,48.250226559098,official,world_bank,official_api,acquire,http://purl.org/dmi-framework#SE_X2_FRA_2022,http://purl.org/dmi-framework#Ind_X2,http://purl.org/dmi-framework#Country_FRA,http://purl.org/dmi-framework#Phase_Acquire,http://purl.org/dmi-framework#Source_world_bank,http://purl.org/dmi-framework#Prov_official
FRA,2023,developed_eu,X2,48.6688340139444,official,world_bank,official_api,acquire,http://purl.org/dmi-framework#SE_X2_FRA_2023,http://purl.org/dmi-framework#Ind_X2,http://purl.org/dmi-framework#Country_FRA,http://purl.org/dmi-framework#Phase_Acquire,http://purl.org/dmi-framework#Source_world_bank,http://purl.org/dmi-framework#Prov_official
FRA,2024,developed_eu,X2,48.9251978969333,official,world_bank,official_api,acquire,http://purl.org/dmi-framework#SE_X2_FRA_2024,http://purl.org/dmi-framework#Ind_X2,http://purl.org/dmi-framework#Country_FRA,http://purl.org/dmi-framework#Phase_Acquire,http://purl.org/dmi-framework#Source_world_bank,http://purl.org/dmi-framework#Prov_official
FRA,2025,developed_eu,X2,48.9251978969333,carried_forward,world_bank,official_api,acquire,http://purl.org/dmi-framework#SE_X2_FRA_2025,http://purl.org/dmi-framework#Ind_X2,http://purl.org/dmi-framework#Country_FRA,http://purl.org/dmi-framework#Phase_Acquire,http://purl.org/dmi-framework#Source_world_bank,http://purl.org/dmi-framework#Prov_carried_forward
GBR,2012,developed_eu,X2,33.9047903389849,official,world_bank,official_api,acquire,http://purl.org/dmi-framework#SE_X2_GBR_2012,http://purl.org/dmi-framework#Ind_X2,http://purl.org/dmi-framework#Country_GBR,http://purl.org/dmi-framework#Phase_Acquire,http://purl.org/dmi-framework#Source_world_bank,http://purl.org/dmi-framework#Prov_official
GBR,2013,developed_eu,X2,35.7819878642114,official,world_bank,official_api,acquire,http://purl.org/dmi-framework#SE_X2_GBR_2013,http://purl.org/dmi-framework#Ind_X2,http://purl.org/dmi-framework#Country_GBR,http://purl.org/dmi-framework#Phase_Acquire,http://purl.org/dmi-framework#Source_world_bank,http://purl.org/dmi-framework#Prov_official
GBR,2014,developed_eu,X2,36.5828488416012,official,world_bank,official_api,acquire,http://purl.org/dmi-framework#SE_X2_GBR_2014,http://purl.org/dmi-framework#Ind_X2,http://purl.org/dmi-framework#Country_GBR,http://purl.org/dmi-framework#Phase_Acquire,http://purl.org/dmi-framework#Source_world_bank,http://purl.org/dmi-framework#Prov_official
GBR,2015,developed_eu,X2,37.7214944577347,official,world_bank,official_api,acquire,http://purl.org/dmi-framework#SE_X2_GBR_2015,http://purl.org/dmi-framework#Ind_X2,http://purl.org/dmi-framework#Country_GBR,http://purl.org/dmi-framework#Phase_Acquire,http://purl.org/dmi-framework#Source_world_bank,http://purl.org/dmi-framework#Prov_official
GBR,2016,developed_eu,X2,38.6588569366885,official,world_bank,official_api,acquire,http://purl.org/dmi-framework#SE_X2_GBR_2016,http://purl.org/dmi-framework#Ind_X2,http://purl.org/dmi-framework#Country_GBR,http://purl.org/dmi-framework#Phase_Acquire,http://purl.org/dmi-framework#Source_world_bank,http://purl.org/dmi-framework#Prov_official
GBR,2017,developed_eu,X2,39.2489467665261,official,world_bank,official_api,acquire,http://purl.org/dmi-framework#SE_X2_GBR_2017,http://purl.org/dmi-framework#Ind_X2,http://purl.org/dmi-framework#Country_GBR,http://purl.org/dmi-framework#Phase_Acquire,http://purl.org/dmi-framework#Source_world_bank,http://purl.org/dmi-framework#Prov_official
GBR,2018,developed_eu,X2,39.8293995840604,official,world_bank,official_api,acquire,http://purl.org/dmi-framework#SE_X2_GBR_2018,http://purl.org/dmi-framework#Ind_X2,http://purl.org/dmi-framework#Country_GBR,http://purl.org/dmi-framework#Phase_Acquire,http://purl.org/dmi-framework#Source_world_bank,http://purl.org/dmi-framework#Prov_official
GBR,2019,developed_eu,X2,40.022769455921,official,world_bank,official_api,acquire,http://purl.org/dmi-framework#SE_X2_GBR_2019,http://purl.org/dmi-framework#Ind_X2,http://purl.org/dmi-framework#Country_GBR,http://purl.org/dmi-framework#Phase_Acquire,http://purl.org/dmi-framework#Source_world_bank,http://purl.org/dmi-framework#Prov_official
GBR,2020,developed_eu,X2,40.5775246507294,official,world_bank,official_api,acquire,http://purl.org/dmi-framework#SE_X2_GBR_2020,http://purl.org/dmi-framework#Ind_X2,http://purl.org/dmi-framework#Country_GBR,http://purl.org/dmi-framework#Phase_Acquire,http://purl.org/dmi-framework#Source_world_bank,http://purl.org/dmi-framework#Prov_official
GBR,2021,developed_eu,X2,41.1134869970784,official,world_bank,official_api,acquire,http://purl.org/dmi-framework#SE_X2_GBR_2021,http://purl.org/dmi-framework#Ind_X2,http://purl.org/dmi-framework#Country_GBR,http://purl.org/dmi-framework#Phase_Acquire,http://purl.org/dmi-framework#Source_world_bank,http://purl.org/dmi-framework#Prov_official
GBR,2022,developed_eu,X2,41.2867157729584,official,world_bank,official_api,acquire,http://purl.org/dmi-framework#SE_X2_GBR_2022,http://purl.org/dmi-framework#Ind_X2,http://purl.org/dmi-framework#Country_GBR,http://purl.org/dmi-framework#Phase_Acquire,http://purl.org/dmi-framework#Source_world_bank,http://purl.org/dmi-framework#Prov_official
GBR,2023,developed_eu,X2,41.4367685540411,official,world_bank,official_api,acquire,http://purl.org/dmi-framework#SE_X2_GBR_2023,http://purl.org/dmi-framework#Ind_X2,http://purl.org/dmi-framework#Country_GBR,http://purl.org/dmi-framework#Phase_Acquire,http://purl.org/dmi-framework#Source_world_bank,http://purl.org/dmi-framework#Prov_official
GBR,2024,developed_eu,X2,42.1648283773461,official,world_bank,official_api,acquire,http://purl.org/dmi-framework#SE_X2_GBR_2024,http://purl.org/dmi-framework#Ind_X2,http://purl.org/dmi-framework#Country_GBR,http://purl.org/dmi-framework#Phase_Acquire,http://purl.org/dmi-framework#Source_world_bank,http://purl.org/dmi-framework#Prov_official
GBR,2025,developed_eu,X2,42.1648283773461,carried_forward,world_bank,official_api,acquire,http://purl.org/dmi-framework#SE_X2_GBR_2025,http://purl.org/dmi-framework#Ind_X2,http://purl.org/dmi-framework#Country_GBR,http://purl.org/dmi-framework#Phase_Acquire,http://purl.org/dmi-framework#Source_world_bank,http://purl.org/dmi-framework#Prov_carried_forward
IND,2012,developing,X2,1.17169600055105,official,world_bank,official_api,acquire,http://purl.org/dmi-framework#SE_X2_IND_2012,http://purl.org/dmi-framework#Ind_X2,http://purl.org/dmi-framework#Country_IND,http://purl.org/dmi-framework#Phase_Acquire,http://purl.org/dmi-framework#Source_world_bank,http://purl.org/dmi-framework#Prov_official
IND,2013,developing,X2,1.15197793176359,official,world_bank,official_api,acquire,http://purl.org/dmi-framework#SE_X2_IND_2013,http://purl.org/dmi-framework#Ind_X2,http://purl.org/dmi-framework#Country_IND,http://purl.org/dmi-framework#Phase_Acquire,http://purl.org/dmi-framework#Source_world_bank,http://purl.org/dmi-framework#Prov_official
IND,2014,developing,X2,1.20020374567342,official,world_bank,official_api,acquire,http://purl.org/dmi-framework#SE_X2_IND_2014,http://purl.org/dmi-framework#Ind_X2,http://purl.org/dmi-framework#Country_IND,http://purl.org/dmi-framework#Phase_Acquire,http://purl.org/dmi-framework#Source_world_bank,http://purl.org/dmi-framework#Prov_official
IND,2015,developing,X2,1.27578595315943,official,world_bank,official_api,acquire,http://purl.org/dmi-framework#SE_X2_IND_2015,http://purl.org/dmi-framework#Ind_X2,http://purl.org/dmi-framework#Country_IND,http://purl.org/dmi-framework#Phase_Acquire,http://purl.org/dmi-framework#Source_world_bank,http://purl.org/dmi-framework#Prov_official
IND,2016,developing,X2,1.38795276378032,official,world_bank,official_api,acquire,http://purl.org/dmi-framework#SE_X2_IND_2016,http://purl.org/dmi-framework#Ind_X2,http://purl.org/dmi-framework#Country_IND,http://purl.org/dmi-framework#Phase_Acquire,http://purl.org/dmi-framework#Source_world_bank,http://purl.org/dmi-framework#Prov_official
IND,2017,developing,X2,1.31327377028949,official,world_bank,official_api,acquire,http://purl.org/dmi-framework#SE_X2_IND_2017,http://purl.org/dmi-framework#Ind_X2,http://purl.org/dmi-framework#Country_IND,http://purl.org/dmi-framework#Phase_Acquire,http://purl.org/dmi-framework#Source_world_bank,http://purl.org/dmi-framework#Prov_official
IND,2018,developing,X2,1.3217822859385,official,world_bank,official_api,acquire,http://purl.org/dmi-framework#SE_X2_IND_2018,http://purl.org/dmi-framework#Ind_X2,http://purl.org/dmi-framework#Country_IND,http://purl.org/dmi-framework#Phase_Acquire,http://purl.org/dmi-framework#Source_world_bank,http://purl.org/dmi-framework#Prov_official
IND,2019,developing,X2,1.37913181839908,official,world_bank,official_api,acquire,http://purl.org/dmi-framework#SE_X2_IND_2019,http://purl.org/dmi-framework#Ind_X2,http://purl.org/dmi-framework#Country_IND,http://purl.org/dmi-framework#Phase_Acquire,http://purl.org/dmi-framework#Source_world_bank,http://purl.org/dmi-framework#Prov_official
IND,2020,developing,X2,1.63622632751685,official,world_bank,official_api,acquire,http://purl.org/dmi-framework#SE_X2_IND_2020,http://purl.org/dmi-framework#Ind_X2,http://purl.org/dmi-framework#Country_IND,http://purl.org/dmi-framework#Phase_Acquire,http://purl.org/dmi-framework#Source_world_bank,http://purl.org/dmi-framework#Prov_official
IND,2021,developing,X2,1.9487996093033,official,world_bank,official_api,acquire,http://purl.org/dmi-framework#SE_X2_IND_2021,http://purl.org/dmi-framework#Ind_X2,http://purl.org/dmi-framework#Country_IND,http://purl.org/dmi-framework#Phase_Acquire,http://purl.org/dmi-framework#Source_world_bank,http://purl.org/dmi-framework#Prov_official
IND,2022,developing,X2,2.35231555917724,official,world_bank,official_api,acquire,http://purl.org/dmi-framework#SE_X2_IND_2022,http://purl.org/dmi-framework#Ind_X2,http://purl.org/dmi-framework#Country_IND,http://purl.org/dmi-framework#Phase_Acquire,http://purl.org/dmi-framework#Source_world_bank,http://purl.org/dmi-framework#Prov_official
IND,2023,developing,X2,2.74534696441771,official,world_bank,official_api,acquire,http://purl.org/dmi-framework#SE_X2_IND_2023,http://purl.org/dmi-framework#Ind_X2,http://purl.org/dmi-framework#Country_IND,http://purl.org/dmi-framework#Phase_Acquire,http://purl.org/dmi-framework#Source_world_bank,http://purl.org/dmi-framework#Prov_official
IND,2024,developing,X2,3.15046250037677,official,world_bank,official_api,acquire,http://purl.org/dmi-framework#SE_X2_IND_2024,http://purl.org/dmi-framework#Ind_X2,http://purl.org/dmi-framework#Country_IND,http://purl.org/dmi-framework#Phase_Acquire,http://purl.org/dmi-framework#Source_world_bank,http://purl.org/dmi-framework#Prov_official
IND,2025,developing,X2,3.15046250037677,carried_forward,world_bank,official_api,acquire,http://purl.org/dmi-framework#SE_X2_IND_2025,http://purl.org/dmi-framework#Ind_X2,http://purl.org/dmi-framework#Country_IND,http://purl.org/dmi-framework#Phase_Acquire,http://purl.org/dmi-framework#Source_world_bank,http://purl.org/dmi-framework#Prov_carried_forward
MKD,2012,balkan,X2,15.4034279276413,official,world_bank,official_api,acquire,http://purl.org/dmi-framework#SE_X2_MKD_2012,http://purl.org/dmi-framework#Ind_X2,http://purl.org/dmi-framework#Country_MKD,http://purl.org/dmi-framework#Phase_Acquire,http://purl.org/dmi-framework#Source_world_bank,http://purl.org/dmi-framework#Prov_official
MKD,2013,balkan,X2,16.8126639116268,official,world_bank,official_api,acquire,http://purl.org/dmi-framework#SE_X2_MKD_2013,http://purl.org/dmi-framework#Ind_X2,http://purl.org/dmi-framework#Country_MKD,http://purl.org/dmi-framework#Phase_Acquire,http://purl.org/dmi-framework#Source_world_bank,http://purl.org/dmi-framework#Prov_official
MKD,2014,balkan,X2,17.7239038498213,official,world_bank,official_api,acquire,http://purl.org/dmi-framework#SE_X2_MKD_2014,http://purl.org/dmi-framework#Ind_X2,http://purl.org/dmi-framework#Country_MKD,http://purl.org/dmi-framework#Phase_Acquire,http://purl.org/dmi-framework#Source_world_bank,http://purl.org/dmi-framework#Prov_official
MKD,2015,balkan,X2,18.4016994838328,official,world_bank,official_api,acquire,http://purl.org/dmi-framework#SE_X2_MKD_2015,http://purl.org/dmi-framework#Ind_X2,http://purl.org/dmi-framework#Country_MKD,http://purl.org/dmi-framework#Phase_Acquire,http://purl.org/dmi-framework#Source_world_bank,http://purl.org/dmi-framework#Prov_official
MKD,2016,balkan,X2,19.4533715332855,official,world_bank,official_api,acquire,http://purl.org/dmi-framework#SE_X2_MKD_2016,http://purl.org/dmi-framework#Ind_X2,http://purl.org/dmi-framework#Country_MKD,http://purl.org/dmi-framework#Phase_Acquire,http://purl.org/dmi-framework#Source_world_bank,http://purl.org/dmi-framework#Prov_official
MKD,2017,balkan,X2,20.4183259234605,official,world_bank,official_api,acquire,http://purl.org/dmi-framework#SE_X2_MKD_2017,http://purl.org/dmi-framework#Ind_X2,http://purl.org/dmi-framework#Country_MKD,http://purl.org/dmi-framework#Phase_Acquire,http://purl.org/dmi-framework#Source_world_bank,http://purl.org/dmi-framework#Prov_official
MKD,2018,balkan,X2,22.2929498345599,official,world_bank,official_api,acquire,http://purl.org/dmi-framework#SE_X2_MKD_2018,http://purl.org/dmi-framework#Ind_X2,http://purl.org/dmi-framework#Country_MKD,http://purl.org/dmi-framework#Phase_Acquire,http://purl.org/dmi-framework#Source_world_bank,http://purl.org/dmi-framework#Prov_official
MKD,2019,balkan,X2,23.9402500262168,official,world_bank,official_api,acquire,http://purl.org/dmi-framework#SE_X2_MKD_2019,http://purl.org/dmi-framework#Ind_X2,http://purl.org/dmi-framework#Country_MKD,http://purl.org/dmi-framework#Phase_Acquire,http://purl.org/dmi-framework#Source_world_bank,http://purl.org/dmi-framework#Prov_official
MKD,2020,balkan,X2,25.4041233643961,official,world_bank,official_api,acquire,http://purl.org/dmi-framework#SE_X2_MKD_2020,http://purl.org/dmi-framework#Ind_X2,http://purl.org/dmi-framework#Country_MKD,http://purl.org/dmi-framework#Phase_Acquire,http://purl.org/dmi-framework#Source_world_bank,http://purl.org/dmi-framework#Prov_official
MKD,2021,balkan,X2,26.9448892231031,official,world_bank,official_api,acquire,http://purl.org/dmi-framework#SE_X2_MKD_2021,http://purl.org/dmi-framework#Ind_X2,http://purl.org/dmi-framework#Country_MKD,http://purl.org/dmi-framework#Phase_Acquire,http://purl.org/dmi-framework#Source_world_bank,http://purl.org/dmi-framework#Prov_official
MKD,2022,balkan,X2,28.0035734605346,official,world_bank,official_api,acquire,http://purl.org/dmi-framework#SE_X2_MKD_2022,http://purl.org/dmi-framework#Ind_X2,http://purl.org/dmi-framework#Country_MKD,http://purl.org/dmi-framework#Phase_Acquire,http://purl.org/dmi-framework#Source_world_bank,http://purl.org/dmi-framework#Prov_official
MKD,2023,balkan,X2,29.1771708951077,official,world_bank,official_api,acquire,http://purl.org/dmi-framework#SE_X2_MKD_2023,http://purl.org/dmi-framework#Ind_X2,http://purl.org/dmi-framework#Country_MKD,http://purl.org/dmi-framework#Phase_Acquire,http://purl.org/dmi-framework#Source_world_bank,http://purl.org/dmi-framework#Prov_official
MKD,2024,balkan,X2,29.8921727758887,official,world_bank,official_api,acquire,http://purl.org/dmi-framework#SE_X2_MKD_2024,http://purl.org/dmi-framework#Ind_X2,http://purl.org/dmi-framework#Country_MKD,http://purl.org/dmi-framework#Phase_Acquire,http://purl.org/dmi-framework#Source_world_bank,http://purl.org/dmi-framework#Prov_official
MKD,2025,balkan,X2,29.8921727758887,carried_forward,world_bank,official_api,acquire,http://purl.org/dmi-framework#SE_X2_MKD_2025,http://purl.org/dmi-framework#Ind_X2,http://purl.org/dmi-framework#Country_MKD,http://purl.org/dmi-framework#Phase_Acquire,http://purl.org/dmi-framework#Source_world_bank,http://purl.org/dmi-framework#Prov_carried_forward
SRB,2012,balkan,X2,14.8105248871613,official,world_bank,official_api,acquire,http://purl.org/dmi-framework#SE_X2_SRB_2012,http://purl.org/dmi-framework#Ind_X2,http://purl.org/dmi-framework#Country_SRB,http://purl.org/dmi-framework#Phase_Acquire,http://purl.org/dmi-framework#Source_world_bank,http://purl.org/dmi-framework#Prov_official
SRB,2013,balkan,X2,16.4163582396862,official,world_bank,official_api,acquire,http://purl.org/dmi-framework#SE_X2_SRB_2013,http://purl.org/dmi-framework#Ind_X2,http://purl.org/dmi-framework#Country_SRB,http://purl.org/dmi-framework#Phase_Acquire,http://purl.org/dmi-framework#Source_world_bank,http://purl.org/dmi-framework#Prov_official
SRB,2014,balkan,X2,16.7418077691238,official,world_bank,official_api,acquire,http://purl.org/dmi-framework#SE_X2_SRB_2014,http://purl.org/dmi-framework#Ind_X2,http://purl.org/dmi-framework#Country_SRB,http://purl.org/dmi-framework#Phase_Acquire,http://purl.org/dmi-framework#Source_world_bank,http://purl.org/dmi-framework#Prov_official
SRB,2015,balkan,X2,18.6568767159217,official,world_bank,official_api,acquire,http://purl.org/dmi-framework#SE_X2_SRB_2015,http://purl.org/dmi-framework#Ind_X2,http://purl.org/dmi-framework#Country_SRB,http://purl.org/dmi-framework#Phase_Acquire,http://purl.org/dmi-framework#Source_world_bank,http://purl.org/dmi-framework#Prov_official
SRB,2016,balkan,X2,20.6094025912635,official,world_bank,official_api,acquire,http://purl.org/dmi-framework#SE_X2_SRB_2016,http://purl.org/dmi-framework#Ind_X2,http://purl.org/dmi-framework#Country_SRB,http://purl.org/dmi-framework#Phase_Acquire,http://purl.org/dmi-framework#Source_world_bank,http://purl.org/dmi-framework#Prov_official
SRB,2017,balkan,X2,21.1492657800305,official,world_bank,official_api,acquire,http://purl.org/dmi-framework#SE_X2_SRB_2017,http://purl.org/dmi-framework#Ind_X2,http://purl.org/dmi-framework#Country_SRB,http://purl.org/dmi-framework#Phase_Acquire,http://purl.org/dmi-framework#Source_world_bank,http://purl.org/dmi-framework#Prov_official
SRB,2018,balkan,X2,22.2890953800272,official,world_bank,official_api,acquire,http://purl.org/dmi-framework#SE_X2_SRB_2018,http://purl.org/dmi-framework#Ind_X2,http://purl.org/dmi-framework#Country_SRB,http://purl.org/dmi-framework#Phase_Acquire,http://purl.org/dmi-framework#Source_world_bank,http://purl.org/dmi-framework#Prov_official
SRB,2019,balkan,X2,23.4424592934158,official,world_bank,official_api,acquire,http://purl.org/dmi-framework#SE_X2_SRB_2019,http://purl.org/dmi-framework#Ind_X2,http://purl.org/dmi-framework#Country_SRB,http://purl.org/dmi-framework#Phase_Acquire,http://purl.org/dmi-framework#Source_world_bank,http://purl.org/dmi-framework#Prov_official
SRB,2020,balkan,X2,25.1834994361532,official,world_bank,official_api,acquire,http://purl.org/dmi-framework#SE_X2_SRB_2020,http://purl.org/dmi-framework#Ind_X2,http://purl.org/dmi-framework#Country_SRB,http://purl.org/dmi-framework#Phase_Acquire,http://purl.org/dmi-framework#Source_world_bank,http://purl.org/dmi-framework#Prov_official
SRB,2021,balkan,X2,26.4794202826056,official,world_bank,official_api,acquire,http://purl.org/dmi-framework#SE_X2_SRB_2021,http://purl.org/dmi-framework#Ind_X2,http://purl.org/dmi-framework#Country_SRB,http://purl.org/dmi-framework#Phase_Acquire,http://purl.org/dmi-framework#Source_world_bank,http://purl.org/dmi-framework#Prov_official
SRB,2022,balkan,X2,29.3457941392192,official,world_bank,official_api,acquire,http://purl.org/dmi-framework#SE_X2_SRB_2022,http://purl.org/dmi-framework#Ind_X2,http://purl.org/dmi-framework#Country_SRB,http://purl.org/dmi-framework#Phase_Acquire,http://purl.org/dmi-framework#Source_world_bank,http://purl.org/dmi-framework#Prov_official
SRB,2023,balkan,X2,31.2695286708104,official,world_bank,official_api,acquire,http://purl.org/dmi-framework#SE_X2_SRB_2023,http://purl.org/dmi-framework#Ind_X2,http://purl.org/dmi-framework#Country_SRB,http://purl.org/dmi-framework#Phase_Acquire,http://purl.org/dmi-framework#Source_world_bank,http://purl.org/dmi-framework#Prov_official
SRB,2024,balkan,X2,33.3746847922718,official,world_bank,official_api,acquire,http://purl.org/dmi-framework#SE_X2_SRB_2024,http://purl.org/dmi-framework#Ind_X2,http://purl.org/dmi-framework#Country_SRB,http://purl.org/dmi-framework#Phase_Acquire,http://purl.org/dmi-framework#Source_world_bank,http://purl.org/dmi-framework#Prov_official
SRB,2025,balkan,X2,33.3746847922718,carried_forward,world_bank,official_api,acquire,http://purl.org/dmi-framework#SE_X2_SRB_2025,http://purl.org/dmi-framework#Ind_X2,http://purl.org/dmi-framework#Country_SRB,http://purl.org/dmi-framework#Phase_Acquire,http://purl.org/dmi-framework#Source_world_bank,http://purl.org/dmi-framework#Prov_carried_forward
SVN,2012,balkan,X2,24.8054736692412,official,world_bank,official_api,acquire,http://purl.org/dmi-framework#SE_X2_SVN_2012,http://purl.org/dmi-framework#Ind_X2,http://purl.org/dmi-framework#Country_SVN,http://purl.org/dmi-framework#Phase_Acquire,http://purl.org/dmi-framework#Source_world_bank,http://purl.org/dmi-framework#Prov_official
SVN,2013,balkan,X2,25.5111136181393,official,world_bank,official_api,acquire,http://purl.org/dmi-framework#SE_X2_SVN_2013,http://purl.org/dmi-framework#Ind_X2,http://purl.org/dmi-framework#Country_SVN,http://purl.org/dmi-framework#Phase_Acquire,http://purl.org/dmi-framework#Source_world_bank,http://purl.org/dmi-framework#Prov_official
SVN,2014,balkan,X2,27.0022702087688,official,world_bank,official_api,acquire,http://purl.org/dmi-framework#SE_X2_SVN_2014,http://purl.org/dmi-framework#Ind_X2,http://purl.org/dmi-framework#Country_SVN,http://purl.org/dmi-framework#Phase_Acquire,http://purl.org/dmi-framework#Source_world_bank,http://purl.org/dmi-framework#Prov_official
SVN,2015,balkan,X2,27.6233320566015,official,world_bank,official_api,acquire,http://purl.org/dmi-framework#SE_X2_SVN_2015,http://purl.org/dmi-framework#Ind_X2,http://purl.org/dmi-framework#Country_SVN,http://purl.org/dmi-framework#Phase_Acquire,http://purl.org/dmi-framework#Source_world_bank,http://purl.org/dmi-framework#Prov_official
SVN,2016,balkan,X2,28.5889065200718,official,world_bank,official_api,acquire,http://purl.org/dmi-framework#SE_X2_SVN_2016,http://purl.org/dmi-framework#Ind_X2,http://purl.org/dmi-framework#Country_SVN,http://purl.org/dmi-framework#Phase_Acquire,http://purl.org/dmi-framework#Source_world_bank,http://purl.org/dmi-framework#Prov_official
SVN,2017,balkan,X2,29.180424842781,official,world_bank,official_api,acquire,http://purl.org/dmi-framework#SE_X2_SVN_2017,http://purl.org/dmi-framework#Ind_X2,http://purl.org/dmi-framework#Country_SVN,http://purl.org/dmi-framework#Phase_Acquire,http://purl.org/dmi-framework#Source_world_bank,http://purl.org/dmi-framework#Prov_official
SVN,2018,balkan,X2,29.6086313428343,official,world_bank,official_api,acquire,http://purl.org/dmi-framework#SE_X2_SVN_2018,http://purl.org/dmi-framework#Ind_X2,http://purl.org/dmi-framework#Country_SVN,http://purl.org/dmi-framework#Phase_Acquire,http://purl.org/dmi-framework#Source_world_bank,http://purl.org/dmi-framework#Prov_official
SVN,2019,balkan,X2,30.1395433223627,official,world_bank,official_api,acquire,http://purl.org/dmi-framework#SE_X2_SVN_2019,http://purl.org/dmi-framework#Ind_X2,http://purl.org/dmi-framework#Country_SVN,http://purl.org/dmi-framework#Phase_Acquire,http://purl.org/dmi-framework#Source_world_bank,http://purl.org/dmi-framework#Prov_official
SVN,2020,balkan,X2,30.9930132861242,official,world_bank,official_api,acquire,http://purl.org/dmi-framework#SE_X2_SVN_2020,http://purl.org/dmi-framework#Ind_X2,http://purl.org/dmi-framework#Country_SVN,http://purl.org/dmi-framework#Phase_Acquire,http://purl.org/dmi-framework#Source_world_bank,http://purl.org/dmi-framework#Prov_official
SVN,2021,balkan,X2,31.5502669986288,official,world_bank,official_api,acquire,http://purl.org/dmi-framework#SE_X2_SVN_2021,http://purl.org/dmi-framework#Ind_X2,http://purl.org/dmi-framework#Country_SVN,http://purl.org/dmi-framework#Phase_Acquire,http://purl.org/dmi-framework#Source_world_bank,http://purl.org/dmi-framework#Prov_official
SVN,2022,balkan,X2,32.0104972135392,official,world_bank,official_api,acquire,http://purl.org/dmi-framework#SE_X2_SVN_2022,http://purl.org/dmi-framework#Ind_X2,http://purl.org/dmi-framework#Country_SVN,http://purl.org/dmi-framework#Phase_Acquire,http://purl.org/dmi-framework#Source_world_bank,http://purl.org/dmi-framework#Prov_official
SVN,2023,balkan,X2,31.8814801387465,official,world_bank,official_api,acquire,http://purl.org/dmi-framework#SE_X2_SVN_2023,http://purl.org/dmi-framework#Ind_X2,http://purl.org/dmi-framework#Country_SVN,http://purl.org/dmi-framework#Phase_Acquire,http://purl.org/dmi-framework#Source_world_bank,http://purl.org/dmi-framework#Prov_official
SVN,2024,balkan,X2,34.2332575162942,official,world_bank,official_api,acquire,http://purl.org/dmi-framework#SE_X2_SVN_2024,http://purl.org/dmi-framework#Ind_X2,http://purl.org/dmi-framework#Country_SVN,http://purl.org/dmi-framework#Phase_Acquire,http://purl.org/dmi-framework#Source_world_bank,http://purl.org/dmi-framework#Prov_official
SVN,2025,balkan,X2,34.2332575162942,carried_forward,world_bank,official_api,acquire,http://purl.org/dmi-framework#SE_X2_SVN_2025,http://purl.org/dmi-framework#Ind_X2,http://purl.org/dmi-framework#Country_SVN,http://purl.org/dmi-framework#Phase_Acquire,http://purl.org/dmi-framework#Source_world_bank,http://purl.org/dmi-framework#Prov_carried_forward
USA,2012,developed_non_eu,X2,29.1736109719443,official,world_bank,official_api,acquire,http://purl.org/dmi-framework#SE_X2_USA_2012,http://purl.org/dmi-framework#Ind_X2,http://purl.org/dmi-framework#Country_USA,http://purl.org/dmi-framework#Phase_Acquire,http://purl.org/dmi-framework#Source_world_bank,http://purl.org/dmi-framework#Prov_official
USA,2013,developed_non_eu,X2,29.9996164764959,official,world_bank,official_api,acquire,http://purl.org/dmi-framework#SE_X2_USA_2013,http://purl.org/dmi-framework#Ind_X2,http://purl.org/dmi-framework#Country_USA,http://purl.org/dmi-framework#Phase_Acquire,http://purl.org/dmi-framework#Source_world_bank,http://purl.org/dmi-framework#Prov_official
USA,2014,developed_non_eu,X2,30.270920842,official,world_bank,official_api,acquire,http://purl.org/dmi-framework#SE_X2_USA_2014,http://purl.org/dmi-framework#Ind_X2,http://purl.org/dmi-framework#Country_USA,http://purl.org/dmi-framework#Phase_Acquire,http://purl.org/dmi-framework#Source_world_bank,http://purl.org/dmi-framework#Prov_official
USA,2015,developed_non_eu,X2,31.3412129772455,official,world_bank,official_api,acquire,http://purl.org/dmi-framework#SE_X2_USA_2015,http://purl.org/dmi-framework#Ind_X2,http://purl.org/dmi-framework#Country_USA,http://purl.org/dmi-framework#Phase_Acquire,http://purl.org/dmi-framework#Source_world_bank,http://purl.org/dmi-framework#Prov_official
USA,2016,developed_non_eu,X2,32.1144006365866,official,world_bank,official_api,acquire,http://purl.org/dmi-framework#SE_X2_USA_2016,http://purl.org/dmi-framework#Ind_X2,http://purl.org/dmi-framework#Country_USA,http://purl.org/dmi-framework#Phase_Acquire,http://purl.org/dmi-framework#Source_world_bank,http://purl.org/dmi-framework#Prov_official
USA,2017,developed_non_eu,X2,32.5702836317829,official,world_bank,official_api,acquire,http://purl.org/dmi-framework#SE_X2_USA_2017,http://purl.org/dmi-framework#Ind_X2,http://purl.org/dmi-framework#Country_USA,http://purl.org/dmi-framework#Phase_Acquire,http://purl.org/dmi-framework#Source_world_bank,http://purl.org/dmi-framework#Prov_official
USA,2018,developed_non_eu,X2,33.0559177307939,official,world_bank,official_api,acquire,http://purl.org/dmi-framework#SE_X2_USA_2018,http://purl.org/dmi-framework#Ind_X2,http://purl.org/dmi-framework#Country_USA,http://purl.org/dmi-framework#Phase_Acquire,http://purl.org/dmi-framework#Source_world_bank,http://purl.org/dmi-framework#Prov_official
USA,2019,developed_non_eu,X2,33.835216356436,official,world_bank,official_api,acquire,http://purl.org/dmi-framework#SE_X2_USA_2019,http://purl.org/dmi-framework#Ind_X2,http://purl.org/dmi-framework#Country_USA,http://purl.org/dmi-framework#Phase_Acquire,http://purl.org/dmi-framework#Source_world_bank,http://purl.org/dmi-framework#Prov_official
USA,2020,developed_non_eu,X2,35.7156999293054,official,world_bank,official_api,acquire,http://purl.org/dmi-framework#SE_X2_USA_2020,http://purl.org/dmi-framework#Ind_X2,http://purl.org/dmi-framework#Country_USA,http://purl.org/dmi-framework#Phase_Acquire,http://purl.org/dmi-framework#Source_world_bank,http://purl.org/dmi-framework#Prov_official
USA,2021,developed_non_eu,X2,37.0074278936277,official,world_bank,official_api,acquire,http://purl.org/dmi-framework#SE_X2_USA_2021,http://purl.org/dmi-framework#Ind_X2,http://purl.org/dmi-framework#Country_USA,http://purl.org/dmi-framework#Phase_Acquire,http://purl.org/dmi-framework#Source_world_bank,http://purl.org/dmi-framework#Prov_official
USA,2022,developed_non_eu,X2,37.4887954801437,official,world_bank,official_api,acquire,http://purl.org/dmi-framework#SE_X2_USA_2022,http://purl.org/dmi-framework#Ind_X2,http://purl.org/dmi-framework#Country_USA,http://purl.org/dmi-framework#Phase_Acquire,http://purl.org/dmi-framework#Source_world_bank,http://purl.org/dmi-framework#Prov_official
USA,2023,developed_non_eu,X2,38.0939254696383,official,world_bank,official_api,acquire,http://purl.org/dmi-framework#SE_X2_USA_2023,http://purl.org/dmi-framework#Ind_X2,http://purl.org/dmi-framework#Country_USA,http://purl.org/dmi-framework#Phase_Acquire,http://purl.org/dmi-framework#Source_world_bank,http://purl.org/dmi-framework#Prov_official
USA,2024,developed_non_eu,X2,38.8571729185246,official,world_bank,official_api,acquire,http://purl.org/dmi-framework#SE_X2_USA_2024,http://purl.org/dmi-framework#Ind_X2,http://purl.org/dmi-framework#Country_USA,http://purl.org/dmi-framework#Phase_Acquire,http://purl.org/dmi-framework#Source_world_bank,http://purl.org/dmi-framework#Prov_official
USA,2025,developed_non_eu,X2,38.8571729185246,carried_forward,world_bank,official_api,acquire,http://purl.org/dmi-framework#SE_X2_USA_2025,http://purl.org/dmi-framework#Ind_X2,http://purl.org/dmi-framework#Country_USA,http://purl.org/dmi-framework#Phase_Acquire,http://purl.org/dmi-framework#Source_world_bank,http://purl.org/dmi-framework#Prov_carried_forward
ARG,2012,developing,X3,0.62279,official,un_egdi,curated_snapshot,acquire,http://purl.org/dmi-framework#SE_X3_ARG_2012,http://purl.org/dmi-framework#Ind_X3,http://purl.org/dmi-framework#Country_ARG,http://purl.org/dmi-framework#Phase_Acquire,http://purl.org/dmi-framework#Source_un_egdi,http://purl.org/dmi-framework#Prov_official
ARG,2013,developing,X3,0.62279,carried_forward,un_egdi,curated_snapshot,acquire,http://purl.org/dmi-framework#SE_X3_ARG_2013,http://purl.org/dmi-framework#Ind_X3,http://purl.org/dmi-framework#Country_ARG,http://purl.org/dmi-framework#Phase_Acquire,http://purl.org/dmi-framework#Source_un_egdi,http://purl.org/dmi-framework#Prov_carried_forward
ARG,2014,developing,X3,0.63059,official,un_egdi,curated_snapshot,acquire,http://purl.org/dmi-framework#SE_X3_ARG_2014,http://purl.org/dmi-framework#Ind_X3,http://purl.org/dmi-framework#Country_ARG,http://purl.org/dmi-framework#Phase_Acquire,http://purl.org/dmi-framework#Source_un_egdi,http://purl.org/dmi-framework#Prov_official
ARG,2015,developing,X3,0.63059,carried_forward,un_egdi,curated_snapshot,acquire,http://purl.org/dmi-framework#SE_X3_ARG_2015,http://purl.org/dmi-framework#Ind_X3,http://purl.org/dmi-framework#Country_ARG,http://purl.org/dmi-framework#Phase_Acquire,http://purl.org/dmi-framework#Source_un_egdi,http://purl.org/dmi-framework#Prov_carried_forward
ARG,2016,developing,X3,0.6978,official,un_egdi,curated_snapshot,acquire,http://purl.org/dmi-framework#SE_X3_ARG_2016,http://purl.org/dmi-framework#Ind_X3,http://purl.org/dmi-framework#Country_ARG,http://purl.org/dmi-framework#Phase_Acquire,http://purl.org/dmi-framework#Source_un_egdi,http://purl.org/dmi-framework#Prov_official
ARG,2017,developing,X3,0.6978,carried_forward,un_egdi,curated_snapshot,acquire,http://purl.org/dmi-framework#SE_X3_ARG_2017,http://purl.org/dmi-framework#Ind_X3,http://purl.org/dmi-framework#Country_ARG,http://purl.org/dmi-framework#Phase_Acquire,http://purl.org/dmi-framework#Source_un_egdi,http://purl.org/dmi-framework#Prov_carried_forward
ARG,2018,developing,X3,0.7335,official,un_egdi,curated_snapshot,acquire,http://purl.org/dmi-framework#SE_X3_ARG_2018,http://purl.org/dmi-framework#Ind_X3,http://purl.org/dmi-framework#Country_ARG,http://purl.org/dmi-framework#Phase_Acquire,http://purl.org/dmi-framework#Source_un_egdi,http://purl.org/dmi-framework#Prov_official
ARG,2019,developing,X3,0.7335,carried_forward,un_egdi,curated_snapshot,acquire,http://purl.org/dmi-framework#SE_X3_ARG_2019,http://purl.org/dmi-framework#Ind_X3,http://purl.org/dmi-framework#Country_ARG,http://purl.org/dmi-framework#Phase_Acquire,http://purl.org/dmi-framework#Source_un_egdi,http://purl.org/dmi-framework#Prov_carried_forward
ARG,2020,developing,X3,0.8279,official,un_egdi,curated_snapshot,acquire,http://purl.org/dmi-framework#SE_X3_ARG_2020,http://purl.org/dmi-framework#Ind_X3,http://purl.org/dmi-framework#Country_ARG,http://purl.org/dmi-framework#Phase_Acquire,http://purl.org/dmi-framework#Source_un_egdi,http://purl.org/dmi-framework#Prov_official
ARG,2021,developing,X3,0.8279,carried_forward,un_egdi,curated_snapshot,acquire,http://purl.org/dmi-framework#SE_X3_ARG_2021,http://purl.org/dmi-framework#Ind_X3,http://purl.org/dmi-framework#Country_ARG,http://purl.org/dmi-framework#Phase_Acquire,http://purl.org/dmi-framework#Source_un_egdi,http://purl.org/dmi-framework#Prov_carried_forward
ARG,2022,developing,X3,0.8198,official,un_egdi,curated_snapshot,acquire,http://purl.org/dmi-framework#SE_X3_ARG_2022,http://purl.org/dmi-framework#Ind_X3,http://purl.org/dmi-framework#Country_ARG,http://purl.org/dmi-framework#Phase_Acquire,http://purl.org/dmi-framework#Source_un_egdi,http://purl.org/dmi-framework#Prov_official
ARG,2023,developing,X3,0.8198,carried_forward,un_egdi,curated_snapshot,acquire,http://purl.org/dmi-framework#SE_X3_ARG_2023,http://purl.org/dmi-framework#Ind_X3,http://purl.org/dmi-framework#Country_ARG,http://purl.org/dmi-framework#Phase_Acquire,http://purl.org/dmi-framework#Source_un_egdi,http://purl.org/dmi-framework#Prov_carried_forward
ARG,2024,developing,X3,0.8573,official,un_egdi,curated_snapshot,acquire,http://purl.org/dmi-framework#SE_X3_ARG_2024,http://purl.org/dmi-framework#Ind_X3,http://purl.org/dmi-framework#Country_ARG,http://purl.org/dmi-framework#Phase_Acquire,http://purl.org/dmi-framework#Source_un_egdi,http://purl.org/dmi-framework#Prov_official
ARG,2025,developing,X3,0.8573,carried_forward,un_egdi,curated_snapshot,acquire,http://purl.org/dmi-framework#SE_X3_ARG_2025,http://purl.org/dmi-framework#Ind_X3,http://purl.org/dmi-framework#Country_ARG,http://purl.org/dmi-framework#Phase_Acquire,http://purl.org/dmi-framework#Source_un_egdi,http://purl.org/dmi-framework#Prov_carried_forward
AUS,2012,developed_non_eu,X3,0.839,official,un_egdi,curated_snapshot,acquire,http://purl.org/dmi-framework#SE_X3_AUS_2012,http://purl.org/dmi-framework#Ind_X3,http://purl.org/dmi-framework#Country_AUS,http://purl.org/dmi-framework#Phase_Acquire,http://purl.org/dmi-framework#Source_un_egdi,http://purl.org/dmi-framework#Prov_official
AUS,2013,developed_non_eu,X3,0.839,carried_forward,un_egdi,curated_snapshot,acquire,http://purl.org/dmi-framework#SE_X3_AUS_2013,http://purl.org/dmi-framework#Ind_X3,http://purl.org/dmi-framework#Country_AUS,http://purl.org/dmi-framework#Phase_Acquire,http://purl.org/dmi-framework#Source_un_egdi,http://purl.org/dmi-framework#Prov_carried_forward
AUS,2014,developed_non_eu,X3,0.91034,official,un_egdi,curated_snapshot,acquire,http://purl.org/dmi-framework#SE_X3_AUS_2014,http://purl.org/dmi-framework#Ind_X3,http://purl.org/dmi-framework#Country_AUS,http://purl.org/dmi-framework#Phase_Acquire,http://purl.org/dmi-framework#Source_un_egdi,http://purl.org/dmi-framework#Prov_official
AUS,2015,developed_non_eu,X3,0.91034,carried_forward,un_egdi,curated_snapshot,acquire,http://purl.org/dmi-framework#SE_X3_AUS_2015,http://purl.org/dmi-framework#Ind_X3,http://purl.org/dmi-framework#Country_AUS,http://purl.org/dmi-framework#Phase_Acquire,http://purl.org/dmi-framework#Source_un_egdi,http://purl.org/dmi-framework#Prov_carried_forward
AUS,2016,developed_non_eu,X3,0.91428,official,un_egdi,curated_snapshot,acquire,http://purl.org/dmi-framework#SE_X3_AUS_2016,http://purl.org/dmi-framework#Ind_X3,http://purl.org/dmi-framework#Country_AUS,http://purl.org/dmi-framework#Phase_Acquire,http://purl.org/dmi-framework#Source_un_egdi,http://purl.org/dmi-framework#Prov_official
AUS,2017,developed_non_eu,X3,0.91428,carried_forward,un_egdi,curated_snapshot,acquire,http://purl.org/dmi-framework#SE_X3_AUS_2017,http://purl.org/dmi-framework#Ind_X3,http://purl.org/dmi-framework#Country_AUS,http://purl.org/dmi-framework#Phase_Acquire,http://purl.org/dmi-framework#Source_un_egdi,http://purl.org/dmi-framework#Prov_carried_forward
AUS,2018,developed_non_eu,X3,0.9053,official,un_egdi,curated_snapshot,acquire,http://purl.org/dmi-framework#SE_X3_AUS_2018,http://purl.org/dmi-framework#Ind_X3,http://purl.org/dmi-framework#Country_AUS,http://purl.org/dmi-framework#Phase_Acquire,http://purl.org/dmi-framework#Source_un_egdi,http://purl.org/dmi-framework#Prov_official
AUS,2019,developed_non_eu,X3,0.9053,carried_forward,un_egdi,curated_snapshot,acquire,http://purl.org/dmi-framework#SE_X3_AUS_2019,http://purl.org/dmi-framework#Ind_X3,http://purl.org/dmi-framework#Country_AUS,http://purl.org/dmi-framework#Phase_Acquire,http://purl.org/dmi-framework#Source_un_egdi,http://purl.org/dmi-framework#Prov_carried_forward
AUS,2020,developed_non_eu,X3,0.9432,official,un_egdi,curated_snapshot,acquire,http://purl.org/dmi-framework#SE_X3_AUS_2020,http://purl.org/dmi-framework#Ind_X3,http://purl.org/dmi-framework#Country_AUS,http://purl.org/dmi-framework#Phase_Acquire,http://purl.org/dmi-framework#Source_un_egdi,http://purl.org/dmi-framework#Prov_official
AUS,2021,developed_non_eu,X3,0.9432,carried_forward,un_egdi,curated_snapshot,acquire,http://purl.org/dmi-framework#SE_X3_AUS_2021,http://purl.org/dmi-framework#Ind_X3,http://purl.org/dmi-framework#Country_AUS,http://purl.org/dmi-framework#Phase_Acquire,http://purl.org/dmi-framework#Source_un_egdi,http://purl.org/dmi-framework#Prov_carried_forward
AUS,2022,developed_non_eu,X3,0.9405,official,un_egdi,curated_snapshot,acquire,http://purl.org/dmi-framework#SE_X3_AUS_2022,http://purl.org/dmi-framework#Ind_X3,http://purl.org/dmi-framework#Country_AUS,http://purl.org/dmi-framework#Phase_Acquire,http://purl.org/dmi-framework#Source_un_egdi,http://purl.org/dmi-framework#Prov_official
AUS,2023,developed_non_eu,X3,0.9405,carried_forward,un_egdi,curated_snapshot,acquire,http://purl.org/dmi-framework#SE_X3_AUS_2023,http://purl.org/dmi-framework#Ind_X3,http://purl.org/dmi-framework#Country_AUS,http://purl.org/dmi-framework#Phase_Acquire,http://purl.org/dmi-framework#Source_un_egdi,http://purl.org/dmi-framework#Prov_carried_forward
AUS,2024,developed_non_eu,X3,0.9577,official,un_egdi,curated_snapshot,acquire,http://purl.org/dmi-framework#SE_X3_AUS_2024,http://purl.org/dmi-framework#Ind_X3,http://purl.org/dmi-framework#Country_AUS,http://purl.org/dmi-framework#Phase_Acquire,http://purl.org/dmi-framework#Source_un_egdi,http://purl.org/dmi-framework#Prov_official
AUS,2025,developed_non_eu,X3,0.9577,carried_forward,un_egdi,curated_snapshot,acquire,http://purl.org/dmi-framework#SE_X3_AUS_2025,http://purl.org/dmi-framework#Ind_X3,http://purl.org/dmi-framework#Country_AUS,http://purl.org/dmi-framework#Phase_Acquire,http://purl.org/dmi-framework#Source_un_egdi,http://purl.org/dmi-framework#Prov_carried_forward
BRA,2012,developing,X3,0.61673,official,un_egdi,curated_snapshot,acquire,http://purl.org/dmi-framework#SE_X3_BRA_2012,http://purl.org/dmi-framework#Ind_X3,http://purl.org/dmi-framework#Country_BRA,http://purl.org/dmi-framework#Phase_Acquire,http://purl.org/dmi-framework#Source_un_egdi,http://purl.org/dmi-framework#Prov_official
BRA,2013,developing,X3,0.61673,carried_forward,un_egdi,curated_snapshot,acquire,http://purl.org/dmi-framework#SE_X3_BRA_2013,http://purl.org/dmi-framework#Ind_X3,http://purl.org/dmi-framework#Country_BRA,http://purl.org/dmi-framework#Phase_Acquire,http://purl.org/dmi-framework#Source_un_egdi,http://purl.org/dmi-framework#Prov_carried_forward
BRA,2014,developing,X3,0.60082,official,un_egdi,curated_snapshot,acquire,http://purl.org/dmi-framework#SE_X3_BRA_2014,http://purl.org/dmi-framework#Ind_X3,http://purl.org/dmi-framework#Country_BRA,http://purl.org/dmi-framework#Phase_Acquire,http://purl.org/dmi-framework#Source_un_egdi,http://purl.org/dmi-framework#Prov_official
BRA,2015,developing,X3,0.60082,carried_forward,un_egdi,curated_snapshot,acquire,http://purl.org/dmi-framework#SE_X3_BRA_2015,http://purl.org/dmi-framework#Ind_X3,http://purl.org/dmi-framework#Country_BRA,http://purl.org/dmi-framework#Phase_Acquire,http://purl.org/dmi-framework#Source_un_egdi,http://purl.org/dmi-framework#Prov_carried_forward
BRA,2016,developing,X3,0.63769,official,un_egdi,curated_snapshot,acquire,http://purl.org/dmi-framework#SE_X3_BRA_2016,http://purl.org/dmi-framework#Ind_X3,http://purl.org/dmi-framework#Country_BRA,http://purl.org/dmi-framework#Phase_Acquire,http://purl.org/dmi-framework#Source_un_egdi,http://purl.org/dmi-framework#Prov_official
BRA,2017,developing,X3,0.63769,carried_forward,un_egdi,curated_snapshot,acquire,http://purl.org/dmi-framework#SE_X3_BRA_2017,http://purl.org/dmi-framework#Ind_X3,http://purl.org/dmi-framework#Country_BRA,http://purl.org/dmi-framework#Phase_Acquire,http://purl.org/dmi-framework#Source_un_egdi,http://purl.org/dmi-framework#Prov_carried_forward
BRA,2018,developing,X3,0.7327,official,un_egdi,curated_snapshot,acquire,http://purl.org/dmi-framework#SE_X3_BRA_2018,http://purl.org/dmi-framework#Ind_X3,http://purl.org/dmi-framework#Country_BRA,http://purl.org/dmi-framework#Phase_Acquire,http://purl.org/dmi-framework#Source_un_egdi,http://purl.org/dmi-framework#Prov_official
BRA,2019,developing,X3,0.7327,carried_forward,un_egdi,curated_snapshot,acquire,http://purl.org/dmi-framework#SE_X3_BRA_2019,http://purl.org/dmi-framework#Ind_X3,http://purl.org/dmi-framework#Country_BRA,http://purl.org/dmi-framework#Phase_Acquire,http://purl.org/dmi-framework#Source_un_egdi,http://purl.org/dmi-framework#Prov_carried_forward
BRA,2020,developing,X3,0.7677,official,un_egdi,curated_snapshot,acquire,http://purl.org/dmi-framework#SE_X3_BRA_2020,http://purl.org/dmi-framework#Ind_X3,http://purl.org/dmi-framework#Country_BRA,http://purl.org/dmi-framework#Phase_Acquire,http://purl.org/dmi-framework#Source_un_egdi,http://purl.org/dmi-framework#Prov_official
BRA,2021,developing,X3,0.7677,carried_forward,un_egdi,curated_snapshot,acquire,http://purl.org/dmi-framework#SE_X3_BRA_2021,http://purl.org/dmi-framework#Ind_X3,http://purl.org/dmi-framework#Country_BRA,http://purl.org/dmi-framework#Phase_Acquire,http://purl.org/dmi-framework#Source_un_egdi,http://purl.org/dmi-framework#Prov_carried_forward
BRA,2022,developing,X3,0.791,official,un_egdi,curated_snapshot,acquire,http://purl.org/dmi-framework#SE_X3_BRA_2022,http://purl.org/dmi-framework#Ind_X3,http://purl.org/dmi-framework#Country_BRA,http://purl.org/dmi-framework#Phase_Acquire,http://purl.org/dmi-framework#Source_un_egdi,http://purl.org/dmi-framework#Prov_official
BRA,2023,developing,X3,0.791,carried_forward,un_egdi,curated_snapshot,acquire,http://purl.org/dmi-framework#SE_X3_BRA_2023,http://purl.org/dmi-framework#Ind_X3,http://purl.org/dmi-framework#Country_BRA,http://purl.org/dmi-framework#Phase_Acquire,http://purl.org/dmi-framework#Source_un_egdi,http://purl.org/dmi-framework#Prov_carried_forward
BRA,2024,developing,X3,0.8403,official,un_egdi,curated_snapshot,acquire,http://purl.org/dmi-framework#SE_X3_BRA_2024,http://purl.org/dmi-framework#Ind_X3,http://purl.org/dmi-framework#Country_BRA,http://purl.org/dmi-framework#Phase_Acquire,http://purl.org/dmi-framework#Source_un_egdi,http://purl.org/dmi-framework#Prov_official
BRA,2025,developing,X3,0.8403,carried_forward,un_egdi,curated_snapshot,acquire,http://purl.org/dmi-framework#SE_X3_BRA_2025,http://purl.org/dmi-framework#Ind_X3,http://purl.org/dmi-framework#Country_BRA,http://purl.org/dmi-framework#Phase_Acquire,http://purl.org/dmi-framework#Source_un_egdi,http://purl.org/dmi-framework#Prov_carried_forward
CAN,2012,developed_non_eu,X3,0.84299,official,un_egdi,curated_snapshot,acquire,http://purl.org/dmi-framework#SE_X3_CAN_2012,http://purl.org/dmi-framework#Ind_X3,http://purl.org/dmi-framework#Country_CAN,http://purl.org/dmi-framework#Phase_Acquire,http://purl.org/dmi-framework#Source_un_egdi,http://purl.org/dmi-framework#Prov_official
CAN,2013,developed_non_eu,X3,0.84299,carried_forward,un_egdi,curated_snapshot,acquire,http://purl.org/dmi-framework#SE_X3_CAN_2013,http://purl.org/dmi-framework#Ind_X3,http://purl.org/dmi-framework#Country_CAN,http://purl.org/dmi-framework#Phase_Acquire,http://purl.org/dmi-framework#Source_un_egdi,http://purl.org/dmi-framework#Prov_carried_forward
CAN,2014,developed_non_eu,X3,0.84177,official,un_egdi,curated_snapshot,acquire,http://purl.org/dmi-framework#SE_X3_CAN_2014,http://purl.org/dmi-framework#Ind_X3,http://purl.org/dmi-framework#Country_CAN,http://purl.org/dmi-framework#Phase_Acquire,http://purl.org/dmi-framework#Source_un_egdi,http://purl.org/dmi-framework#Prov_official
CAN,2015,developed_non_eu,X3,0.84177,carried_forward,un_egdi,curated_snapshot,acquire,http://purl.org/dmi-framework#SE_X3_CAN_2015,http://purl.org/dmi-framework#Ind_X3,http://purl.org/dmi-framework#Country_CAN,http://purl.org/dmi-framework#Phase_Acquire,http://purl.org/dmi-framework#Source_un_egdi,http://purl.org/dmi-framework#Prov_carried_forward
CAN,2016,developed_non_eu,X3,0.82847,official,un_egdi,curated_snapshot,acquire,http://purl.org/dmi-framework#SE_X3_CAN_2016,http://purl.org/dmi-framework#Ind_X3,http://purl.org/dmi-framework#Country_CAN,http://purl.org/dmi-framework#Phase_Acquire,http://purl.org/dmi-framework#Source_un_egdi,http://purl.org/dmi-framework#Prov_official
CAN,2017,developed_non_eu,X3,0.82847,carried_forward,un_egdi,curated_snapshot,acquire,http://purl.org/dmi-framework#SE_X3_CAN_2017,http://purl.org/dmi-framework#Ind_X3,http://purl.org/dmi-framework#Country_CAN,http://purl.org/dmi-framework#Phase_Acquire,http://purl.org/dmi-framework#Source_un_egdi,http://purl.org/dmi-framework#Prov_carried_forward
CAN,2018,developed_non_eu,X3,0.8258,official,un_egdi,curated_snapshot,acquire,http://purl.org/dmi-framework#SE_X3_CAN_2018,http://purl.org/dmi-framework#Ind_X3,http://purl.org/dmi-framework#Country_CAN,http://purl.org/dmi-framework#Phase_Acquire,http://purl.org/dmi-framework#Source_un_egdi,http://purl.org/dmi-framework#Prov_official
CAN,2019,developed_non_eu,X3,0.8258,carried_forward,un_egdi,curated_snapshot,acquire,http://purl.org/dmi-framework#SE_X3_CAN_2019,http://purl.org/dmi-framework#Ind_X3,http://purl.org/dmi-framework#Country_CAN,http://purl.org/dmi-framework#Phase_Acquire,http://purl.org/dmi-framework#Source_un_egdi,http://purl.org/dmi-framework#Prov_carried_forward
CAN,2020,developed_non_eu,X3,0.842,official,un_egdi,curated_snapshot,acquire,http://purl.org/dmi-framework#SE_X3_CAN_2020,http://purl.org/dmi-framework#Ind_X3,http://purl.org/dmi-framework#Country_CAN,http://purl.org/dmi-framework#Phase_Acquire,http://purl.org/dmi-framework#Source_un_egdi,http://purl.org/dmi-framework#Prov_official
CAN,2021,developed_non_eu,X3,0.842,carried_forward,un_egdi,curated_snapshot,acquire,http://purl.org/dmi-framework#SE_X3_CAN_2021,http://purl.org/dmi-framework#Ind_X3,http://purl.org/dmi-framework#Country_CAN,http://purl.org/dmi-framework#Phase_Acquire,http://purl.org/dmi-framework#Source_un_egdi,http://purl.org/dmi-framework#Prov_carried_forward
CAN,2022,developed_non_eu,X3,0.8511,official,un_egdi,curated_snapshot,acquire,http://purl.org/dmi-framework#SE_X3_CAN_2022,http://purl.org/dmi-framework#Ind_X3,http://purl.org/dmi-framework#Country_CAN,http://purl.org/dmi-framework#Phase_Acquire,http://purl.org/dmi-framework#Source_un_egdi,http://purl.org/dmi-framework#Prov_official
CAN,2023,developed_non_eu,X3,0.8511,carried_forward,un_egdi,curated_snapshot,acquire,http://purl.org/dmi-framework#SE_X3_CAN_2023,http://purl.org/dmi-framework#Ind_X3,http://purl.org/dmi-framework#Country_CAN,http://purl.org/dmi-framework#Phase_Acquire,http://purl.org/dmi-framework#Source_un_egdi,http://purl.org/dmi-framework#Prov_carried_forward
CAN,2024,developed_non_eu,X3,0.8452,official,un_egdi,curated_snapshot,acquire,http://purl.org/dmi-framework#SE_X3_CAN_2024,http://purl.org/dmi-framework#Ind_X3,http://purl.org/dmi-framework#Country_CAN,http://purl.org/dmi-framework#Phase_Acquire,http://purl.org/dmi-framework#Source_un_egdi,http://purl.org/dmi-framework#Prov_official
CAN,2025,developed_non_eu,X3,0.8452,carried_forward,un_egdi,curated_snapshot,acquire,http://purl.org/dmi-framework#SE_X3_CAN_2025,http://purl.org/dmi-framework#Ind_X3,http://purl.org/dmi-framework#Country_CAN,http://purl.org/dmi-framework#Phase_Acquire,http://purl.org/dmi-framework#Source_un_egdi,http://purl.org/dmi-framework#Prov_carried_forward
DEU,2012,developed_eu,X3,0.80788,official,un_egdi,curated_snapshot,acquire,http://purl.org/dmi-framework#SE_X3_DEU_2012,http://purl.org/dmi-framework#Ind_X3,http://purl.org/dmi-framework#Country_DEU,http://purl.org/dmi-framework#Phase_Acquire,http://purl.org/dmi-framework#Source_un_egdi,http://purl.org/dmi-framework#Prov_official
DEU,2013,developed_eu,X3,0.80788,carried_forward,un_egdi,curated_snapshot,acquire,http://purl.org/dmi-framework#SE_X3_DEU_2013,http://purl.org/dmi-framework#Ind_X3,http://purl.org/dmi-framework#Country_DEU,http://purl.org/dmi-framework#Phase_Acquire,http://purl.org/dmi-framework#Source_un_egdi,http://purl.org/dmi-framework#Prov_carried_forward
DEU,2014,developed_eu,X3,0.7864,official,un_egdi,curated_snapshot,acquire,http://purl.org/dmi-framework#SE_X3_DEU_2014,http://purl.org/dmi-framework#Ind_X3,http://purl.org/dmi-framework#Country_DEU,http://purl.org/dmi-framework#Phase_Acquire,http://purl.org/dmi-framework#Source_un_egdi,http://purl.org/dmi-framework#Prov_official
DEU,2015,developed_eu,X3,0.7864,carried_forward,un_egdi,curated_snapshot,acquire,http://purl.org/dmi-framework#SE_X3_DEU_2015,http://purl.org/dmi-framework#Ind_X3,http://purl.org/dmi-framework#Country_DEU,http://purl.org/dmi-framework#Phase_Acquire,http://purl.org/dmi-framework#Source_un_egdi,http://purl.org/dmi-framework#Prov_carried_forward
DEU,2016,developed_eu,X3,0.82099,official,un_egdi,curated_snapshot,acquire,http://purl.org/dmi-framework#SE_X3_DEU_2016,http://purl.org/dmi-framework#Ind_X3,http://purl.org/dmi-framework#Country_DEU,http://purl.org/dmi-framework#Phase_Acquire,http://purl.org/dmi-framework#Source_un_egdi,http://purl.org/dmi-framework#Prov_official
DEU,2017,developed_eu,X3,0.82099,carried_forward,un_egdi,curated_snapshot,acquire,http://purl.org/dmi-framework#SE_X3_DEU_2017,http://purl.org/dmi-framework#Ind_X3,http://purl.org/dmi-framework#Country_DEU,http://purl.org/dmi-framework#Phase_Acquire,http://purl.org/dmi-framework#Source_un_egdi,http://purl.org/dmi-framework#Prov_carried_forward
DEU,2018,developed_eu,X3,0.8765,official,un_egdi,curated_snapshot,acquire,http://purl.org/dmi-framework#SE_X3_DEU_2018,http://purl.org/dmi-framework#Ind_X3,http://purl.org/dmi-framework#Country_DEU,http://purl.org/dmi-framework#Phase_Acquire,http://purl.org/dmi-framework#Source_un_egdi,http://purl.org/dmi-framework#Prov_official
DEU,2019,developed_eu,X3,0.8765,carried_forward,un_egdi,curated_snapshot,acquire,http://purl.org/dmi-framework#SE_X3_DEU_2019,http://purl.org/dmi-framework#Ind_X3,http://purl.org/dmi-framework#Country_DEU,http://purl.org/dmi-framework#Phase_Acquire,http://purl.org/dmi-framework#Source_un_egdi,http://purl.org/dmi-framework#Prov_carried_forward
DEU,2020,developed_eu,X3,0.8524,official,un_egdi,curated_snapshot,acquire,http://purl.org/dmi-framework#SE_X3_DEU_2020,http://purl.org/dmi-framework#Ind_X3,http://purl.org/dmi-framework#Country_DEU,http://purl.org/dmi-framework#Phase_Acquire,http://purl.org/dmi-framework#Source_un_egdi,http://purl.org/dmi-framework#Prov_official
DEU,2021,developed_eu,X3,0.8524,carried_forward,un_egdi,curated_snapshot,acquire,http://purl.org/dmi-framework#SE_X3_DEU_2021,http://purl.org/dmi-framework#Ind_X3,http://purl.org/dmi-framework#Country_DEU,http://purl.org/dmi-framework#Phase_Acquire,http://purl.org/dmi-framework#Source_un_egdi,http://purl.org/dmi-framework#Prov_carried_forward
DEU,2022,developed_eu,X3,0.877,official,un_egdi,curated_snapshot,acquire,http://purl.org/dmi-framework#SE_X3_DEU_2022,http://purl.org/dmi-framework#Ind_X3,http://purl.org/dmi-framework#Country_DEU,http://purl.org/dmi-framework#Phase_Acquire,http://purl.org/dmi-framework#Source_un_egdi,http://purl.org/dmi-framework#Prov_official
DEU,2023,developed_eu,X3,0.877,carried_forward,un_egdi,curated_snapshot,acquire,http://purl.org/dmi-framework#SE_X3_DEU_2023,http://purl.org/dmi-framework#Ind_X3,http://purl.org/dmi-framework#Country_DEU,http://purl.org/dmi-framework#Phase_Acquire,http://purl.org/dmi-framework#Source_un_egdi,http://purl.org/dmi-framework#Prov_carried_forward
DEU,2024,developed_eu,X3,0.9382,official,un_egdi,curated_snapshot,acquire,http://purl.org/dmi-framework#SE_X3_DEU_2024,http://purl.org/dmi-framework#Ind_X3,http://purl.org/dmi-framework#Country_DEU,http://purl.org/dmi-framework#Phase_Acquire,http://purl.org/dmi-framework#Source_un_egdi,http://purl.org/dmi-framework#Prov_official
DEU,2025,developed_eu,X3,0.9382,carried_forward,un_egdi,curated_snapshot,acquire,http://purl.org/dmi-framework#SE_X3_DEU_2025,http://purl.org/dmi-framework#Ind_X3,http://purl.org/dmi-framework#Country_DEU,http://purl.org/dmi-framework#Phase_Acquire,http://purl.org/dmi-framework#Source_un_egdi,http://purl.org/dmi-framework#Prov_carried_forward
FRA,2012,developed_eu,X3,0.86349,official,un_egdi,curated_snapshot,acquire,http://purl.org/dmi-framework#SE_X3_FRA_2012,http://purl.org/dmi-framework#Ind_X3,http://purl.org/dmi-framework#Country_FRA,http://purl.org/dmi-framework#Phase_Acquire,http://purl.org/dmi-framework#Source_un_egdi,http://purl.org/dmi-framework#Prov_official
FRA,2013,developed_eu,X3,0.86349,carried_forward,un_egdi,curated_snapshot,acquire,http://purl.org/dmi-framework#SE_X3_FRA_2013,http://purl.org/dmi-framework#Ind_X3,http://purl.org/dmi-framework#Country_FRA,http://purl.org/dmi-framework#Phase_Acquire,http://purl.org/dmi-framework#Source_un_egdi,http://purl.org/dmi-framework#Prov_carried_forward
FRA,2014,developed_eu,X3,0.89384,official,un_egdi,curated_snapshot,acquire,http://purl.org/dmi-framework#SE_X3_FRA_2014,http://purl.org/dmi-framework#Ind_X3,http://purl.org/dmi-framework#Country_FRA,http://purl.org/dmi-framework#Phase_Acquire,http://purl.org/dmi-framework#Source_un_egdi,http://purl.org/dmi-framework#Prov_official
FRA,2015,developed_eu,X3,0.89384,carried_forward,un_egdi,curated_snapshot,acquire,http://purl.org/dmi-framework#SE_X3_FRA_2015,http://purl.org/dmi-framework#Ind_X3,http://purl.org/dmi-framework#Country_FRA,http://purl.org/dmi-framework#Phase_Acquire,http://purl.org/dmi-framework#Source_un_egdi,http://purl.org/dmi-framework#Prov_carried_forward
FRA,2016,developed_eu,X3,0.84559,official,un_egdi,curated_snapshot,acquire,http://purl.org/dmi-framework#SE_X3_FRA_2016,http://purl.org/dmi-framework#Ind_X3,http://purl.org/dmi-framework#Country_FRA,http://purl.org/dmi-framework#Phase_Acquire,http://purl.org/dmi-framework#Source_un_egdi,http://purl.org/dmi-framework#Prov_official
FRA,2017,developed_eu,X3,0.84559,carried_forward,un_egdi,curated_snapshot,acquire,http://purl.org/dmi-framework#SE_X3_FRA_2017,http://purl.org/dmi-framework#Ind_X3,http://purl.org/dmi-framework#Country_FRA,http://purl.org/dmi-framework#Phase_Acquire,http://purl.org/dmi-framework#Source_un_egdi,http://purl.org/dmi-framework#Prov_carried_forward
FRA,2018,developed_eu,X3,0.879,official,un_egdi,curated_snapshot,acquire,http://purl.org/dmi-framework#SE_X3_FRA_2018,http://purl.org/dmi-framework#Ind_X3,http://purl.org/dmi-framework#Country_FRA,http://purl.org/dmi-framework#Phase_Acquire,http://purl.org/dmi-framework#Source_un_egdi,http://purl.org/dmi-framework#Prov_official
FRA,2019,developed_eu,X3,0.879,carried_forward,un_egdi,curated_snapshot,acquire,http://purl.org/dmi-framework#SE_X3_FRA_2019,http://purl.org/dmi-framework#Ind_X3,http://purl.org/dmi-framework#Country_FRA,http://purl.org/dmi-framework#Phase_Acquire,http://purl.org/dmi-framework#Source_un_egdi,http://purl.org/dmi-framework#Prov_carried_forward
FRA,2020,developed_eu,X3,0.8718,official,un_egdi,curated_snapshot,acquire,http://purl.org/dmi-framework#SE_X3_FRA_2020,http://purl.org/dmi-framework#Ind_X3,http://purl.org/dmi-framework#Country_FRA,http://purl.org/dmi-framework#Phase_Acquire,http://purl.org/dmi-framework#Source_un_egdi,http://purl.org/dmi-framework#Prov_official
FRA,2021,developed_eu,X3,0.8718,carried_forward,un_egdi,curated_snapshot,acquire,http://purl.org/dmi-framework#SE_X3_FRA_2021,http://purl.org/dmi-framework#Ind_X3,http://purl.org/dmi-framework#Country_FRA,http://purl.org/dmi-framework#Phase_Acquire,http://purl.org/dmi-framework#Source_un_egdi,http://purl.org/dmi-framework#Prov_carried_forward
FRA,2022,developed_eu,X3,0.8832,official,un_egdi,curated_snapshot,acquire,http://purl.org/dmi-framework#SE_X3_FRA_2022,http://purl.org/dmi-framework#Ind_X3,http://purl.org/dmi-framework#Country_FRA,http://purl.org/dmi-framework#Phase_Acquire,http://purl.org/dmi-framework#Source_un_egdi,http://purl.org/dmi-framework#Prov_official
FRA,2023,developed_eu,X3,0.8832,carried_forward,un_egdi,curated_snapshot,acquire,http://purl.org/dmi-framework#SE_X3_FRA_2023,http://purl.org/dmi-framework#Ind_X3,http://purl.org/dmi-framework#Country_FRA,http://purl.org/dmi-framework#Phase_Acquire,http://purl.org/dmi-framework#Source_un_egdi,http://purl.org/dmi-framework#Prov_carried_forward
FRA,2024,developed_eu,X3,0.8744,official,un_egdi,curated_snapshot,acquire,http://purl.org/dmi-framework#SE_X3_FRA_2024,http://purl.org/dmi-framework#Ind_X3,http://purl.org/dmi-framework#Country_FRA,http://purl.org/dmi-framework#Phase_Acquire,http://purl.org/dmi-framework#Source_un_egdi,http://purl.org/dmi-framework#Prov_official
FRA,2025,developed_eu,X3,0.8744,carried_forward,un_egdi,curated_snapshot,acquire,http://purl.org/dmi-framework#SE_X3_FRA_2025,http://purl.org/dmi-framework#Ind_X3,http://purl.org/dmi-framework#Country_FRA,http://purl.org/dmi-framework#Phase_Acquire,http://purl.org/dmi-framework#Source_un_egdi,http://purl.org/dmi-framework#Prov_carried_forward
GBR,2012,developed_eu,X3,0.89603,official,un_egdi,curated_snapshot,acquire,http://purl.org/dmi-framework#SE_X3_GBR_2012,http://purl.org/dmi-framework#Ind_X3,http://purl.org/dmi-framework#Country_GBR,http://purl.org/dmi-framework#Phase_Acquire,http://purl.org/dmi-framework#Source_un_egdi,http://purl.org/dmi-framework#Prov_official
GBR,2013,developed_eu,X3,0.89603,carried_forward,un_egdi,curated_snapshot,acquire,http://purl.org/dmi-framework#SE_X3_GBR_2013,http://purl.org/dmi-framework#Ind_X3,http://purl.org/dmi-framework#Country_GBR,http://purl.org/dmi-framework#Phase_Acquire,http://purl.org/dmi-framework#Source_un_egdi,http://purl.org/dmi-framework#Prov_carried_forward
GBR,2014,developed_eu,X3,0.86948,official,un_egdi,curated_snapshot,acquire,http://purl.org/dmi-framework#SE_X3_GBR_2014,http://purl.org/dmi-framework#Ind_X3,http://purl.org/dmi-framework#Country_GBR,http://purl.org/dmi-framework#Phase_Acquire,http://purl.org/dmi-framework#Source_un_egdi,http://purl.org/dmi-framework#Prov_official
GBR,2015,developed_eu,X3,0.86948,carried_forward,un_egdi,curated_snapshot,acquire,http://purl.org/dmi-framework#SE_X3_GBR_2015,http://purl.org/dmi-framework#Ind_X3,http://purl.org/dmi-framework#Country_GBR,http://purl.org/dmi-framework#Phase_Acquire,http://purl.org/dmi-framework#Source_un_egdi,http://purl.org/dmi-framework#Prov_carried_forward
GBR,2016,developed_eu,X3,0.91928,official,un_egdi,curated_snapshot,acquire,http://purl.org/dmi-framework#SE_X3_GBR_2016,http://purl.org/dmi-framework#Ind_X3,http://purl.org/dmi-framework#Country_GBR,http://purl.org/dmi-framework#Phase_Acquire,http://purl.org/dmi-framework#Source_un_egdi,http://purl.org/dmi-framework#Prov_official
GBR,2017,developed_eu,X3,0.91928,carried_forward,un_egdi,curated_snapshot,acquire,http://purl.org/dmi-framework#SE_X3_GBR_2017,http://purl.org/dmi-framework#Ind_X3,http://purl.org/dmi-framework#Country_GBR,http://purl.org/dmi-framework#Phase_Acquire,http://purl.org/dmi-framework#Source_un_egdi,http://purl.org/dmi-framework#Prov_carried_forward
GBR,2018,developed_eu,X3,0.8999,official,un_egdi,curated_snapshot,acquire,http://purl.org/dmi-framework#SE_X3_GBR_2018,http://purl.org/dmi-framework#Ind_X3,http://purl.org/dmi-framework#Country_GBR,http://purl.org/dmi-framework#Phase_Acquire,http://purl.org/dmi-framework#Source_un_egdi,http://purl.org/dmi-framework#Prov_official
GBR,2019,developed_eu,X3,0.8999,carried_forward,un_egdi,curated_snapshot,acquire,http://purl.org/dmi-framework#SE_X3_GBR_2019,http://purl.org/dmi-framework#Ind_X3,http://purl.org/dmi-framework#Country_GBR,http://purl.org/dmi-framework#Phase_Acquire,http://purl.org/dmi-framework#Source_un_egdi,http://purl.org/dmi-framework#Prov_carried_forward
GBR,2020,developed_eu,X3,0.9358,official,un_egdi,curated_snapshot,acquire,http://purl.org/dmi-framework#SE_X3_GBR_2020,http://purl.org/dmi-framework#Ind_X3,http://purl.org/dmi-framework#Country_GBR,http://purl.org/dmi-framework#Phase_Acquire,http://purl.org/dmi-framework#Source_un_egdi,http://purl.org/dmi-framework#Prov_official
GBR,2021,developed_eu,X3,0.9358,carried_forward,un_egdi,curated_snapshot,acquire,http://purl.org/dmi-framework#SE_X3_GBR_2021,http://purl.org/dmi-framework#Ind_X3,http://purl.org/dmi-framework#Country_GBR,http://purl.org/dmi-framework#Phase_Acquire,http://purl.org/dmi-framework#Source_un_egdi,http://purl.org/dmi-framework#Prov_carried_forward
GBR,2022,developed_eu,X3,0.9138,official,un_egdi,curated_snapshot,acquire,http://purl.org/dmi-framework#SE_X3_GBR_2022,http://purl.org/dmi-framework#Ind_X3,http://purl.org/dmi-framework#Country_GBR,http://purl.org/dmi-framework#Phase_Acquire,http://purl.org/dmi-framework#Source_un_egdi,http://purl.org/dmi-framework#Prov_official
GBR,2023,developed_eu,X3,0.9138,carried_forward,un_egdi,curated_snapshot,acquire,http://purl.org/dmi-framework#SE_X3_GBR_2023,http://purl.org/dmi-framework#Ind_X3,http://purl.org/dmi-framework#Country_GBR,http://purl.org/dmi-framework#Phase_Acquire,http://purl.org/dmi-framework#Source_un_egdi,http://purl.org/dmi-framework#Prov_carried_forward
GBR,2024,developed_eu,X3,0.9577,official,un_egdi,curated_snapshot,acquire,http://purl.org/dmi-framework#SE_X3_GBR_2024,http://purl.org/dmi-framework#Ind_X3,http://purl.org/dmi-framework#Country_GBR,http://purl.org/dmi-framework#Phase_Acquire,http://purl.org/dmi-framework#Source_un_egdi,http://purl.org/dmi-framework#Prov_official
GBR,2025,developed_eu,X3,0.9577,carried_forward,un_egdi,curated_snapshot,acquire,http://purl.org/dmi-framework#SE_X3_GBR_2025,http://purl.org/dmi-framework#Ind_X3,http://purl.org/dmi-framework#Country_GBR,http://purl.org/dmi-framework#Phase_Acquire,http://purl.org/dmi-framework#Source_un_egdi,http://purl.org/dmi-framework#Prov_carried_forward
IND,2012,developing,X3,0.38287,official,un_egdi,curated_snapshot,acquire,http://purl.org/dmi-framework#SE_X3_IND_2012,http://purl.org/dmi-framework#Ind_X3,http://purl.org/dmi-framework#Country_IND,http://purl.org/dmi-framework#Phase_Acquire,http://purl.org/dmi-framework#Source_un_egdi,http://purl.org/dmi-framework#Prov_official
IND,2013,developing,X3,0.38287,carried_forward,un_egdi,curated_snapshot,acquire,http://purl.org/dmi-framework#SE_X3_IND_2013,http://purl.org/dmi-framework#Ind_X3,http://purl.org/dmi-framework#Country_IND,http://purl.org/dmi-framework#Phase_Acquire,http://purl.org/dmi-framework#Source_un_egdi,http://purl.org/dmi-framework#Prov_carried_forward
IND,2014,developing,X3,0.38343,official,un_egdi,curated_snapshot,acquire,http://purl.org/dmi-framework#SE_X3_IND_2014,http://purl.org/dmi-framework#Ind_X3,http://purl.org/dmi-framework#Country_IND,http://purl.org/dmi-framework#Phase_Acquire,http://purl.org/dmi-framework#Source_un_egdi,http://purl.org/dmi-framework#Prov_official
IND,2015,developing,X3,0.38343,carried_forward,un_egdi,curated_snapshot,acquire,http://purl.org/dmi-framework#SE_X3_IND_2015,http://purl.org/dmi-framework#Ind_X3,http://purl.org/dmi-framework#Country_IND,http://purl.org/dmi-framework#Phase_Acquire,http://purl.org/dmi-framework#Source_un_egdi,http://purl.org/dmi-framework#Prov_carried_forward
IND,2016,developing,X3,0.46375,official,un_egdi,curated_snapshot,acquire,http://purl.org/dmi-framework#SE_X3_IND_2016,http://purl.org/dmi-framework#Ind_X3,http://purl.org/dmi-framework#Country_IND,http://purl.org/dmi-framework#Phase_Acquire,http://purl.org/dmi-framework#Source_un_egdi,http://purl.org/dmi-framework#Prov_official
IND,2017,developing,X3,0.46375,carried_forward,un_egdi,curated_snapshot,acquire,http://purl.org/dmi-framework#SE_X3_IND_2017,http://purl.org/dmi-framework#Ind_X3,http://purl.org/dmi-framework#Country_IND,http://purl.org/dmi-framework#Phase_Acquire,http://purl.org/dmi-framework#Source_un_egdi,http://purl.org/dmi-framework#Prov_carried_forward
IND,2018,developing,X3,0.5669,official,un_egdi,curated_snapshot,acquire,http://purl.org/dmi-framework#SE_X3_IND_2018,http://purl.org/dmi-framework#Ind_X3,http://purl.org/dmi-framework#Country_IND,http://purl.org/dmi-framework#Phase_Acquire,http://purl.org/dmi-framework#Source_un_egdi,http://purl.org/dmi-framework#Prov_official
IND,2019,developing,X3,0.5669,carried_forward,un_egdi,curated_snapshot,acquire,http://purl.org/dmi-framework#SE_X3_IND_2019,http://purl.org/dmi-framework#Ind_X3,http://purl.org/dmi-framework#Country_IND,http://purl.org/dmi-framework#Phase_Acquire,http://purl.org/dmi-framework#Source_un_egdi,http://purl.org/dmi-framework#Prov_carried_forward
IND,2020,developing,X3,0.5964,official,un_egdi,curated_snapshot,acquire,http://purl.org/dmi-framework#SE_X3_IND_2020,http://purl.org/dmi-framework#Ind_X3,http://purl.org/dmi-framework#Country_IND,http://purl.org/dmi-framework#Phase_Acquire,http://purl.org/dmi-framework#Source_un_egdi,http://purl.org/dmi-framework#Prov_official
IND,2021,developing,X3,0.5964,carried_forward,un_egdi,curated_snapshot,acquire,http://purl.org/dmi-framework#SE_X3_IND_2021,http://purl.org/dmi-framework#Ind_X3,http://purl.org/dmi-framework#Country_IND,http://purl.org/dmi-framework#Phase_Acquire,http://purl.org/dmi-framework#Source_un_egdi,http://purl.org/dmi-framework#Prov_carried_forward
IND,2022,developing,X3,0.5883,official,un_egdi,curated_snapshot,acquire,http://purl.org/dmi-framework#SE_X3_IND_2022,http://purl.org/dmi-framework#Ind_X3,http://purl.org/dmi-framework#Country_IND,http://purl.org/dmi-framework#Phase_Acquire,http://purl.org/dmi-framework#Source_un_egdi,http://purl.org/dmi-framework#Prov_official
IND,2023,developing,X3,0.5883,carried_forward,un_egdi,curated_snapshot,acquire,http://purl.org/dmi-framework#SE_X3_IND_2023,http://purl.org/dmi-framework#Ind_X3,http://purl.org/dmi-framework#Country_IND,http://purl.org/dmi-framework#Phase_Acquire,http://purl.org/dmi-framework#Source_un_egdi,http://purl.org/dmi-framework#Prov_carried_forward
IND,2024,developing,X3,0.6678,official,un_egdi,curated_snapshot,acquire,http://purl.org/dmi-framework#SE_X3_IND_2024,http://purl.org/dmi-framework#Ind_X3,http://purl.org/dmi-framework#Country_IND,http://purl.org/dmi-framework#Phase_Acquire,http://purl.org/dmi-framework#Source_un_egdi,http://purl.org/dmi-framework#Prov_official
IND,2025,developing,X3,0.6678,carried_forward,un_egdi,curated_snapshot,acquire,http://purl.org/dmi-framework#SE_X3_IND_2025,http://purl.org/dmi-framework#Ind_X3,http://purl.org/dmi-framework#Country_IND,http://purl.org/dmi-framework#Phase_Acquire,http://purl.org/dmi-framework#Source_un_egdi,http://purl.org/dmi-framework#Prov_carried_forward
MKD,2012,balkan,X3,0.55865,official,un_egdi,curated_snapshot,acquire,http://purl.org/dmi-framework#SE_X3_MKD_2012,http://purl.org/dmi-framework#Ind_X3,http://purl.org/dmi-framework#Country_MKD,http://purl.org/dmi-framework#Phase_Acquire,http://purl.org/dmi-framework#Source_un_egdi,http://purl.org/dmi-framework#Prov_official
MKD,2013,balkan,X3,0.55865,carried_forward,un_egdi,curated_snapshot,acquire,http://purl.org/dmi-framework#SE_X3_MKD_2013,http://purl.org/dmi-framework#Ind_X3,http://purl.org/dmi-framework#Country_MKD,http://purl.org/dmi-framework#Phase_Acquire,http://purl.org/dmi-framework#Source_un_egdi,http://purl.org/dmi-framework#Prov_carried_forward
MKD,2014,balkan,X3,0.47198,official,un_egdi,curated_snapshot,acquire,http://purl.org/dmi-framework#SE_X3_MKD_2014,http://purl.org/dmi-framework#Ind_X3,http://purl.org/dmi-framework#Country_MKD,http://purl.org/dmi-framework#Phase_Acquire,http://purl.org/dmi-framework#Source_un_egdi,http://purl.org/dmi-framework#Prov_official
MKD,2015,balkan,X3,0.47198,carried_forward,un_egdi,curated_snapshot,acquire,http://purl.org/dmi-framework#SE_X3_MKD_2015,http://purl.org/dmi-framework#Ind_X3,http://purl.org/dmi-framework#Country_MKD,http://purl.org/dmi-framework#Phase_Acquire,http://purl.org/dmi-framework#Source_un_egdi,http://purl.org/dmi-framework#Prov_carried_forward
MKD,2016,balkan,X3,0.58855,official,un_egdi,curated_snapshot,acquire,http://purl.org/dmi-framework#SE_X3_MKD_2016,http://purl.org/dmi-framework#Ind_X3,http://purl.org/dmi-framework#Country_MKD,http://purl.org/dmi-framework#Phase_Acquire,http://purl.org/dmi-framework#Source_un_egdi,http://purl.org/dmi-framework#Prov_official
MKD,2017,balkan,X3,0.58855,carried_forward,un_egdi,curated_snapshot,acquire,http://purl.org/dmi-framework#SE_X3_MKD_2017,http://purl.org/dmi-framework#Ind_X3,http://purl.org/dmi-framework#Country_MKD,http://purl.org/dmi-framework#Phase_Acquire,http://purl.org/dmi-framework#Source_un_egdi,http://purl.org/dmi-framework#Prov_carried_forward
MKD,2018,balkan,X3,0.6312,official,un_egdi,curated_snapshot,acquire,http://purl.org/dmi-framework#SE_X3_MKD_2018,http://purl.org/dmi-framework#Ind_X3,http://purl.org/dmi-framework#Country_MKD,http://purl.org/dmi-framework#Phase_Acquire,http://purl.org/dmi-framework#Source_un_egdi,http://purl.org/dmi-framework#Prov_official
MKD,2019,balkan,X3,0.6312,carried_forward,un_egdi,curated_snapshot,acquire,http://purl.org/dmi-framework#SE_X3_MKD_2019,http://purl.org/dmi-framework#Ind_X3,http://purl.org/dmi-framework#Country_MKD,http://purl.org/dmi-framework#Phase_Acquire,http://purl.org/dmi-framework#Source_un_egdi,http://purl.org/dmi-framework#Prov_carried_forward
MKD,2020,balkan,X3,0.7083,official,un_egdi,curated_snapshot,acquire,http://purl.org/dmi-framework#SE_X3_MKD_2020,http://purl.org/dmi-framework#Ind_X3,http://purl.org/dmi-framework#Country_MKD,http://purl.org/dmi-framework#Phase_Acquire,http://purl.org/dmi-framework#Source_un_egdi,http://purl.org/dmi-framework#Prov_official
MKD,2021,balkan,X3,0.7083,carried_forward,un_egdi,curated_snapshot,acquire,http://purl.org/dmi-framework#SE_X3_MKD_2021,http://purl.org/dmi-framework#Ind_X3,http://purl.org/dmi-framework#Country_MKD,http://purl.org/dmi-framework#Phase_Acquire,http://purl.org/dmi-framework#Source_un_egdi,http://purl.org/dmi-framework#Prov_carried_forward
MKD,2022,balkan,X3,0.7,official,un_egdi,curated_snapshot,acquire,http://purl.org/dmi-framework#SE_X3_MKD_2022,http://purl.org/dmi-framework#Ind_X3,http://purl.org/dmi-framework#Country_MKD,http://purl.org/dmi-framework#Phase_Acquire,http://purl.org/dmi-framework#Source_un_egdi,http://purl.org/dmi-framework#Prov_official
MKD,2023,balkan,X3,0.7,carried_forward,un_egdi,curated_snapshot,acquire,http://purl.org/dmi-framework#SE_X3_MKD_2023,http://purl.org/dmi-framework#Ind_X3,http://purl.org/dmi-framework#Country_MKD,http://purl.org/dmi-framework#Phase_Acquire,http://purl.org/dmi-framework#Source_un_egdi,http://purl.org/dmi-framework#Prov_carried_forward
MKD,2024,balkan,X3,0.707,official,un_egdi,curated_snapshot,acquire,http://purl.org/dmi-framework#SE_X3_MKD_2024,http://purl.org/dmi-framework#Ind_X3,http://purl.org/dmi-framework#Country_MKD,http://purl.org/dmi-framework#Phase_Acquire,http://purl.org/dmi-framework#Source_un_egdi,http://purl.org/dmi-framework#Prov_official
MKD,2025,balkan,X3,0.707,carried_forward,un_egdi,curated_snapshot,acquire,http://purl.org/dmi-framework#SE_X3_MKD_2025,http://purl.org/dmi-framework#Ind_X3,http://purl.org/dmi-framework#Country_MKD,http://purl.org/dmi-framework#Phase_Acquire,http://purl.org/dmi-framework#Source_un_egdi,http://purl.org/dmi-framework#Prov_carried_forward
SRB,2012,balkan,X3,0.63119,official,un_egdi,curated_snapshot,acquire,http://purl.org/dmi-framework#SE_X3_SRB_2012,http://purl.org/dmi-framework#Ind_X3,http://purl.org/dmi-framework#Country_SRB,http://purl.org/dmi-framework#Phase_Acquire,http://purl.org/dmi-framework#Source_un_egdi,http://purl.org/dmi-framework#Prov_official
SRB,2013,balkan,X3,0.63119,carried_forward,un_egdi,curated_snapshot,acquire,http://purl.org/dmi-framework#SE_X3_SRB_2013,http://purl.org/dmi-framework#Ind_X3,http://purl.org/dmi-framework#Country_SRB,http://purl.org/dmi-framework#Phase_Acquire,http://purl.org/dmi-framework#Source_un_egdi,http://purl.org/dmi-framework#Prov_carried_forward
SRB,2014,balkan,X3,0.54715,official,un_egdi,curated_snapshot,acquire,http://purl.org/dmi-framework#SE_X3_SRB_2014,http://purl.org/dmi-framework#Ind_X3,http://purl.org/dmi-framework#Country_SRB,http://purl.org/dmi-framework#Phase_Acquire,http://purl.org/dmi-framework#Source_un_egdi,http://purl.org/dmi-framework#Prov_official
SRB,2015,balkan,X3,0.54715,carried_forward,un_egdi,curated_snapshot,acquire,http://purl.org/dmi-framework#SE_X3_SRB_2015,http://purl.org/dmi-framework#Ind_X3,http://purl.org/dmi-framework#Country_SRB,http://purl.org/dmi-framework#Phase_Acquire,http://purl.org/dmi-framework#Source_un_egdi,http://purl.org/dmi-framework#Prov_carried_forward
SRB,2016,balkan,X3,0.71308,official,un_egdi,curated_snapshot,acquire,http://purl.org/dmi-framework#SE_X3_SRB_2016,http://purl.org/dmi-framework#Ind_X3,http://purl.org/dmi-framework#Country_SRB,http://purl.org/dmi-framework#Phase_Acquire,http://purl.org/dmi-framework#Source_un_egdi,http://purl.org/dmi-framework#Prov_official
SRB,2017,balkan,X3,0.71308,carried_forward,un_egdi,curated_snapshot,acquire,http://purl.org/dmi-framework#SE_X3_SRB_2017,http://purl.org/dmi-framework#Ind_X3,http://purl.org/dmi-framework#Country_SRB,http://purl.org/dmi-framework#Phase_Acquire,http://purl.org/dmi-framework#Source_un_egdi,http://purl.org/dmi-framework#Prov_carried_forward
SRB,2018,balkan,X3,0.7155,official,un_egdi,curated_snapshot,acquire,http://purl.org/dmi-framework#SE_X3_SRB_2018,http://purl.org/dmi-framework#Ind_X3,http://purl.org/dmi-framework#Country_SRB,http://purl.org/dmi-framework#Phase_Acquire,http://purl.org/dmi-framework#Source_un_egdi,http://purl.org/dmi-framework#Prov_official
SRB,2019,balkan,X3,0.7155,carried_forward,un_egdi,curated_snapshot,acquire,http://purl.org/dmi-framework#SE_X3_SRB_2019,http://purl.org/dmi-framework#Ind_X3,http://purl.org/dmi-framework#Country_SRB,http://purl.org/dmi-framework#Phase_Acquire,http://purl.org/dmi-framework#Source_un_egdi,http://purl.org/dmi-framework#Prov_carried_forward
SRB,2020,balkan,X3,0.7474,official,un_egdi,curated_snapshot,acquire,http://purl.org/dmi-framework#SE_X3_SRB_2020,http://purl.org/dmi-framework#Ind_X3,http://purl.org/dmi-framework#Country_SRB,http://purl.org/dmi-framework#Phase_Acquire,http://purl.org/dmi-framework#Source_un_egdi,http://purl.org/dmi-framework#Prov_official
SRB,2021,balkan,X3,0.7474,carried_forward,un_egdi,curated_snapshot,acquire,http://purl.org/dmi-framework#SE_X3_SRB_2021,http://purl.org/dmi-framework#Ind_X3,http://purl.org/dmi-framework#Country_SRB,http://purl.org/dmi-framework#Phase_Acquire,http://purl.org/dmi-framework#Source_un_egdi,http://purl.org/dmi-framework#Prov_carried_forward
SRB,2022,balkan,X3,0.8237,official,un_egdi,curated_snapshot,acquire,http://purl.org/dmi-framework#SE_X3_SRB_2022,http://purl.org/dmi-framework#Ind_X3,http://purl.org/dmi-framework#Country_SRB,http://purl.org/dmi-framework#Phase_Acquire,http://purl.org/dmi-framework#Source_un_egdi,http://purl.org/dmi-framework#Prov_official
SRB,2023,balkan,X3,0.8237,carried_forward,un_egdi,curated_snapshot,acquire,http://purl.org/dmi-framework#SE_X3_SRB_2023,http://purl.org/dmi-framework#Ind_X3,http://purl.org/dmi-framework#Country_SRB,http://purl.org/dmi-framework#Phase_Acquire,http://purl.org/dmi-framework#Source_un_egdi,http://purl.org/dmi-framework#Prov_carried_forward
SRB,2024,balkan,X3,0.8618,official,un_egdi,curated_snapshot,acquire,http://purl.org/dmi-framework#SE_X3_SRB_2024,http://purl.org/dmi-framework#Ind_X3,http://purl.org/dmi-framework#Country_SRB,http://purl.org/dmi-framework#Phase_Acquire,http://purl.org/dmi-framework#Source_un_egdi,http://purl.org/dmi-framework#Prov_official
SRB,2025,balkan,X3,0.8618,carried_forward,un_egdi,curated_snapshot,acquire,http://purl.org/dmi-framework#SE_X3_SRB_2025,http://purl.org/dmi-framework#Ind_X3,http://purl.org/dmi-framework#Country_SRB,http://purl.org/dmi-framework#Phase_Acquire,http://purl.org/dmi-framework#Source_un_egdi,http://purl.org/dmi-framework#Prov_carried_forward
SVN,2012,balkan,X3,0.74921,official,un_egdi,curated_snapshot,acquire,http://purl.org/dmi-framework#SE_X3_SVN_2012,http://purl.org/dmi-framework#Ind_X3,http://purl.org/dmi-framework#Country_SVN,http://purl.org/dmi-framework#Phase_Acquire,http://purl.org/dmi-framework#Source_un_egdi,http://purl.org/dmi-framework#Prov_official
SVN,2013,balkan,X3,0.74921,carried_forward,un_egdi,curated_snapshot,acquire,http://purl.org/dmi-framework#SE_X3_SVN_2013,http://purl.org/dmi-framework#Ind_X3,http://purl.org/dmi-framework#Country_SVN,http://purl.org/dmi-framework#Phase_Acquire,http://purl.org/dmi-framework#Source_un_egdi,http://purl.org/dmi-framework#Prov_carried_forward
SVN,2014,balkan,X3,0.65054,official,un_egdi,curated_snapshot,acquire,http://purl.org/dmi-framework#SE_X3_SVN_2014,http://purl.org/dmi-framework#Ind_X3,http://purl.org/dmi-framework#Country_SVN,http://purl.org/dmi-framework#Phase_Acquire,http://purl.org/dmi-framework#Source_un_egdi,http://purl.org/dmi-framework#Prov_official
SVN,2015,balkan,X3,0.65054,carried_forward,un_egdi,curated_snapshot,acquire,http://purl.org/dmi-framework#SE_X3_SVN_2015,http://purl.org/dmi-framework#Ind_X3,http://purl.org/dmi-framework#Country_SVN,http://purl.org/dmi-framework#Phase_Acquire,http://purl.org/dmi-framework#Source_un_egdi,http://purl.org/dmi-framework#Prov_carried_forward
SVN,2016,balkan,X3,0.77691,official,un_egdi,curated_snapshot,acquire,http://purl.org/dmi-framework#SE_X3_SVN_2016,http://purl.org/dmi-framework#Ind_X3,http://purl.org/dmi-framework#Country_SVN,http://purl.org/dmi-framework#Phase_Acquire,http://purl.org/dmi-framework#Source_un_egdi,http://purl.org/dmi-framework#Prov_official
SVN,2017,balkan,X3,0.77691,carried_forward,un_egdi,curated_snapshot,acquire,http://purl.org/dmi-framework#SE_X3_SVN_2017,http://purl.org/dmi-framework#Ind_X3,http://purl.org/dmi-framework#Country_SVN,http://purl.org/dmi-framework#Phase_Acquire,http://purl.org/dmi-framework#Source_un_egdi,http://purl.org/dmi-framework#Prov_carried_forward
SVN,2018,balkan,X3,0.7714,official,un_egdi,curated_snapshot,acquire,http://purl.org/dmi-framework#SE_X3_SVN_2018,http://purl.org/dmi-framework#Ind_X3,http://purl.org/dmi-framework#Country_SVN,http://purl.org/dmi-framework#Phase_Acquire,http://purl.org/dmi-framework#Source_un_egdi,http://purl.org/dmi-framework#Prov_official
SVN,2019,balkan,X3,0.7714,carried_forward,un_egdi,curated_snapshot,acquire,http://purl.org/dmi-framework#SE_X3_SVN_2019,http://purl.org/dmi-framework#Ind_X3,http://purl.org/dmi-framework#Country_SVN,http://purl.org/dmi-framework#Phase_Acquire,http://purl.org/dmi-framework#Source_un_egdi,http://purl.org/dmi-framework#Prov_carried_forward
SVN,2020,balkan,X3,0.8546,official,un_egdi,curated_snapshot,acquire,http://purl.org/dmi-framework#SE_X3_SVN_2020,http://purl.org/dmi-framework#Ind_X3,http://purl.org/dmi-framework#Country_SVN,http://purl.org/dmi-framework#Phase_Acquire,http://purl.org/dmi-framework#Source_un_egdi,http://purl.org/dmi-framework#Prov_official
SVN,2021,balkan,X3,0.8546,carried_forward,un_egdi,curated_snapshot,acquire,http://purl.org/dmi-framework#SE_X3_SVN_2021,http://purl.org/dmi-framework#Ind_X3,http://purl.org/dmi-framework#Country_SVN,http://purl.org/dmi-framework#Phase_Acquire,http://purl.org/dmi-framework#Source_un_egdi,http://purl.org/dmi-framework#Prov_carried_forward
SVN,2022,balkan,X3,0.8781,official,un_egdi,curated_snapshot,acquire,http://purl.org/dmi-framework#SE_X3_SVN_2022,http://purl.org/dmi-framework#Ind_X3,http://purl.org/dmi-framework#Country_SVN,http://purl.org/dmi-framework#Phase_Acquire,http://purl.org/dmi-framework#Source_un_egdi,http://purl.org/dmi-framework#Prov_official
SVN,2023,balkan,X3,0.8781,carried_forward,un_egdi,curated_snapshot,acquire,http://purl.org/dmi-framework#SE_X3_SVN_2023,http://purl.org/dmi-framework#Ind_X3,http://purl.org/dmi-framework#Country_SVN,http://purl.org/dmi-framework#Phase_Acquire,http://purl.org/dmi-framework#Source_un_egdi,http://purl.org/dmi-framework#Prov_carried_forward
SVN,2024,balkan,X3,0.8759,official,un_egdi,curated_snapshot,acquire,http://purl.org/dmi-framework#SE_X3_SVN_2024,http://purl.org/dmi-framework#Ind_X3,http://purl.org/dmi-framework#Country_SVN,http://purl.org/dmi-framework#Phase_Acquire,http://purl.org/dmi-framework#Source_un_egdi,http://purl.org/dmi-framework#Prov_official
SVN,2025,balkan,X3,0.8759,carried_forward,un_egdi,curated_snapshot,acquire,http://purl.org/dmi-framework#SE_X3_SVN_2025,http://purl.org/dmi-framework#Ind_X3,http://purl.org/dmi-framework#Country_SVN,http://purl.org/dmi-framework#Phase_Acquire,http://purl.org/dmi-framework#Source_un_egdi,http://purl.org/dmi-framework#Prov_carried_forward
USA,2012,developed_non_eu,X3,0.86873,official,un_egdi,curated_snapshot,acquire,http://purl.org/dmi-framework#SE_X3_USA_2012,http://purl.org/dmi-framework#Ind_X3,http://purl.org/dmi-framework#Country_USA,http://purl.org/dmi-framework#Phase_Acquire,http://purl.org/dmi-framework#Source_un_egdi,http://purl.org/dmi-framework#Prov_official
USA,2013,developed_non_eu,X3,0.86873,carried_forward,un_egdi,curated_snapshot,acquire,http://purl.org/dmi-framework#SE_X3_USA_2013,http://purl.org/dmi-framework#Ind_X3,http://purl.org/dmi-framework#Country_USA,http://purl.org/dmi-framework#Phase_Acquire,http://purl.org/dmi-framework#Source_un_egdi,http://purl.org/dmi-framework#Prov_carried_forward
USA,2014,developed_non_eu,X3,0.87483,official,un_egdi,curated_snapshot,acquire,http://purl.org/dmi-framework#SE_X3_USA_2014,http://purl.org/dmi-framework#Ind_X3,http://purl.org/dmi-framework#Country_USA,http://purl.org/dmi-framework#Phase_Acquire,http://purl.org/dmi-framework#Source_un_egdi,http://purl.org/dmi-framework#Prov_official
USA,2015,developed_non_eu,X3,0.87483,carried_forward,un_egdi,curated_snapshot,acquire,http://purl.org/dmi-framework#SE_X3_USA_2015,http://purl.org/dmi-framework#Ind_X3,http://purl.org/dmi-framework#Country_USA,http://purl.org/dmi-framework#Phase_Acquire,http://purl.org/dmi-framework#Source_un_egdi,http://purl.org/dmi-framework#Prov_carried_forward
USA,2016,developed_non_eu,X3,0.84201,official,un_egdi,curated_snapshot,acquire,http://purl.org/dmi-framework#SE_X3_USA_2016,http://purl.org/dmi-framework#Ind_X3,http://purl.org/dmi-framework#Country_USA,http://purl.org/dmi-framework#Phase_Acquire,http://purl.org/dmi-framework#Source_un_egdi,http://purl.org/dmi-framework#Prov_official
USA,2017,developed_non_eu,X3,0.84201,carried_forward,un_egdi,curated_snapshot,acquire,http://purl.org/dmi-framework#SE_X3_USA_2017,http://purl.org/dmi-framework#Ind_X3,http://purl.org/dmi-framework#Country_USA,http://purl.org/dmi-framework#Phase_Acquire,http://purl.org/dmi-framework#Source_un_egdi,http://purl.org/dmi-framework#Prov_carried_forward
USA,2018,developed_non_eu,X3,0.8769,official,un_egdi,curated_snapshot,acquire,http://purl.org/dmi-framework#SE_X3_USA_2018,http://purl.org/dmi-framework#Ind_X3,http://purl.org/dmi-framework#Country_USA,http://purl.org/dmi-framework#Phase_Acquire,http://purl.org/dmi-framework#Source_un_egdi,http://purl.org/dmi-framework#Prov_official
USA,2019,developed_non_eu,X3,0.8769,carried_forward,un_egdi,curated_snapshot,acquire,http://purl.org/dmi-framework#SE_X3_USA_2019,http://purl.org/dmi-framework#Ind_X3,http://purl.org/dmi-framework#Country_USA,http://purl.org/dmi-framework#Phase_Acquire,http://purl.org/dmi-framework#Source_un_egdi,http://purl.org/dmi-framework#Prov_carried_forward
USA,2020,developed_non_eu,X3,0.9297,official,un_egdi,curated_snapshot,acquire,http://purl.org/dmi-framework#SE_X3_USA_2020,http://purl.org/dmi-framework#Ind_X3,http://purl.org/dmi-framework#Country_USA,http://purl.org/dmi-framework#Phase_Acquire,http://purl.org/dmi-framework#Source_un_egdi,http://purl.org/dmi-framework#Prov_official
USA,2021,developed_non_eu,X3,0.9297,carried_forward,un_egdi,curated_snapshot,acquire,http://purl.org/dmi-framework#SE_X3_USA_2021,http://purl.org/dmi-framework#Ind_X3,http://purl.org/dmi-framework#Country_USA,http://purl.org/dmi-framework#Phase_Acquire,http://purl.org/dmi-framework#Source_un_egdi,http://purl.org/dmi-framework#Prov_carried_forward
USA,2022,developed_non_eu,X3,0.9151,official,un_egdi,curated_snapshot,acquire,http://purl.org/dmi-framework#SE_X3_USA_2022,http://purl.org/dmi-framework#Ind_X3,http://purl.org/dmi-framework#Country_USA,http://purl.org/dmi-framework#Phase_Acquire,http://purl.org/dmi-framework#Source_un_egdi,http://purl.org/dmi-framework#Prov_official
USA,2023,developed_non_eu,X3,0.9151,carried_forward,un_egdi,curated_snapshot,acquire,http://purl.org/dmi-framework#SE_X3_USA_2023,http://purl.org/dmi-framework#Ind_X3,http://purl.org/dmi-framework#Country_USA,http://purl.org/dmi-framework#Phase_Acquire,http://purl.org/dmi-framework#Source_un_egdi,http://purl.org/dmi-framework#Prov_carried_forward
USA,2024,developed_non_eu,X3,0.9195,official,un_egdi,curated_snapshot,acquire,http://purl.org/dmi-framework#SE_X3_USA_2024,http://purl.org/dmi-framework#Ind_X3,http://purl.org/dmi-framework#Country_USA,http://purl.org/dmi-framework#Phase_Acquire,http://purl.org/dmi-framework#Source_un_egdi,http://purl.org/dmi-framework#Prov_official
USA,2025,developed_non_eu,X3,0.9195,carried_forward,un_egdi,curated_snapshot,acquire,http://purl.org/dmi-framework#SE_X3_USA_2025,http://purl.org/dmi-framework#Ind_X3,http://purl.org/dmi-framework#Country_USA,http://purl.org/dmi-framework#Phase_Acquire,http://purl.org/dmi-framework#Source_un_egdi,http://purl.org/dmi-framework#Prov_carried_forward
ARG,2012,developing,X4,55.79999924,official,world_bank,official_api,acquire,http://purl.org/dmi-framework#SE_X4_ARG_2012,http://purl.org/dmi-framework#Ind_X4,http://purl.org/dmi-framework#Country_ARG,http://purl.org/dmi-framework#Phase_Acquire,http://purl.org/dmi-framework#Source_world_bank,http://purl.org/dmi-framework#Prov_official
ARG,2013,developing,X4,59.90000153,official,world_bank,official_api,acquire,http://purl.org/dmi-framework#SE_X4_ARG_2013,http://purl.org/dmi-framework#Ind_X4,http://purl.org/dmi-framework#Country_ARG,http://purl.org/dmi-framework#Phase_Acquire,http://purl.org/dmi-framework#Source_world_bank,http://purl.org/dmi-framework#Prov_official
ARG,2014,developing,X4,64.69999695,official,world_bank,official_api,acquire,http://purl.org/dmi-framework#SE_X4_ARG_2014,http://purl.org/dmi-framework#Ind_X4,http://purl.org/dmi-framework#Country_ARG,http://purl.org/dmi-framework#Phase_Acquire,http://purl.org/dmi-framework#Source_world_bank,http://purl.org/dmi-framework#Prov_official
ARG,2015,developing,X4,68.0430641088122,official,world_bank,official_api,acquire,http://purl.org/dmi-framework#SE_X4_ARG_2015,http://purl.org/dmi-framework#Ind_X4,http://purl.org/dmi-framework#Country_ARG,http://purl.org/dmi-framework#Phase_Acquire,http://purl.org/dmi-framework#Source_world_bank,http://purl.org/dmi-framework#Prov_official
ARG,2016,developing,X4,70.9689808206024,official,world_bank,official_api,acquire,http://purl.org/dmi-framework#SE_X4_ARG_2016,http://purl.org/dmi-framework#Ind_X4,http://purl.org/dmi-framework#Country_ARG,http://purl.org/dmi-framework#Phase_Acquire,http://purl.org/dmi-framework#Source_world_bank,http://purl.org/dmi-framework#Prov_official
ARG,2017,developing,X4,74.2949068657957,official,world_bank,official_api,acquire,http://purl.org/dmi-framework#SE_X4_ARG_2017,http://purl.org/dmi-framework#Ind_X4,http://purl.org/dmi-framework#Country_ARG,http://purl.org/dmi-framework#Phase_Acquire,http://purl.org/dmi-framework#Source_world_bank,http://purl.org/dmi-framework#Prov_official
ARG,2018,developing,X4,77.7,official,world_bank,official_api,acquire,http://purl.org/dmi-framework#SE_X4_ARG_2018,http://purl.org/dmi-framework#Ind_X4,http://purl.org/dmi-framework#Country_ARG,http://purl.org/dmi-framework#Phase_Acquire,http://purl.org/dmi-framework#Source_world_bank,http://purl.org/dmi-framework#Prov_official
ARG,2019,developing,X4,79.9469520347551,official,world_bank,official_api,acquire,http://purl.org/dmi-framework#SE_X4_ARG_2019,http://purl.org/dmi-framework#Ind_X4,http://purl.org/dmi-framework#Country_ARG,http://purl.org/dmi-framework#Phase_Acquire,http://purl.org/dmi-framework#Source_world_bank,http://purl.org/dmi-framework#Prov_official
ARG,2020,developing,X4,85.51438646,official,world_bank,official_api,acquire,http://purl.org/dmi-framework#SE_X4_ARG_2020,http://purl.org/dmi-framework#Ind_X4,http://purl.org/dmi-framework#Country_ARG,http://purl.org/dmi-framework#Phase_Acquire,http://purl.org/dmi-framework#Source_world_bank,http://purl.org/dmi-framework#Prov_official
ARG,2021,developing,X4,87.15070683,official,world_bank,official_api,acquire,http://purl.org/dmi-framework#SE_X4_ARG_2021,http://purl.org/dmi-framework#Ind_X4,http://purl.org/dmi-framework#Country_ARG,http://purl.org/dmi-framework#Phase_Acquire,http://purl.org/dmi-framework#Source_world_bank,http://purl.org/dmi-framework#Prov_official
ARG,2022,developing,X4,88.37535691,official,world_bank,official_api,acquire,http://purl.org/dmi-framework#SE_X4_ARG_2022,http://purl.org/dmi-framework#Ind_X4,http://purl.org/dmi-framework#Country_ARG,http://purl.org/dmi-framework#Phase_Acquire,http://purl.org/dmi-framework#Source_world_bank,http://purl.org/dmi-framework#Prov_official
ARG,2023,developing,X4,89.22897166,official,world_bank,official_api,acquire,http://purl.org/dmi-framework#SE_X4_ARG_2023,http://purl.org/dmi-framework#Ind_X4,http://purl.org/dmi-framework#Country_ARG,http://purl.org/dmi-framework#Phase_Acquire,http://purl.org/dmi-framework#Source_world_bank,http://purl.org/dmi-framework#Prov_official
ARG,2024,developing,X4,89.66715228,official,world_bank,official_api,acquire,http://purl.org/dmi-framework#SE_X4_ARG_2024,http://purl.org/dmi-framework#Ind_X4,http://purl.org/dmi-framework#Country_ARG,http://purl.org/dmi-framework#Phase_Acquire,http://purl.org/dmi-framework#Source_world_bank,http://purl.org/dmi-framework#Prov_official
ARG,2025,developing,X4,89.66715228,carried_forward,world_bank,official_api,acquire,http://purl.org/dmi-framework#SE_X4_ARG_2025,http://purl.org/dmi-framework#Ind_X4,http://purl.org/dmi-framework#Country_ARG,http://purl.org/dmi-framework#Phase_Acquire,http://purl.org/dmi-framework#Source_world_bank,http://purl.org/dmi-framework#Prov_carried_forward
AUS,2012,developed_non_eu,X4,79.0,official,world_bank,official_api,acquire,http://purl.org/dmi-framework#SE_X4_AUS_2012,http://purl.org/dmi-framework#Ind_X4,http://purl.org/dmi-framework#Country_AUS,http://purl.org/dmi-framework#Phase_Acquire,http://purl.org/dmi-framework#Source_world_bank,http://purl.org/dmi-framework#Prov_official
AUS,2013,developed_non_eu,X4,83.453497167,official,world_bank,official_api,acquire,http://purl.org/dmi-framework#SE_X4_AUS_2013,http://purl.org/dmi-framework#Ind_X4,http://purl.org/dmi-framework#Country_AUS,http://purl.org/dmi-framework#Phase_Acquire,http://purl.org/dmi-framework#Source_world_bank,http://purl.org/dmi-framework#Prov_official
AUS,2014,developed_non_eu,X4,84.0,official,world_bank,official_api,acquire,http://purl.org/dmi-framework#SE_X4_AUS_2014,http://purl.org/dmi-framework#Ind_X4,http://purl.org/dmi-framework#Country_AUS,http://purl.org/dmi-framework#Phase_Acquire,http://purl.org/dmi-framework#Source_world_bank,http://purl.org/dmi-framework#Prov_official
AUS,2015,developed_non_eu,X4,84.5605149091408,official,world_bank,official_api,acquire,http://purl.org/dmi-framework#SE_X4_AUS_2015,http://purl.org/dmi-framework#Ind_X4,http://purl.org/dmi-framework#Country_AUS,http://purl.org/dmi-framework#Phase_Acquire,http://purl.org/dmi-framework#Source_world_bank,http://purl.org/dmi-framework#Prov_official
AUS,2016,developed_non_eu,X4,86.54000092,official,world_bank,official_api,acquire,http://purl.org/dmi-framework#SE_X4_AUS_2016,http://purl.org/dmi-framework#Ind_X4,http://purl.org/dmi-framework#Country_AUS,http://purl.org/dmi-framework#Phase_Acquire,http://purl.org/dmi-framework#Source_world_bank,http://purl.org/dmi-framework#Prov_official
AUS,2017,developed_non_eu,X4,86.5450488476768,official,world_bank,official_api,acquire,http://purl.org/dmi-framework#SE_X4_AUS_2017,http://purl.org/dmi-framework#Ind_X4,http://purl.org/dmi-framework#Country_AUS,http://purl.org/dmi-framework#Phase_Acquire,http://purl.org/dmi-framework#Source_world_bank,http://purl.org/dmi-framework#Prov_official
AUS,2018,developed_non_eu,X4,90.0082016,official,world_bank,official_api,acquire,http://purl.org/dmi-framework#SE_X4_AUS_2018,http://purl.org/dmi-framework#Ind_X4,http://purl.org/dmi-framework#Country_AUS,http://purl.org/dmi-framework#Phase_Acquire,http://purl.org/dmi-framework#Source_world_bank,http://purl.org/dmi-framework#Prov_official
AUS,2019,developed_non_eu,X4,93.60990143,official,world_bank,official_api,acquire,http://purl.org/dmi-framework#SE_X4_AUS_2019,http://purl.org/dmi-framework#Ind_X4,http://purl.org/dmi-framework#Country_AUS,http://purl.org/dmi-framework#Phase_Acquire,http://purl.org/dmi-framework#Source_world_bank,http://purl.org/dmi-framework#Prov_official
AUS,2020,developed_non_eu,X4,94.6934967,official,world_bank,official_api,acquire,http://purl.org/dmi-framework#SE_X4_AUS_2020,http://purl.org/dmi-framework#Ind_X4,http://purl.org/dmi-framework#Country_AUS,http://purl.org/dmi-framework#Phase_Acquire,http://purl.org/dmi-framework#Source_world_bank,http://purl.org/dmi-framework#Prov_official
AUS,2021,developed_non_eu,X4,96.97219849,official,world_bank,official_api,acquire,http://purl.org/dmi-framework#SE_X4_AUS_2021,http://purl.org/dmi-framework#Ind_X4,http://purl.org/dmi-framework#Country_AUS,http://purl.org/dmi-framework#Phase_Acquire,http://purl.org/dmi-framework#Source_world_bank,http://purl.org/dmi-framework#Prov_official
AUS,2022,developed_non_eu,X4,96.11940002,official,world_bank,official_api,acquire,http://purl.org/dmi-framework#SE_X4_AUS_2022,http://purl.org/dmi-framework#Ind_X4,http://purl.org/dmi-framework#Country_AUS,http://purl.org/dmi-framework#Phase_Acquire,http://purl.org/dmi-framework#Source_world_bank,http://purl.org/dmi-framework#Prov_official
AUS,2023,developed_non_eu,X4,96.1160965,official,world_bank,official_api,acquire,http://purl.org/dmi-framework#SE_X4_AUS_2023,http://purl.org/dmi-framework#Ind_X4,http://purl.org/dmi-framework#Country_AUS,http://purl.org/dmi-framework#Phase_Acquire,http://purl.org/dmi-framework#Source_world_bank,http://purl.org/dmi-framework#Prov_official
AUS,2024,developed_non_eu,X4,96.13140106,official,world_bank,official_api,acquire,http://purl.org/dmi-framework#SE_X4_AUS_2024,http://purl.org/dmi-framework#Ind_X4,http://purl.org/dmi-framework#Country_AUS,http://purl.org/dmi-framework#Phase_Acquire,http://purl.org/dmi-framework#Source_world_bank,http://purl.org/dmi-framework#Prov_official
AUS,2025,developed_non_eu,X4,96.13140106,carried_forward,world_bank,official_api,acquire,http://purl.org/dmi-framework#SE_X4_AUS_2025,http://purl.org/dmi-framework#Ind_X4,http://purl.org/dmi-framework#Country_AUS,http://purl.org/dmi-framework#Phase_Acquire,http://purl.org/dmi-framework#Source_world_bank,http://purl.org/dmi-framework#Prov_carried_forward
BRA,2012,developing,X4,48.56,official,world_bank,official_api,acquire,http://purl.org/dmi-framework#SE_X4_BRA_2012,http://purl.org/dmi-framework#Ind_X4,http://purl.org/dmi-framework#Country_BRA,http://purl.org/dmi-framework#Phase_Acquire,http://purl.org/dmi-framework#Source_world_bank,http://purl.org/dmi-framework#Prov_official
BRA,2013,developing,X4,51.04,official,world_bank,official_api,acquire,http://purl.org/dmi-framework#SE_X4_BRA_2013,http://purl.org/dmi-framework#Ind_X4,http://purl.org/dmi-framework#Country_BRA,http://purl.org/dmi-framework#Phase_Acquire,http://purl.org/dmi-framework#Source_world_bank,http://purl.org/dmi-framework#Prov_official
BRA,2014,developing,X4,54.5510018796392,official,world_bank,official_api,acquire,http://purl.org/dmi-framework#SE_X4_BRA_2014,http://purl.org/dmi-framework#Ind_X4,http://purl.org/dmi-framework#Country_BRA,http://purl.org/dmi-framework#Phase_Acquire,http://purl.org/dmi-framework#Source_world_bank,http://purl.org/dmi-framework#Prov_official
BRA,2015,developing,X4,58.3279517340924,official,world_bank,official_api,acquire,http://purl.org/dmi-framework#SE_X4_BRA_2015,http://purl.org/dmi-framework#Ind_X4,http://purl.org/dmi-framework#Country_BRA,http://purl.org/dmi-framework#Phase_Acquire,http://purl.org/dmi-framework#Source_world_bank,http://purl.org/dmi-framework#Prov_official
BRA,2016,developing,X4,60.8725400681261,official,world_bank,official_api,acquire,http://purl.org/dmi-framework#SE_X4_BRA_2016,http://purl.org/dmi-framework#Ind_X4,http://purl.org/dmi-framework#Country_BRA,http://purl.org/dmi-framework#Phase_Acquire,http://purl.org/dmi-framework#Source_world_bank,http://purl.org/dmi-framework#Prov_official
BRA,2017,developing,X4,67.4712845236305,official,world_bank,official_api,acquire,http://purl.org/dmi-framework#SE_X4_BRA_2017,http://purl.org/dmi-framework#Ind_X4,http://purl.org/dmi-framework#Country_BRA,http://purl.org/dmi-framework#Phase_Acquire,http://purl.org/dmi-framework#Source_world_bank,http://purl.org/dmi-framework#Prov_official
BRA,2018,developing,X4,70.4342825404361,official,world_bank,official_api,acquire,http://purl.org/dmi-framework#SE_X4_BRA_2018,http://purl.org/dmi-framework#Ind_X4,http://purl.org/dmi-framework#Country_BRA,http://purl.org/dmi-framework#Phase_Acquire,http://purl.org/dmi-framework#Source_world_bank,http://purl.org/dmi-framework#Prov_official
BRA,2019,developing,X4,73.9124399133589,official,world_bank,official_api,acquire,http://purl.org/dmi-framework#SE_X4_BRA_2019,http://purl.org/dmi-framework#Ind_X4,http://purl.org/dmi-framework#Country_BRA,http://purl.org/dmi-framework#Phase_Acquire,http://purl.org/dmi-framework#Source_world_bank,http://purl.org/dmi-framework#Prov_official
BRA,2020,developing,X4,81.34269353,official,world_bank,official_api,acquire,http://purl.org/dmi-framework#SE_X4_BRA_2020,http://purl.org/dmi-framework#Ind_X4,http://purl.org/dmi-framework#Country_BRA,http://purl.org/dmi-framework#Phase_Acquire,http://purl.org/dmi-framework#Source_world_bank,http://purl.org/dmi-framework#Prov_official
BRA,2021,developing,X4,80.68989314,official,world_bank,official_api,acquire,http://purl.org/dmi-framework#SE_X4_BRA_2021,http://purl.org/dmi-framework#Ind_X4,http://purl.org/dmi-framework#Country_BRA,http://purl.org/dmi-framework#Phase_Acquire,http://purl.org/dmi-framework#Source_world_bank,http://purl.org/dmi-framework#Prov_official
BRA,2022,developing,X4,80.52775094,official,world_bank,official_api,acquire,http://purl.org/dmi-framework#SE_X4_BRA_2022,http://purl.org/dmi-framework#Ind_X4,http://purl.org/dmi-framework#Country_BRA,http://purl.org/dmi-framework#Phase_Acquire,http://purl.org/dmi-framework#Source_world_bank,http://purl.org/dmi-framework#Prov_official
BRA,2023,developing,X4,84.15060238,official,world_bank,official_api,acquire,http://purl.org/dmi-framework#SE_X4_BRA_2023,http://purl.org/dmi-framework#Ind_X4,http://purl.org/dmi-framework#Country_BRA,http://purl.org/dmi-framework#Phase_Acquire,http://purl.org/dmi-framework#Source_world_bank,http://purl.org/dmi-framework#Prov_official
BRA,2024,developing,X4,84.46347227,official,world_bank,official_api,acquire,http://purl.org/dmi-framework#SE_X4_BRA_2024,http://purl.org/dmi-framework#Ind_X4,http://purl.org/dmi-framework#Country_BRA,http://purl.org/dmi-framework#Phase_Acquire,http://purl.org/dmi-framework#Source_world_bank,http://purl.org/dmi-framework#Prov_official
BRA,2025,developing,X4,84.46347227,carried_forward,world_bank,official_api,acquire,http://purl.org/dmi-framework#SE_X4_BRA_2025,http://purl.org/dmi-framework#Ind_X4,http://purl.org/dmi-framework#Country_BRA,http://purl.org/dmi-framework#Phase_Acquire,http://purl.org/dmi-framework#Source_world_bank,http://purl.org/dmi-framework#Prov_carried_forward
CAN,2012,developed_non_eu,X4,83.0,official,world_bank,official_api,acquire,http://purl.org/dmi-framework#SE_X4_CAN_2012,http://purl.org/dmi-framework#Ind_X4,http://purl.org/dmi-framework#Country_CAN,http://purl.org/dmi-framework#Phase_Acquire,http://purl.org/dmi-framework#Source_world_bank,http://purl.org/dmi-framework#Prov_official
CAN,2013,developed_non_eu,X4,85.80000305,official,world_bank,official_api,acquire,http://purl.org/dmi-framework#SE_X4_CAN_2013,http://purl.org/dmi-framework#Ind_X4,http://purl.org/dmi-framework#Country_CAN,http://purl.org/dmi-framework#Phase_Acquire,http://purl.org/dmi-framework#Source_world_bank,http://purl.org/dmi-framework#Prov_official
CAN,2014,developed_non_eu,X4,87.12000275,official,world_bank,official_api,acquire,http://purl.org/dmi-framework#SE_X4_CAN_2014,http://purl.org/dmi-framework#Ind_X4,http://purl.org/dmi-framework#Country_CAN,http://purl.org/dmi-framework#Phase_Acquire,http://purl.org/dmi-framework#Source_world_bank,http://purl.org/dmi-framework#Prov_official
CAN,2015,developed_non_eu,X4,90.0,official,world_bank,official_api,acquire,http://purl.org/dmi-framework#SE_X4_CAN_2015,http://purl.org/dmi-framework#Ind_X4,http://purl.org/dmi-framework#Country_CAN,http://purl.org/dmi-framework#Phase_Acquire,http://purl.org/dmi-framework#Source_world_bank,http://purl.org/dmi-framework#Prov_official
CAN,2016,developed_non_eu,X4,91.16000366,official,world_bank,official_api,acquire,http://purl.org/dmi-framework#SE_X4_CAN_2016,http://purl.org/dmi-framework#Ind_X4,http://purl.org/dmi-framework#Country_CAN,http://purl.org/dmi-framework#Phase_Acquire,http://purl.org/dmi-framework#Source_world_bank,http://purl.org/dmi-framework#Prov_official
CAN,2017,developed_non_eu,X4,92.70140076,official,world_bank,official_api,acquire,http://purl.org/dmi-framework#SE_X4_CAN_2017,http://purl.org/dmi-framework#Ind_X4,http://purl.org/dmi-framework#Country_CAN,http://purl.org/dmi-framework#Phase_Acquire,http://purl.org/dmi-framework#Source_world_bank,http://purl.org/dmi-framework#Prov_official
CAN,2018,developed_non_eu,X4,94.64,official,world_bank,official_api,acquire,http://purl.org/dmi-framework#SE_X4_CAN_2018,http://purl.org/dmi-framework#Ind_X4,http://purl.org/dmi-framework#Country_CAN,http://purl.org/dmi-framework#Phase_Acquire,http://purl.org/dmi-framework#Source_world_bank,http://purl.org/dmi-framework#Prov_official
CAN,2019,developed_non_eu,X4,91.91290283,official,world_bank,official_api,acquire,http://purl.org/dmi-framework#SE_X4_CAN_2019,http://purl.org/dmi-framework#Ind_X4,http://purl.org/dmi-framework#Country_CAN,http://purl.org/dmi-framework#Phase_Acquire,http://purl.org/dmi-framework#Source_world_bank,http://purl.org/dmi-framework#Prov_official
CAN,2020,developed_non_eu,X4,92.3,official,world_bank,official_api,acquire,http://purl.org/dmi-framework#SE_X4_CAN_2020,http://purl.org/dmi-framework#Ind_X4,http://purl.org/dmi-framework#Country_CAN,http://purl.org/dmi-framework#Phase_Acquire,http://purl.org/dmi-framework#Source_world_bank,http://purl.org/dmi-framework#Prov_official
CAN,2021,developed_non_eu,X4,93.93710327,official,world_bank,official_api,acquire,http://purl.org/dmi-framework#SE_X4_CAN_2021,http://purl.org/dmi-framework#Ind_X4,http://purl.org/dmi-framework#Country_CAN,http://purl.org/dmi-framework#Phase_Acquire,http://purl.org/dmi-framework#Source_world_bank,http://purl.org/dmi-framework#Prov_official
CAN,2022,developed_non_eu,X4,94.0,official,world_bank,official_api,acquire,http://purl.org/dmi-framework#SE_X4_CAN_2022,http://purl.org/dmi-framework#Ind_X4,http://purl.org/dmi-framework#Country_CAN,http://purl.org/dmi-framework#Phase_Acquire,http://purl.org/dmi-framework#Source_world_bank,http://purl.org/dmi-framework#Prov_official
CAN,2023,developed_non_eu,X4,94.14530182,official,world_bank,official_api,acquire,http://purl.org/dmi-framework#SE_X4_CAN_2023,http://purl.org/dmi-framework#Ind_X4,http://purl.org/dmi-framework#Country_CAN,http://purl.org/dmi-framework#Phase_Acquire,http://purl.org/dmi-framework#Source_world_bank,http://purl.org/dmi-framework#Prov_official
CAN,2024,developed_non_eu,X4,94.353302,official,world_bank,official_api,acquire,http://purl.org/dmi-framework#SE_X4_CAN_2024,http://purl.org/dmi-framework#Ind_X4,http://purl.org/dmi-framework#Country_CAN,http://purl.org/dmi-framework#Phase_Acquire,http://purl.org/dmi-framework#Source_world_bank,http://purl.org/dmi-framework#Prov_official
CAN,2025,developed_non_eu,X4,94.353302,carried_forward,world_bank,official_api,acquire,http://purl.org/dmi-framework#SE_X4_CAN_2025,http://purl.org/dmi-framework#Ind_X4,http://purl.org/dmi-framework#Country_CAN,http://purl.org/dmi-framework#Phase_Acquire,http://purl.org/dmi-framework#Source_world_bank,http://purl.org/dmi-framework#Prov_carried_forward
DEU,2012,developed_eu,X4,82.3499984738392,official,world_bank,official_api,acquire,http://purl.org/dmi-framework#SE_X4_DEU_2012,http://purl.org/dmi-framework#Ind_X4,http://purl.org/dmi-framework#Country_DEU,http://purl.org/dmi-framework#Phase_Acquire,http://purl.org/dmi-framework#Source_world_bank,http://purl.org/dmi-framework#Prov_official
DEU,2013,developed_eu,X4,84.17,official,world_bank,official_api,acquire,http://purl.org/dmi-framework#SE_X4_DEU_2013,http://purl.org/dmi-framework#Ind_X4,http://purl.org/dmi-framework#Country_DEU,http://purl.org/dmi-framework#Phase_Acquire,http://purl.org/dmi-framework#Source_world_bank,http://purl.org/dmi-framework#Prov_official
DEU,2014,developed_eu,X4,86.1937006578756,official,world_bank,official_api,acquire,http://purl.org/dmi-framework#SE_X4_DEU_2014,http://purl.org/dmi-framework#Ind_X4,http://purl.org/dmi-framework#Country_DEU,http://purl.org/dmi-framework#Phase_Acquire,http://purl.org/dmi-framework#Source_world_bank,http://purl.org/dmi-framework#Prov_official
DEU,2015,developed_eu,X4,87.5897993525767,official,world_bank,official_api,acquire,http://purl.org/dmi-framework#SE_X4_DEU_2015,http://purl.org/dmi-framework#Ind_X4,http://purl.org/dmi-framework#Country_DEU,http://purl.org/dmi-framework#Phase_Acquire,http://purl.org/dmi-framework#Source_world_bank,http://purl.org/dmi-framework#Prov_official
DEU,2016,developed_eu,X4,84.1652066441212,official,world_bank,official_api,acquire,http://purl.org/dmi-framework#SE_X4_DEU_2016,http://purl.org/dmi-framework#Ind_X4,http://purl.org/dmi-framework#Country_DEU,http://purl.org/dmi-framework#Phase_Acquire,http://purl.org/dmi-framework#Source_world_bank,http://purl.org/dmi-framework#Prov_official
DEU,2017,developed_eu,X4,84.3941537010844,official,world_bank,official_api,acquire,http://purl.org/dmi-framework#SE_X4_DEU_2017,http://purl.org/dmi-framework#Ind_X4,http://purl.org/dmi-framework#Country_DEU,http://purl.org/dmi-framework#Phase_Acquire,http://purl.org/dmi-framework#Source_world_bank,http://purl.org/dmi-framework#Prov_official
DEU,2018,developed_eu,X4,87.037112092841,official,world_bank,official_api,acquire,http://purl.org/dmi-framework#SE_X4_DEU_2018,http://purl.org/dmi-framework#Ind_X4,http://purl.org/dmi-framework#Country_DEU,http://purl.org/dmi-framework#Phase_Acquire,http://purl.org/dmi-framework#Source_world_bank,http://purl.org/dmi-framework#Prov_official
DEU,2019,developed_eu,X4,88.1345169091916,official,world_bank,official_api,acquire,http://purl.org/dmi-framework#SE_X4_DEU_2019,http://purl.org/dmi-framework#Ind_X4,http://purl.org/dmi-framework#Country_DEU,http://purl.org/dmi-framework#Phase_Acquire,http://purl.org/dmi-framework#Source_world_bank,http://purl.org/dmi-framework#Prov_official
DEU,2020,developed_eu,X4,89.81294133,official,world_bank,official_api,acquire,http://purl.org/dmi-framework#SE_X4_DEU_2020,http://purl.org/dmi-framework#Ind_X4,http://purl.org/dmi-framework#Country_DEU,http://purl.org/dmi-framework#Phase_Acquire,http://purl.org/dmi-framework#Source_world_bank,http://purl.org/dmi-framework#Prov_official
DEU,2021,developed_eu,X4,91.43060973,official,world_bank,official_api,acquire,http://purl.org/dmi-framework#SE_X4_DEU_2021,http://purl.org/dmi-framework#Ind_X4,http://purl.org/dmi-framework#Country_DEU,http://purl.org/dmi-framework#Phase_Acquire,http://purl.org/dmi-framework#Source_world_bank,http://purl.org/dmi-framework#Prov_official
DEU,2022,developed_eu,X4,91.62984383,official,world_bank,official_api,acquire,http://purl.org/dmi-framework#SE_X4_DEU_2022,http://purl.org/dmi-framework#Ind_X4,http://purl.org/dmi-framework#Country_DEU,http://purl.org/dmi-framework#Phase_Acquire,http://purl.org/dmi-framework#Source_world_bank,http://purl.org/dmi-framework#Prov_official
DEU,2023,developed_eu,X4,92.4763763,official,world_bank,official_api,acquire,http://purl.org/dmi-framework#SE_X4_DEU_2023,http://purl.org/dmi-framework#Ind_X4,http://purl.org/dmi-framework#Country_DEU,http://purl.org/dmi-framework#Phase_Acquire,http://purl.org/dmi-framework#Source_world_bank,http://purl.org/dmi-framework#Prov_official
DEU,2024,developed_eu,X4,93.49999579,official,world_bank,official_api,acquire,http://purl.org/dmi-framework#SE_X4_DEU_2024,http://purl.org/dmi-framework#Ind_X4,http://purl.org/dmi-framework#Country_DEU,http://purl.org/dmi-framework#Phase_Acquire,http://purl.org/dmi-framework#Source_world_bank,http://purl.org/dmi-framework#Prov_official
DEU,2025,developed_eu,X4,93.49999579,carried_forward,world_bank,official_api,acquire,http://purl.org/dmi-framework#SE_X4_DEU_2025,http://purl.org/dmi-framework#Ind_X4,http://purl.org/dmi-framework#Country_DEU,http://purl.org/dmi-framework#Phase_Acquire,http://purl.org/dmi-framework#Source_world_bank,http://purl.org/dmi-framework#Prov_carried_forward
FRA,2012,developed_eu,X4,81.44,official,world_bank,official_api,acquire,http://purl.org/dmi-framework#SE_X4_FRA_2012,http://purl.org/dmi-framework#Ind_X4,http://purl.org/dmi-framework#Country_FRA,http://purl.org/dmi-framework#Phase_Acquire,http://purl.org/dmi-framework#Source_world_bank,http://purl.org/dmi-framework#Prov_official
FRA,2013,developed_eu,X4,81.9198,official,world_bank,official_api,acquire,http://purl.org/dmi-framework#SE_X4_FRA_2013,http://purl.org/dmi-framework#Ind_X4,http://purl.org/dmi-framework#Country_FRA,http://purl.org/dmi-framework#Phase_Acquire,http://purl.org/dmi-framework#Source_world_bank,http://purl.org/dmi-framework#Prov_official
FRA,2014,developed_eu,X4,83.7510996681821,official,world_bank,official_api,acquire,http://purl.org/dmi-framework#SE_X4_FRA_2014,http://purl.org/dmi-framework#Ind_X4,http://purl.org/dmi-framework#Country_FRA,http://purl.org/dmi-framework#Phase_Acquire,http://purl.org/dmi-framework#Source_world_bank,http://purl.org/dmi-framework#Prov_official
FRA,2015,developed_eu,X4,78.0060377071902,official,world_bank,official_api,acquire,http://purl.org/dmi-framework#SE_X4_FRA_2015,http://purl.org/dmi-framework#Ind_X4,http://purl.org/dmi-framework#Country_FRA,http://purl.org/dmi-framework#Phase_Acquire,http://purl.org/dmi-framework#Source_world_bank,http://purl.org/dmi-framework#Prov_official
FRA,2016,developed_eu,X4,79.2698113207547,official,world_bank,official_api,acquire,http://purl.org/dmi-framework#SE_X4_FRA_2016,http://purl.org/dmi-framework#Ind_X4,http://purl.org/dmi-framework#Country_FRA,http://purl.org/dmi-framework#Phase_Acquire,http://purl.org/dmi-framework#Source_world_bank,http://purl.org/dmi-framework#Prov_official
FRA,2017,developed_eu,X4,80.5024597243607,official,world_bank,official_api,acquire,http://purl.org/dmi-framework#SE_X4_FRA_2017,http://purl.org/dmi-framework#Ind_X4,http://purl.org/dmi-framework#Country_FRA,http://purl.org/dmi-framework#Phase_Acquire,http://purl.org/dmi-framework#Source_world_bank,http://purl.org/dmi-framework#Prov_official
FRA,2018,developed_eu,X4,82.0431867788484,official,world_bank,official_api,acquire,http://purl.org/dmi-framework#SE_X4_FRA_2018,http://purl.org/dmi-framework#Ind_X4,http://purl.org/dmi-framework#Country_FRA,http://purl.org/dmi-framework#Phase_Acquire,http://purl.org/dmi-framework#Source_world_bank,http://purl.org/dmi-framework#Prov_official
FRA,2019,developed_eu,X4,83.3397440866883,official,world_bank,official_api,acquire,http://purl.org/dmi-framework#SE_X4_FRA_2019,http://purl.org/dmi-framework#Ind_X4,http://purl.org/dmi-framework#Country_FRA,http://purl.org/dmi-framework#Phase_Acquire,http://purl.org/dmi-framework#Source_world_bank,http://purl.org/dmi-framework#Prov_official
FRA,2020,developed_eu,X4,84.70639801,official,world_bank,official_api,acquire,http://purl.org/dmi-framework#SE_X4_FRA_2020,http://purl.org/dmi-framework#Ind_X4,http://purl.org/dmi-framework#Country_FRA,http://purl.org/dmi-framework#Phase_Acquire,http://purl.org/dmi-framework#Source_world_bank,http://purl.org/dmi-framework#Prov_official
FRA,2021,developed_eu,X4,86.09548575,official,world_bank,official_api,acquire,http://purl.org/dmi-framework#SE_X4_FRA_2021,http://purl.org/dmi-framework#Ind_X4,http://purl.org/dmi-framework#Country_FRA,http://purl.org/dmi-framework#Phase_Acquire,http://purl.org/dmi-framework#Source_world_bank,http://purl.org/dmi-framework#Prov_official
FRA,2022,developed_eu,X4,85.33331734,official,world_bank,official_api,acquire,http://purl.org/dmi-framework#SE_X4_FRA_2022,http://purl.org/dmi-framework#Ind_X4,http://purl.org/dmi-framework#Country_FRA,http://purl.org/dmi-framework#Phase_Acquire,http://purl.org/dmi-framework#Source_world_bank,http://purl.org/dmi-framework#Prov_official
FRA,2023,developed_eu,X4,86.83635789,official,world_bank,official_api,acquire,http://purl.org/dmi-framework#SE_X4_FRA_2023,http://purl.org/dmi-framework#Ind_X4,http://purl.org/dmi-framework#Country_FRA,http://purl.org/dmi-framework#Phase_Acquire,http://purl.org/dmi-framework#Source_world_bank,http://purl.org/dmi-framework#Prov_official
FRA,2024,developed_eu,X4,88.65381638,official,world_bank,official_api,acquire,http://purl.org/dmi-framework#SE_X4_FRA_2024,http://purl.org/dmi-framework#Ind_X4,http://purl.org/dmi-framework#Country_FRA,http://purl.org/dmi-framework#Phase_Acquire,http://purl.org/dmi-framework#Source_world_bank,http://purl.org/dmi-framework#Prov_official
FRA,2025,developed_eu,X4,88.65381638,carried_forward,world_bank,official_api,acquire,http://purl.org/dmi-framework#SE_X4_FRA_2025,http://purl.org/dmi-framework#Ind_X4,http://purl.org/dmi-framework#Country_FRA,http://purl.org/dmi-framework#Phase_Acquire,http://purl.org/dmi-framework#Source_world_bank,http://purl.org/dmi-framework#Prov_carried_forward
GBR,2012,developed_eu,X4,87.4799984242111,official,world_bank,official_api,acquire,http://purl.org/dmi-framework#SE_X4_GBR_2012,http://purl.org/dmi-framework#Ind_X4,http://purl.org/dmi-framework#Country_GBR,http://purl.org/dmi-framework#Phase_Acquire,http://purl.org/dmi-framework#Source_world_bank,http://purl.org/dmi-framework#Prov_official
GBR,2013,developed_eu,X4,89.8441,official,world_bank,official_api,acquire,http://purl.org/dmi-framework#SE_X4_GBR_2013,http://purl.org/dmi-framework#Ind_X4,http://purl.org/dmi-framework#Country_GBR,http://purl.org/dmi-framework#Phase_Acquire,http://purl.org/dmi-framework#Source_world_bank,http://purl.org/dmi-framework#Prov_official
GBR,2014,developed_eu,X4,91.6133009176453,official,world_bank,official_api,acquire,http://purl.org/dmi-framework#SE_X4_GBR_2014,http://purl.org/dmi-framework#Ind_X4,http://purl.org/dmi-framework#Country_GBR,http://purl.org/dmi-framework#Phase_Acquire,http://purl.org/dmi-framework#Source_world_bank,http://purl.org/dmi-framework#Prov_official
GBR,2015,developed_eu,X4,92.0002998740234,official,world_bank,official_api,acquire,http://purl.org/dmi-framework#SE_X4_GBR_2015,http://purl.org/dmi-framework#Ind_X4,http://purl.org/dmi-framework#Country_GBR,http://purl.org/dmi-framework#Phase_Acquire,http://purl.org/dmi-framework#Source_world_bank,http://purl.org/dmi-framework#Prov_official
GBR,2016,developed_eu,X4,94.7758006318882,official,world_bank,official_api,acquire,http://purl.org/dmi-framework#SE_X4_GBR_2016,http://purl.org/dmi-framework#Ind_X4,http://purl.org/dmi-framework#Country_GBR,http://purl.org/dmi-framework#Phase_Acquire,http://purl.org/dmi-framework#Source_world_bank,http://purl.org/dmi-framework#Prov_official
GBR,2017,developed_eu,X4,90.4245504868553,official,world_bank,official_api,acquire,http://purl.org/dmi-framework#SE_X4_GBR_2017,http://purl.org/dmi-framework#Ind_X4,http://purl.org/dmi-framework#Country_GBR,http://purl.org/dmi-framework#Phase_Acquire,http://purl.org/dmi-framework#Source_world_bank,http://purl.org/dmi-framework#Prov_official
GBR,2018,developed_eu,X4,90.692008988783,official,world_bank,official_api,acquire,http://purl.org/dmi-framework#SE_X4_GBR_2018,http://purl.org/dmi-framework#Ind_X4,http://purl.org/dmi-framework#Country_GBR,http://purl.org/dmi-framework#Phase_Acquire,http://purl.org/dmi-framework#Source_world_bank,http://purl.org/dmi-framework#Prov_official
GBR,2019,developed_eu,X4,92.5166285497138,official,world_bank,official_api,acquire,http://purl.org/dmi-framework#SE_X4_GBR_2019,http://purl.org/dmi-framework#Ind_X4,http://purl.org/dmi-framework#Country_GBR,http://purl.org/dmi-framework#Phase_Acquire,http://purl.org/dmi-framework#Source_world_bank,http://purl.org/dmi-framework#Prov_official
GBR,2020,developed_eu,X4,94.81820132,official,world_bank,official_api,acquire,http://purl.org/dmi-framework#SE_X4_GBR_2020,http://purl.org/dmi-framework#Ind_X4,http://purl.org/dmi-framework#Country_GBR,http://purl.org/dmi-framework#Phase_Acquire,http://purl.org/dmi-framework#Source_world_bank,http://purl.org/dmi-framework#Prov_official
GBR,2021,developed_eu,X4,96.19650269,official,world_bank,official_api,acquire,http://purl.org/dmi-framework#SE_X4_GBR_2021,http://purl.org/dmi-framework#Ind_X4,http://purl.org/dmi-framework#Country_GBR,http://purl.org/dmi-framework#Phase_Acquire,http://purl.org/dmi-framework#Source_world_bank,http://purl.org/dmi-framework#Prov_official
GBR,2022,developed_eu,X4,95.46530151,official,world_bank,official_api,acquire,http://purl.org/dmi-framework#SE_X4_GBR_2022,http://purl.org/dmi-framework#Ind_X4,http://purl.org/dmi-framework#Country_GBR,http://purl.org/dmi-framework#Phase_Acquire,http://purl.org/dmi-framework#Source_world_bank,http://purl.org/dmi-framework#Prov_official
GBR,2023,developed_eu,X4,95.44719696,official,world_bank,official_api,acquire,http://purl.org/dmi-framework#SE_X4_GBR_2023,http://purl.org/dmi-framework#Ind_X4,http://purl.org/dmi-framework#Country_GBR,http://purl.org/dmi-framework#Phase_Acquire,http://purl.org/dmi-framework#Source_world_bank,http://purl.org/dmi-framework#Prov_official
GBR,2024,developed_eu,X4,95.4720993,official,world_bank,official_api,acquire,http://purl.org/dmi-framework#SE_X4_GBR_2024,http://purl.org/dmi-framework#Ind_X4,http://purl.org/dmi-framework#Country_GBR,http://purl.org/dmi-framework#Phase_Acquire,http://purl.org/dmi-framework#Source_world_bank,http://purl.org/dmi-framework#Prov_official
GBR,2025,developed_eu,X4,95.4720993,carried_forward,world_bank,official_api,acquire,http://purl.org/dmi-framework#SE_X4_GBR_2025,http://purl.org/dmi-framework#Ind_X4,http://purl.org/dmi-framework#Country_GBR,http://purl.org/dmi-framework#Phase_Acquire,http://purl.org/dmi-framework#Source_world_bank,http://purl.org/dmi-framework#Prov_carried_forward
IND,2012,developing,X4,11.10000038,official,world_bank,official_api,acquire,http://purl.org/dmi-framework#SE_X4_IND_2012,http://purl.org/dmi-framework#Ind_X4,http://purl.org/dmi-framework#Country_IND,http://purl.org/dmi-framework#Phase_Acquire,http://purl.org/dmi-framework#Source_world_bank,http://purl.org/dmi-framework#Prov_official
IND,2013,developing,X4,12.30000019,official,world_bank,official_api,acquire,http://purl.org/dmi-framework#SE_X4_IND_2013,http://purl.org/dmi-framework#Ind_X4,http://purl.org/dmi-framework#Country_IND,http://purl.org/dmi-framework#Phase_Acquire,http://purl.org/dmi-framework#Source_world_bank,http://purl.org/dmi-framework#Prov_official
IND,2014,developing,X4,13.5,official,world_bank,official_api,acquire,http://purl.org/dmi-framework#SE_X4_IND_2014,http://purl.org/dmi-framework#Ind_X4,http://purl.org/dmi-framework#Country_IND,http://purl.org/dmi-framework#Phase_Acquire,http://purl.org/dmi-framework#Source_world_bank,http://purl.org/dmi-framework#Prov_official
IND,2015,developing,X4,14.89999962,official,world_bank,official_api,acquire,http://purl.org/dmi-framework#SE_X4_IND_2015,http://purl.org/dmi-framework#Ind_X4,http://purl.org/dmi-framework#Country_IND,http://purl.org/dmi-framework#Phase_Acquire,http://purl.org/dmi-framework#Source_world_bank,http://purl.org/dmi-framework#Prov_official
IND,2016,developing,X4,16.5,official,world_bank,official_api,acquire,http://purl.org/dmi-framework#SE_X4_IND_2016,http://purl.org/dmi-framework#Ind_X4,http://purl.org/dmi-framework#Country_IND,http://purl.org/dmi-framework#Phase_Acquire,http://purl.org/dmi-framework#Source_world_bank,http://purl.org/dmi-framework#Prov_official
IND,2017,developing,X4,18.20000076,official,world_bank,official_api,acquire,http://purl.org/dmi-framework#SE_X4_IND_2017,http://purl.org/dmi-framework#Ind_X4,http://purl.org/dmi-framework#Country_IND,http://purl.org/dmi-framework#Phase_Acquire,http://purl.org/dmi-framework#Source_world_bank,http://purl.org/dmi-framework#Prov_official
IND,2018,developing,X4,20.0813000379384,official,world_bank,official_api,acquire,http://purl.org/dmi-framework#SE_X4_IND_2018,http://purl.org/dmi-framework#Ind_X4,http://purl.org/dmi-framework#Country_IND,http://purl.org/dmi-framework#Phase_Acquire,http://purl.org/dmi-framework#Source_world_bank,http://purl.org/dmi-framework#Prov_official
IND,2019,developing,X4,29.52350044,official,world_bank,official_api,acquire,http://purl.org/dmi-framework#SE_X4_IND_2019,http://purl.org/dmi-framework#Ind_X4,http://purl.org/dmi-framework#Country_IND,http://purl.org/dmi-framework#Phase_Acquire,http://purl.org/dmi-framework#Source_world_bank,http://purl.org/dmi-framework#Prov_official
IND,2020,developing,X4,43.40544313,official,world_bank,official_api,acquire,http://purl.org/dmi-framework#SE_X4_IND_2020,http://purl.org/dmi-framework#Ind_X4,http://purl.org/dmi-framework#Country_IND,http://purl.org/dmi-framework#Phase_Acquire,http://purl.org/dmi-framework#Source_world_bank,http://purl.org/dmi-framework#Prov_official
IND,2021,developing,X4,49.2580986,official,world_bank,official_api,acquire,http://purl.org/dmi-framework#SE_X4_IND_2021,http://purl.org/dmi-framework#Ind_X4,http://purl.org/dmi-framework#Country_IND,http://purl.org/dmi-framework#Phase_Acquire,http://purl.org/dmi-framework#Source_world_bank,http://purl.org/dmi-framework#Prov_official
IND,2022,developing,X4,55.9,official,world_bank,official_api,acquire,http://purl.org/dmi-framework#SE_X4_IND_2022,http://purl.org/dmi-framework#Ind_X4,http://purl.org/dmi-framework#Country_IND,http://purl.org/dmi-framework#Phase_Acquire,http://purl.org/dmi-framework#Source_world_bank,http://purl.org/dmi-framework#Prov_official
IND,2023,developing,X4,60.25230026,official,world_bank,official_api,acquire,http://purl.org/dmi-framework#SE_X4_IND_2023,http://purl.org/dmi-framework#Ind_X4,http://purl.org/dmi-framework#Country_IND,http://purl.org/dmi-framework#Phase_Acquire,http://purl.org/dmi-framework#Source_world_bank,http://purl.org/dmi-framework#Prov_official
IND,2024,developing,X4,64.9434967,official,world_bank,official_api,acquire,http://purl.org/dmi-framework#SE_X4_IND_2024,http://purl.org/dmi-framework#Ind_X4,http://purl.org/dmi-framework#Country_IND,http://purl.org/dmi-framework#Phase_Acquire,http://purl.org/dmi-framework#Source_world_bank,http://purl.org/dmi-framework#Prov_official
IND,2025,developing,X4,70.0,official,world_bank,official_api,acquire,http://purl.org/dmi-framework#SE_X4_IND_2025,http://purl.org/dmi-framework#Ind_X4,http://purl.org/dmi-framework#Country_IND,http://purl.org/dmi-framework#Phase_Acquire,http://purl.org/dmi-framework#Source_world_bank,http://purl.org/dmi-framework#Prov_official
MKD,2012,balkan,X4,57.449947312961,official,world_bank,official_api,acquire,http://purl.org/dmi-framework#SE_X4_MKD_2012,http://purl.org/dmi-framework#Ind_X4,http://purl.org/dmi-framework#Country_MKD,http://purl.org/dmi-framework#Phase_Acquire,http://purl.org/dmi-framework#Source_world_bank,http://purl.org/dmi-framework#Prov_official
MKD,2013,balkan,X4,65.24,official,world_bank,official_api,acquire,http://purl.org/dmi-framework#SE_X4_MKD_2013,http://purl.org/dmi-framework#Ind_X4,http://purl.org/dmi-framework#Country_MKD,http://purl.org/dmi-framework#Phase_Acquire,http://purl.org/dmi-framework#Source_world_bank,http://purl.org/dmi-framework#Prov_official
MKD,2014,balkan,X4,68.0584815397496,official,world_bank,official_api,acquire,http://purl.org/dmi-framework#SE_X4_MKD_2014,http://purl.org/dmi-framework#Ind_X4,http://purl.org/dmi-framework#Country_MKD,http://purl.org/dmi-framework#Phase_Acquire,http://purl.org/dmi-framework#Source_world_bank,http://purl.org/dmi-framework#Prov_official
MKD,2015,balkan,X4,70.3802030766689,official,world_bank,official_api,acquire,http://purl.org/dmi-framework#SE_X4_MKD_2015,http://purl.org/dmi-framework#Ind_X4,http://purl.org/dmi-framework#Country_MKD,http://purl.org/dmi-framework#Phase_Acquire,http://purl.org/dmi-framework#Source_world_bank,http://purl.org/dmi-framework#Prov_official
MKD,2016,balkan,X4,72.1568144676058,official,world_bank,official_api,acquire,http://purl.org/dmi-framework#SE_X4_MKD_2016,http://purl.org/dmi-framework#Ind_X4,http://purl.org/dmi-framework#Country_MKD,http://purl.org/dmi-framework#Phase_Acquire,http://purl.org/dmi-framework#Source_world_bank,http://purl.org/dmi-framework#Prov_official
MKD,2017,balkan,X4,74.5168241807954,official,world_bank,official_api,acquire,http://purl.org/dmi-framework#SE_X4_MKD_2017,http://purl.org/dmi-framework#Ind_X4,http://purl.org/dmi-framework#Country_MKD,http://purl.org/dmi-framework#Phase_Acquire,http://purl.org/dmi-framework#Source_world_bank,http://purl.org/dmi-framework#Prov_official
MKD,2018,balkan,X4,79.1677551850871,official,world_bank,official_api,acquire,http://purl.org/dmi-framework#SE_X4_MKD_2018,http://purl.org/dmi-framework#Ind_X4,http://purl.org/dmi-framework#Country_MKD,http://purl.org/dmi-framework#Phase_Acquire,http://purl.org/dmi-framework#Source_world_bank,http://purl.org/dmi-framework#Prov_official
MKD,2019,balkan,X4,81.4128827618364,official,world_bank,official_api,acquire,http://purl.org/dmi-framework#SE_X4_MKD_2019,http://purl.org/dmi-framework#Ind_X4,http://purl.org/dmi-framework#Country_MKD,http://purl.org/dmi-framework#Phase_Acquire,http://purl.org/dmi-framework#Source_world_bank,http://purl.org/dmi-framework#Prov_official
MKD,2020,balkan,X4,81.40553811,official,world_bank,official_api,acquire,http://purl.org/dmi-framework#SE_X4_MKD_2020,http://purl.org/dmi-framework#Ind_X4,http://purl.org/dmi-framework#Country_MKD,http://purl.org/dmi-framework#Phase_Acquire,http://purl.org/dmi-framework#Source_world_bank,http://purl.org/dmi-framework#Prov_official
MKD,2021,balkan,X4,81.873703,official,world_bank,official_api,acquire,http://purl.org/dmi-framework#SE_X4_MKD_2021,http://purl.org/dmi-framework#Ind_X4,http://purl.org/dmi-framework#Country_MKD,http://purl.org/dmi-framework#Phase_Acquire,http://purl.org/dmi-framework#Source_world_bank,http://purl.org/dmi-framework#Prov_official
MKD,2022,balkan,X4,83.85030365,official,world_bank,official_api,acquire,http://purl.org/dmi-framework#SE_X4_MKD_2022,http://purl.org/dmi-framework#Ind_X4,http://purl.org/dmi-framework#Country_MKD,http://purl.org/dmi-framework#Phase_Acquire,http://purl.org/dmi-framework#Source_world_bank,http://purl.org/dmi-framework#Prov_official
MKD,2023,balkan,X4,88.5,official,world_bank,official_api,acquire,http://purl.org/dmi-framework#SE_X4_MKD_2023,http://purl.org/dmi-framework#Ind_X4,http://purl.org/dmi-framework#Country_MKD,http://purl.org/dmi-framework#Phase_Acquire,http://purl.org/dmi-framework#Source_world_bank,http://purl.org/dmi-framework#Prov_official
MKD,2024,balkan,X4,93.6,official,world_bank,official_api,acquire,http://purl.org/dmi-framework#SE_X4_MKD_2024,http://purl.org/dmi-framework#Ind_X4,http://purl.org/dmi-framework#Country_MKD,http://purl.org/dmi-framework#Phase_Acquire,http://purl.org/dmi-framework#Source_world_bank,http://purl.org/dmi-framework#Prov_official
MKD,2025,balkan,X4,93.1,official,world_bank,official_api,acquire,http://purl.org/dmi-framework#SE_X4_MKD_2025,http://purl.org/dmi-framework#Ind_X4,http://purl.org/dmi-framework#Country_MKD,http://purl.org/dmi-framework#Phase_Acquire,http://purl.org/dmi-framework#Source_world_bank,http://purl.org/dmi-framework#Prov_official
SRB,2012,balkan,X4,48.09999847,official,world_bank,official_api,acquire,http://purl.org/dmi-framework#SE_X4_SRB_2012,http://purl.org/dmi-framework#Ind_X4,http://purl.org/dmi-framework#Country_SRB,http://purl.org/dmi-framework#Phase_Acquire,http://purl.org/dmi-framework#Source_world_bank,http://purl.org/dmi-framework#Prov_official
SRB,2013,balkan,X4,53.450364175,official,world_bank,official_api,acquire,http://purl.org/dmi-framework#SE_X4_SRB_2013,http://purl.org/dmi-framework#Ind_X4,http://purl.org/dmi-framework#Country_SRB,http://purl.org/dmi-framework#Phase_Acquire,http://purl.org/dmi-framework#Source_world_bank,http://purl.org/dmi-framework#Prov_official
SRB,2014,balkan,X4,62.0750804639377,official,world_bank,official_api,acquire,http://purl.org/dmi-framework#SE_X4_SRB_2014,http://purl.org/dmi-framework#Ind_X4,http://purl.org/dmi-framework#Country_SRB,http://purl.org/dmi-framework#Phase_Acquire,http://purl.org/dmi-framework#Source_world_bank,http://purl.org/dmi-framework#Prov_official
SRB,2015,balkan,X4,65.3170254003801,official,world_bank,official_api,acquire,http://purl.org/dmi-framework#SE_X4_SRB_2015,http://purl.org/dmi-framework#Ind_X4,http://purl.org/dmi-framework#Country_SRB,http://purl.org/dmi-framework#Phase_Acquire,http://purl.org/dmi-framework#Source_world_bank,http://purl.org/dmi-framework#Prov_official
SRB,2016,balkan,X4,67.0568413716938,official,world_bank,official_api,acquire,http://purl.org/dmi-framework#SE_X4_SRB_2016,http://purl.org/dmi-framework#Ind_X4,http://purl.org/dmi-framework#Country_SRB,http://purl.org/dmi-framework#Phase_Acquire,http://purl.org/dmi-framework#Source_world_bank,http://purl.org/dmi-framework#Prov_official
SRB,2017,balkan,X4,70.3308355269141,official,world_bank,official_api,acquire,http://purl.org/dmi-framework#SE_X4_SRB_2017,http://purl.org/dmi-framework#Ind_X4,http://purl.org/dmi-framework#Country_SRB,http://purl.org/dmi-framework#Phase_Acquire,http://purl.org/dmi-framework#Source_world_bank,http://purl.org/dmi-framework#Prov_official
SRB,2018,balkan,X4,73.360709154564,official,world_bank,official_api,acquire,http://purl.org/dmi-framework#SE_X4_SRB_2018,http://purl.org/dmi-framework#Ind_X4,http://purl.org/dmi-framework#Country_SRB,http://purl.org/dmi-framework#Phase_Acquire,http://purl.org/dmi-framework#Source_world_bank,http://purl.org/dmi-framework#Prov_official
SRB,2019,balkan,X4,77.4167736219802,official,world_bank,official_api,acquire,http://purl.org/dmi-framework#SE_X4_SRB_2019,http://purl.org/dmi-framework#Ind_X4,http://purl.org/dmi-framework#Country_SRB,http://purl.org/dmi-framework#Phase_Acquire,http://purl.org/dmi-framework#Source_world_bank,http://purl.org/dmi-framework#Prov_official
SRB,2020,balkan,X4,78.36804864,official,world_bank,official_api,acquire,http://purl.org/dmi-framework#SE_X4_SRB_2020,http://purl.org/dmi-framework#Ind_X4,http://purl.org/dmi-framework#Country_SRB,http://purl.org/dmi-framework#Phase_Acquire,http://purl.org/dmi-framework#Source_world_bank,http://purl.org/dmi-framework#Prov_official
SRB,2021,balkan,X4,81.16588116,official,world_bank,official_api,acquire,http://purl.org/dmi-framework#SE_X4_SRB_2021,http://purl.org/dmi-framework#Ind_X4,http://purl.org/dmi-framework#Country_SRB,http://purl.org/dmi-framework#Phase_Acquire,http://purl.org/dmi-framework#Source_world_bank,http://purl.org/dmi-framework#Prov_official
SRB,2022,balkan,X4,83.53825397,official,world_bank,official_api,acquire,http://purl.org/dmi-framework#SE_X4_SRB_2022,http://purl.org/dmi-framework#Ind_X4,http://purl.org/dmi-framework#Country_SRB,http://purl.org/dmi-framework#Phase_Acquire,http://purl.org/dmi-framework#Source_world_bank,http://purl.org/dmi-framework#Prov_official
SRB,2023,balkan,X4,85.35746686,official,world_bank,official_api,acquire,http://purl.org/dmi-framework#SE_X4_SRB_2023,http://purl.org/dmi-framework#Ind_X4,http://purl.org/dmi-framework#Country_SRB,http://purl.org/dmi-framework#Phase_Acquire,http://purl.org/dmi-framework#Source_world_bank,http://purl.org/dmi-framework#Prov_official
SRB,2024,balkan,X4,87.69071294,official,world_bank,official_api,acquire,http://purl.org/dmi-framework#SE_X4_SRB_2024,http://purl.org/dmi-framework#Ind_X4,http://purl.org/dmi-framework#Country_SRB,http://purl.org/dmi-framework#Phase_Acquire,http://purl.org/dmi-framework#Source_world_bank,http://purl.org/dmi-framework#Prov_official
SRB,2025,balkan,X4,87.69071294,carried_forward,world_bank,official_api,acquire,http://purl.org/dmi-framework#SE_X4_SRB_2025,http://purl.org/dmi-framework#Ind_X4,http://purl.org/dmi-framework#Country_SRB,http://purl.org/dmi-framework#Phase_Acquire,http://purl.org/dmi-framework#Source_world_bank,http://purl.org/dmi-framework#Prov_carried_forward
SVN,2012,balkan,X4,68.3499745287825,official,world_bank,official_api,acquire,http://purl.org/dmi-framework#SE_X4_SVN_2012,http://purl.org/dmi-framework#Ind_X4,http://purl.org/dmi-framework#Country_SVN,http://purl.org/dmi-framework#Phase_Acquire,http://purl.org/dmi-framework#Source_world_bank,http://purl.org/dmi-framework#Prov_official
SVN,2013,balkan,X4,72.6756,official,world_bank,official_api,acquire,http://purl.org/dmi-framework#SE_X4_SVN_2013,http://purl.org/dmi-framework#Ind_X4,http://purl.org/dmi-framework#Country_SVN,http://purl.org/dmi-framework#Phase_Acquire,http://purl.org/dmi-framework#Source_world_bank,http://purl.org/dmi-framework#Prov_official
SVN,2014,balkan,X4,71.5862515855601,official,world_bank,official_api,acquire,http://purl.org/dmi-framework#SE_X4_SVN_2014,http://purl.org/dmi-framework#Ind_X4,http://purl.org/dmi-framework#Country_SVN,http://purl.org/dmi-framework#Phase_Acquire,http://purl.org/dmi-framework#Source_world_bank,http://purl.org/dmi-framework#Prov_official
SVN,2015,balkan,X4,73.0986599745829,official,world_bank,official_api,acquire,http://purl.org/dmi-framework#SE_X4_SVN_2015,http://purl.org/dmi-framework#Ind_X4,http://purl.org/dmi-framework#Country_SVN,http://purl.org/dmi-framework#Phase_Acquire,http://purl.org/dmi-framework#Source_world_bank,http://purl.org/dmi-framework#Prov_official
SVN,2016,balkan,X4,75.4985042610791,official,world_bank,official_api,acquire,http://purl.org/dmi-framework#SE_X4_SVN_2016,http://purl.org/dmi-framework#Ind_X4,http://purl.org/dmi-framework#Country_SVN,http://purl.org/dmi-framework#Phase_Acquire,http://purl.org/dmi-framework#Source_world_bank,http://purl.org/dmi-framework#Prov_official
SVN,2017,balkan,X4,78.8854263554775,official,world_bank,official_api,acquire,http://purl.org/dmi-framework#SE_X4_SVN_2017,http://purl.org/dmi-framework#Ind_X4,http://purl.org/dmi-framework#Country_SVN,http://purl.org/dmi-framework#Phase_Acquire,http://purl.org/dmi-framework#Source_world_bank,http://purl.org/dmi-framework#Prov_official
SVN,2018,balkan,X4,79.7499765956562,official,world_bank,official_api,acquire,http://purl.org/dmi-framework#SE_X4_SVN_2018,http://purl.org/dmi-framework#Ind_X4,http://purl.org/dmi-framework#Country_SVN,http://purl.org/dmi-framework#Phase_Acquire,http://purl.org/dmi-framework#Source_world_bank,http://purl.org/dmi-framework#Prov_official
SVN,2019,balkan,X4,83.1083578026717,official,world_bank,official_api,acquire,http://purl.org/dmi-framework#SE_X4_SVN_2019,http://purl.org/dmi-framework#Ind_X4,http://purl.org/dmi-framework#Country_SVN,http://purl.org/dmi-framework#Phase_Acquire,http://purl.org/dmi-framework#Source_world_bank,http://purl.org/dmi-framework#Prov_official
SVN,2020,balkan,X4,86.60130109,official,world_bank,official_api,acquire,http://purl.org/dmi-framework#SE_X4_SVN_2020,http://purl.org/dmi-framework#Ind_X4,http://purl.org/dmi-framework#Country_SVN,http://purl.org/dmi-framework#Phase_Acquire,http://purl.org/dmi-framework#Source_world_bank,http://purl.org/dmi-framework#Prov_official
SVN,2021,balkan,X4,89.00399524,official,world_bank,official_api,acquire,http://purl.org/dmi-framework#SE_X4_SVN_2021,http://purl.org/dmi-framework#Ind_X4,http://purl.org/dmi-framework#Country_SVN,http://purl.org/dmi-framework#Phase_Acquire,http://purl.org/dmi-framework#Source_world_bank,http://purl.org/dmi-framework#Prov_official
SVN,2022,balkan,X4,88.91248552,official,world_bank,official_api,acquire,http://purl.org/dmi-framework#SE_X4_SVN_2022,http://purl.org/dmi-framework#Ind_X4,http://purl.org/dmi-framework#Country_SVN,http://purl.org/dmi-framework#Phase_Acquire,http://purl.org/dmi-framework#Source_world_bank,http://purl.org/dmi-framework#Prov_official
SVN,2023,balkan,X4,90.37794678,official,world_bank,official_api,acquire,http://purl.org/dmi-framework#SE_X4_SVN_2023,http://purl.org/dmi-framework#Ind_X4,http://purl.org/dmi-framework#Country_SVN,http://purl.org/dmi-framework#Phase_Acquire,http://purl.org/dmi-framework#Source_world_bank,http://purl.org/dmi-framework#Prov_official
SVN,2024,balkan,X4,90.76355487,official,world_bank,official_api,acquire,http://purl.org/dmi-framework#SE_X4_SVN_2024,http://purl.org/dmi-framework#Ind_X4,http://purl.org/dmi-framework#Country_SVN,http://purl.org/dmi-framework#Phase_Acquire,http://purl.org/dmi-framework#Source_world_bank,http://purl.org/dmi-framework#Prov_official
SVN,2025,balkan,X4,90.76355487,carried_forward,world_bank,official_api,acquire,http://purl.org/dmi-framework#SE_X4_SVN_2025,http://purl.org/dmi-framework#Ind_X4,http://purl.org/dmi-framework#Country_SVN,http://purl.org/dmi-framework#Phase_Acquire,http://purl.org/dmi-framework#Source_world_bank,http://purl.org/dmi-framework#Prov_carried_forward
USA,2012,developed_non_eu,X4,74.7,official,world_bank,official_api,acquire,http://purl.org/dmi-framework#SE_X4_USA_2012,http://purl.org/dmi-framework#Ind_X4,http://purl.org/dmi-framework#Country_USA,http://purl.org/dmi-framework#Phase_Acquire,http://purl.org/dmi-framework#Source_world_bank,http://purl.org/dmi-framework#Prov_official
USA,2013,developed_non_eu,X4,71.4,official,world_bank,official_api,acquire,http://purl.org/dmi-framework#SE_X4_USA_2013,http://purl.org/dmi-framework#Ind_X4,http://purl.org/dmi-framework#Country_USA,http://purl.org/dmi-framework#Phase_Acquire,http://purl.org/dmi-framework#Source_world_bank,http://purl.org/dmi-framework#Prov_official
USA,2014,developed_non_eu,X4,73.0,official,world_bank,official_api,acquire,http://purl.org/dmi-framework#SE_X4_USA_2014,http://purl.org/dmi-framework#Ind_X4,http://purl.org/dmi-framework#Country_USA,http://purl.org/dmi-framework#Phase_Acquire,http://purl.org/dmi-framework#Source_world_bank,http://purl.org/dmi-framework#Prov_official
USA,2015,developed_non_eu,X4,74.5542024462761,official,world_bank,official_api,acquire,http://purl.org/dmi-framework#SE_X4_USA_2015,http://purl.org/dmi-framework#Ind_X4,http://purl.org/dmi-framework#Country_USA,http://purl.org/dmi-framework#Phase_Acquire,http://purl.org/dmi-framework#Source_world_bank,http://purl.org/dmi-framework#Prov_official
USA,2016,developed_non_eu,X4,85.5444212887222,official,world_bank,official_api,acquire,http://purl.org/dmi-framework#SE_X4_USA_2016,http://purl.org/dmi-framework#Ind_X4,http://purl.org/dmi-framework#Country_USA,http://purl.org/dmi-framework#Phase_Acquire,http://purl.org/dmi-framework#Source_world_bank,http://purl.org/dmi-framework#Prov_official
USA,2017,developed_non_eu,X4,87.2748891687657,official,world_bank,official_api,acquire,http://purl.org/dmi-framework#SE_X4_USA_2017,http://purl.org/dmi-framework#Ind_X4,http://purl.org/dmi-framework#Country_USA,http://purl.org/dmi-framework#Phase_Acquire,http://purl.org/dmi-framework#Source_world_bank,http://purl.org/dmi-framework#Prov_official
USA,2018,developed_non_eu,X4,88.498903165152,official,world_bank,official_api,acquire,http://purl.org/dmi-framework#SE_X4_USA_2018,http://purl.org/dmi-framework#Ind_X4,http://purl.org/dmi-framework#Country_USA,http://purl.org/dmi-framework#Phase_Acquire,http://purl.org/dmi-framework#Source_world_bank,http://purl.org/dmi-framework#Prov_official
USA,2019,developed_non_eu,X4,89.4302848575712,official,world_bank,official_api,acquire,http://purl.org/dmi-framework#SE_X4_USA_2019,http://purl.org/dmi-framework#Ind_X4,http://purl.org/dmi-framework#Country_USA,http://purl.org/dmi-framework#Phase_Acquire,http://purl.org/dmi-framework#Source_world_bank,http://purl.org/dmi-framework#Prov_official
USA,2020,developed_non_eu,X4,90.34470367,official,world_bank,official_api,acquire,http://purl.org/dmi-framework#SE_X4_USA_2020,http://purl.org/dmi-framework#Ind_X4,http://purl.org/dmi-framework#Country_USA,http://purl.org/dmi-framework#Phase_Acquire,http://purl.org/dmi-framework#Source_world_bank,http://purl.org/dmi-framework#Prov_official
USA,2021,developed_non_eu,X4,91.2684021,official,world_bank,official_api,acquire,http://purl.org/dmi-framework#SE_X4_USA_2021,http://purl.org/dmi-framework#Ind_X4,http://purl.org/dmi-framework#Country_USA,http://purl.org/dmi-framework#Phase_Acquire,http://purl.org/dmi-framework#Source_world_bank,http://purl.org/dmi-framework#Prov_official
USA,2022,developed_non_eu,X4,92.72850037,official,world_bank,official_api,acquire,http://purl.org/dmi-framework#SE_X4_USA_2022,http://purl.org/dmi-framework#Ind_X4,http://purl.org/dmi-framework#Country_USA,http://purl.org/dmi-framework#Phase_Acquire,http://purl.org/dmi-framework#Source_world_bank,http://purl.org/dmi-framework#Prov_official
USA,2023,developed_non_eu,X4,93.52559662,official,world_bank,official_api,acquire,http://purl.org/dmi-framework#SE_X4_USA_2023,http://purl.org/dmi-framework#Ind_X4,http://purl.org/dmi-framework#Country_USA,http://purl.org/dmi-framework#Phase_Acquire,http://purl.org/dmi-framework#Source_world_bank,http://purl.org/dmi-framework#Prov_official
USA,2024,developed_non_eu,X4,94.69380188,official,world_bank,official_api,acquire,http://purl.org/dmi-framework#SE_X4_USA_2024,http://purl.org/dmi-framework#Ind_X4,http://purl.org/dmi-framework#Country_USA,http://purl.org/dmi-framework#Phase_Acquire,http://purl.org/dmi-framework#Source_world_bank,http://purl.org/dmi-framework#Prov_official
USA,2025,developed_non_eu,X4,94.69380188,carried_forward,world_bank,official_api,acquire,http://purl.org/dmi-framework#SE_X4_USA_2025,http://purl.org/dmi-framework#Ind_X4,http://purl.org/dmi-framework#Country_USA,http://purl.org/dmi-framework#Phase_Acquire,http://purl.org/dmi-framework#Source_world_bank,http://purl.org/dmi-framework#Prov_carried_forward
ARG,2012,developing,X5,,missing,ncsi,curated_snapshot,acquire,http://purl.org/dmi-framework#SE_X5_ARG_2012,http://purl.org/dmi-framework#Ind_X5,http://purl.org/dmi-framework#Country_ARG,http://purl.org/dmi-framework#Phase_Acquire,http://purl.org/dmi-framework#Source_ncsi,http://purl.org/dmi-framework#Prov_missing
ARG,2013,developing,X5,,missing,ncsi,curated_snapshot,acquire,http://purl.org/dmi-framework#SE_X5_ARG_2013,http://purl.org/dmi-framework#Ind_X5,http://purl.org/dmi-framework#Country_ARG,http://purl.org/dmi-framework#Phase_Acquire,http://purl.org/dmi-framework#Source_ncsi,http://purl.org/dmi-framework#Prov_missing
ARG,2014,developing,X5,,missing,ncsi,curated_snapshot,acquire,http://purl.org/dmi-framework#SE_X5_ARG_2014,http://purl.org/dmi-framework#Ind_X5,http://purl.org/dmi-framework#Country_ARG,http://purl.org/dmi-framework#Phase_Acquire,http://purl.org/dmi-framework#Source_ncsi,http://purl.org/dmi-framework#Prov_missing
ARG,2015,developing,X5,,missing,ncsi,curated_snapshot,acquire,http://purl.org/dmi-framework#SE_X5_ARG_2015,http://purl.org/dmi-framework#Ind_X5,http://purl.org/dmi-framework#Country_ARG,http://purl.org/dmi-framework#Phase_Acquire,http://purl.org/dmi-framework#Source_ncsi,http://purl.org/dmi-framework#Prov_missing
ARG,2016,developing,X5,,missing,ncsi,curated_snapshot,acquire,http://purl.org/dmi-framework#SE_X5_ARG_2016,http://purl.org/dmi-framework#Ind_X5,http://purl.org/dmi-framework#Country_ARG,http://purl.org/dmi-framework#Phase_Acquire,http://purl.org/dmi-framework#Source_ncsi,http://purl.org/dmi-framework#Prov_missing
ARG,2017,developing,X5,,missing,ncsi,curated_snapshot,acquire,http://purl.org/dmi-framework#SE_X5_ARG_2017,http://purl.org/dmi-framework#Ind_X5,http://purl.org/dmi-framework#Country_ARG,http://purl.org/dmi-framework#Phase_Acquire,http://purl.org/dmi-framework#Source_ncsi,http://purl.org/dmi-framework#Prov_missing
ARG,2018,developing,X5,,missing,ncsi,curated_snapshot,acquire,http://purl.org/dmi-framework#SE_X5_ARG_2018,http://purl.org/dmi-framework#Ind_X5,http://purl.org/dmi-framework#Country_ARG,http://purl.org/dmi-framework#Phase_Acquire,http://purl.org/dmi-framework#Source_ncsi,http://purl.org/dmi-framework#Prov_missing
ARG,2019,developing,X5,,missing,ncsi,curated_snapshot,acquire,http://purl.org/dmi-framework#SE_X5_ARG_2019,http://purl.org/dmi-framework#Ind_X5,http://purl.org/dmi-framework#Country_ARG,http://purl.org/dmi-framework#Phase_Acquire,http://purl.org/dmi-framework#Source_ncsi,http://purl.org/dmi-framework#Prov_missing
ARG,2020,developing,X5,63.64,carried_forward,ncsi,curated_snapshot,acquire,http://purl.org/dmi-framework#SE_X5_ARG_2020,http://purl.org/dmi-framework#Ind_X5,http://purl.org/dmi-framework#Country_ARG,http://purl.org/dmi-framework#Phase_Acquire,http://purl.org/dmi-framework#Source_ncsi,http://purl.org/dmi-framework#Prov_carried_forward
ARG,2021,developing,X5,63.64,carried_forward,ncsi,curated_snapshot,acquire,http://purl.org/dmi-framework#SE_X5_ARG_2021,http://purl.org/dmi-framework#Ind_X5,http://purl.org/dmi-framework#Country_ARG,http://purl.org/dmi-framework#Phase_Acquire,http://purl.org/dmi-framework#Source_ncsi,http://purl.org/dmi-framework#Prov_carried_forward
ARG,2022,developing,X5,63.64,official,ncsi,curated_snapshot,acquire,http://purl.org/dmi-framework#SE_X5_ARG_2022,http://purl.org/dmi-framework#Ind_X5,http://purl.org/dmi-framework#Country_ARG,http://purl.org/dmi-framework#Phase_Acquire,http://purl.org/dmi-framework#Source_ncsi,http://purl.org/dmi-framework#Prov_official
ARG,2023,developing,X5,70.0,official,ncsi,curated_snapshot,acquire,http://purl.org/dmi-framework#SE_X5_ARG_2023,http://purl.org/dmi-framework#Ind_X5,http://purl.org/dmi-framework#Country_ARG,http://purl.org/dmi-framework#Phase_Acquire,http://purl.org/dmi-framework#Source_ncsi,http://purl.org/dmi-framework#Prov_official
ARG,2024,developing,X5,70.0,carried_forward,ncsi,curated_snapshot,acquire,http://purl.org/dmi-framework#SE_X5_ARG_2024,http://purl.org/dmi-framework#Ind_X5,http://purl.org/dmi-framework#Country_ARG,http://purl.org/dmi-framework#Phase_Acquire,http://purl.org/dmi-framework#Source_ncsi,http://purl.org/dmi-framework#Prov_carried_forward
ARG,2025,developing,X5,70.0,carried_forward,ncsi,curated_snapshot,acquire,http://purl.org/dmi-framework#SE_X5_ARG_2025,http://purl.org/dmi-framework#Ind_X5,http://purl.org/dmi-framework#Country_ARG,http://purl.org/dmi-framework#Phase_Acquire,http://purl.org/dmi-framework#Source_ncsi,http://purl.org/dmi-framework#Prov_carried_forward
AUS,2012,developed_non_eu,X5,,missing,ncsi,curated_snapshot,acquire,http://purl.org/dmi-framework#SE_X5_AUS_2012,http://purl.org/dmi-framework#Ind_X5,http://purl.org/dmi-framework#Country_AUS,http://purl.org/dmi-framework#Phase_Acquire,http://purl.org/dmi-framework#Source_ncsi,http://purl.org/dmi-framework#Prov_missing
AUS,2013,developed_non_eu,X5,,missing,ncsi,curated_snapshot,acquire,http://purl.org/dmi-framework#SE_X5_AUS_2013,http://purl.org/dmi-framework#Ind_X5,http://purl.org/dmi-framework#Country_AUS,http://purl.org/dmi-framework#Phase_Acquire,http://purl.org/dmi-framework#Source_ncsi,http://purl.org/dmi-framework#Prov_missing
AUS,2014,developed_non_eu,X5,,missing,ncsi,curated_snapshot,acquire,http://purl.org/dmi-framework#SE_X5_AUS_2014,http://purl.org/dmi-framework#Ind_X5,http://purl.org/dmi-framework#Country_AUS,http://purl.org/dmi-framework#Phase_Acquire,http://purl.org/dmi-framework#Source_ncsi,http://purl.org/dmi-framework#Prov_missing
AUS,2015,developed_non_eu,X5,,missing,ncsi,curated_snapshot,acquire,http://purl.org/dmi-framework#SE_X5_AUS_2015,http://purl.org/dmi-framework#Ind_X5,http://purl.org/dmi-framework#Country_AUS,http://purl.org/dmi-framework#Phase_Acquire,http://purl.org/dmi-framework#Source_ncsi,http://purl.org/dmi-framework#Prov_missing
AUS,2016,developed_non_eu,X5,,missing,ncsi,curated_snapshot,acquire,http://purl.org/dmi-framework#SE_X5_AUS_2016,http://purl.org/dmi-framework#Ind_X5,http://purl.org/dmi-framework#Country_AUS,http://purl.org/dmi-framework#Phase_Acquire,http://purl.org/dmi-framework#Source_ncsi,http://purl.org/dmi-framework#Prov_missing
AUS,2017,developed_non_eu,X5,,missing,ncsi,curated_snapshot,acquire,http://purl.org/dmi-framework#SE_X5_AUS_2017,http://purl.org/dmi-framework#Ind_X5,http://purl.org/dmi-framework#Country_AUS,http://purl.org/dmi-framework#Phase_Acquire,http://purl.org/dmi-framework#Source_ncsi,http://purl.org/dmi-framework#Prov_missing
AUS,2018,developed_non_eu,X5,,missing,ncsi,curated_snapshot,acquire,http://purl.org/dmi-framework#SE_X5_AUS_2018,http://purl.org/dmi-framework#Ind_X5,http://purl.org/dmi-framework#Country_AUS,http://purl.org/dmi-framework#Phase_Acquire,http://purl.org/dmi-framework#Source_ncsi,http://purl.org/dmi-framework#Prov_missing
AUS,2019,developed_non_eu,X5,,missing,ncsi,curated_snapshot,acquire,http://purl.org/dmi-framework#SE_X5_AUS_2019,http://purl.org/dmi-framework#Ind_X5,http://purl.org/dmi-framework#Country_AUS,http://purl.org/dmi-framework#Phase_Acquire,http://purl.org/dmi-framework#Source_ncsi,http://purl.org/dmi-framework#Prov_missing
AUS,2020,developed_non_eu,X5,66.23,carried_forward,ncsi,curated_snapshot,acquire,http://purl.org/dmi-framework#SE_X5_AUS_2020,http://purl.org/dmi-framework#Ind_X5,http://purl.org/dmi-framework#Country_AUS,http://purl.org/dmi-framework#Phase_Acquire,http://purl.org/dmi-framework#Source_ncsi,http://purl.org/dmi-framework#Prov_carried_forward
AUS,2021,developed_non_eu,X5,66.23,carried_forward,ncsi,curated_snapshot,acquire,http://purl.org/dmi-framework#SE_X5_AUS_2021,http://purl.org/dmi-framework#Ind_X5,http://purl.org/dmi-framework#Country_AUS,http://purl.org/dmi-framework#Phase_Acquire,http://purl.org/dmi-framework#Source_ncsi,http://purl.org/dmi-framework#Prov_carried_forward
AUS,2022,developed_non_eu,X5,66.23,official,ncsi,curated_snapshot,acquire,http://purl.org/dmi-framework#SE_X5_AUS_2022,http://purl.org/dmi-framework#Ind_X5,http://purl.org/dmi-framework#Country_AUS,http://purl.org/dmi-framework#Phase_Acquire,http://purl.org/dmi-framework#Source_ncsi,http://purl.org/dmi-framework#Prov_official
AUS,2023,developed_non_eu,X5,85.0,official,ncsi,curated_snapshot,acquire,http://purl.org/dmi-framework#SE_X5_AUS_2023,http://purl.org/dmi-framework#Ind_X5,http://purl.org/dmi-framework#Country_AUS,http://purl.org/dmi-framework#Phase_Acquire,http://purl.org/dmi-framework#Source_ncsi,http://purl.org/dmi-framework#Prov_official
AUS,2024,developed_non_eu,X5,85.0,carried_forward,ncsi,curated_snapshot,acquire,http://purl.org/dmi-framework#SE_X5_AUS_2024,http://purl.org/dmi-framework#Ind_X5,http://purl.org/dmi-framework#Country_AUS,http://purl.org/dmi-framework#Phase_Acquire,http://purl.org/dmi-framework#Source_ncsi,http://purl.org/dmi-framework#Prov_carried_forward
AUS,2025,developed_non_eu,X5,85.0,carried_forward,ncsi,curated_snapshot,acquire,http://purl.org/dmi-framework#SE_X5_AUS_2025,http://purl.org/dmi-framework#Ind_X5,http://purl.org/dmi-framework#Country_AUS,http://purl.org/dmi-framework#Phase_Acquire,http://purl.org/dmi-framework#Source_ncsi,http://purl.org/dmi-framework#Prov_carried_forward
BRA,2012,developing,X5,,missing,ncsi,curated_snapshot,acquire,http://purl.org/dmi-framework#SE_X5_BRA_2012,http://purl.org/dmi-framework#Ind_X5,http://purl.org/dmi-framework#Country_BRA,http://purl.org/dmi-framework#Phase_Acquire,http://purl.org/dmi-framework#Source_ncsi,http://purl.org/dmi-framework#Prov_missing
BRA,2013,developing,X5,,missing,ncsi,curated_snapshot,acquire,http://purl.org/dmi-framework#SE_X5_BRA_2013,http://purl.org/dmi-framework#Ind_X5,http://purl.org/dmi-framework#Country_BRA,http://purl.org/dmi-framework#Phase_Acquire,http://purl.org/dmi-framework#Source_ncsi,http://purl.org/dmi-framework#Prov_missing
BRA,2014,developing,X5,,missing,ncsi,curated_snapshot,acquire,http://purl.org/dmi-framework#SE_X5_BRA_2014,http://purl.org/dmi-framework#Ind_X5,http://purl.org/dmi-framework#Country_BRA,http://purl.org/dmi-framework#Phase_Acquire,http://purl.org/dmi-framework#Source_ncsi,http://purl.org/dmi-framework#Prov_missing
BRA,2015,developing,X5,,missing,ncsi,curated_snapshot,acquire,http://purl.org/dmi-framework#SE_X5_BRA_2015,http://purl.org/dmi-framework#Ind_X5,http://purl.org/dmi-framework#Country_BRA,http://purl.org/dmi-framework#Phase_Acquire,http://purl.org/dmi-framework#Source_ncsi,http://purl.org/dmi-framework#Prov_missing
BRA,2016,developing,X5,,missing,ncsi,curated_snapshot,acquire,http://purl.org/dmi-framework#SE_X5_BRA_2016,http://purl.org/dmi-framework#Ind_X5,http://purl.org/dmi-framework#Country_BRA,http://purl.org/dmi-framework#Phase_Acquire,http://purl.org/dmi-framework#Source_ncsi,http://purl.org/dmi-framework#Prov_missing
BRA,2017,developing,X5,,missing,ncsi,curated_snapshot,acquire,http://purl.org/dmi-framework#SE_X5_BRA_2017,http://purl.org/dmi-framework#Ind_X5,http://purl.org/dmi-framework#Country_BRA,http://purl.org/dmi-framework#Phase_Acquire,http://purl.org/dmi-framework#Source_ncsi,http://purl.org/dmi-framework#Prov_missing
BRA,2018,developing,X5,,missing,ncsi,curated_snapshot,acquire,http://purl.org/dmi-framework#SE_X5_BRA_2018,http://purl.org/dmi-framework#Ind_X5,http://purl.org/dmi-framework#Country_BRA,http://purl.org/dmi-framework#Phase_Acquire,http://purl.org/dmi-framework#Source_ncsi,http://purl.org/dmi-framework#Prov_missing
BRA,2019,developing,X5,,missing,ncsi,curated_snapshot,acquire,http://purl.org/dmi-framework#SE_X5_BRA_2019,http://purl.org/dmi-framework#Ind_X5,http://purl.org/dmi-framework#Country_BRA,http://purl.org/dmi-framework#Phase_Acquire,http://purl.org/dmi-framework#Source_ncsi,http://purl.org/dmi-framework#Prov_missing
BRA,2020,developing,X5,51.95,carried_forward,ncsi,curated_snapshot,acquire,http://purl.org/dmi-framework#SE_X5_BRA_2020,http://purl.org/dmi-framework#Ind_X5,http://purl.org/dmi-framework#Country_BRA,http://purl.org/dmi-framework#Phase_Acquire,http://purl.org/dmi-framework#Source_ncsi,http://purl.org/dmi-framework#Prov_carried_forward
BRA,2021,developing,X5,51.95,carried_forward,ncsi,curated_snapshot,acquire,http://purl.org/dmi-framework#SE_X5_BRA_2021,http://purl.org/dmi-framework#Ind_X5,http://purl.org/dmi-framework#Country_BRA,http://purl.org/dmi-framework#Phase_Acquire,http://purl.org/dmi-framework#Source_ncsi,http://purl.org/dmi-framework#Prov_carried_forward
BRA,2022,developing,X5,51.95,official,ncsi,curated_snapshot,acquire,http://purl.org/dmi-framework#SE_X5_BRA_2022,http://purl.org/dmi-framework#Ind_X5,http://purl.org/dmi-framework#Country_BRA,http://purl.org/dmi-framework#Phase_Acquire,http://purl.org/dmi-framework#Source_ncsi,http://purl.org/dmi-framework#Prov_official
BRA,2023,developing,X5,71.67,official,ncsi,curated_snapshot,acquire,http://purl.org/dmi-framework#SE_X5_BRA_2023,http://purl.org/dmi-framework#Ind_X5,http://purl.org/dmi-framework#Country_BRA,http://purl.org/dmi-framework#Phase_Acquire,http://purl.org/dmi-framework#Source_ncsi,http://purl.org/dmi-framework#Prov_official
BRA,2024,developing,X5,71.67,carried_forward,ncsi,curated_snapshot,acquire,http://purl.org/dmi-framework#SE_X5_BRA_2024,http://purl.org/dmi-framework#Ind_X5,http://purl.org/dmi-framework#Country_BRA,http://purl.org/dmi-framework#Phase_Acquire,http://purl.org/dmi-framework#Source_ncsi,http://purl.org/dmi-framework#Prov_carried_forward
BRA,2025,developing,X5,71.67,carried_forward,ncsi,curated_snapshot,acquire,http://purl.org/dmi-framework#SE_X5_BRA_2025,http://purl.org/dmi-framework#Ind_X5,http://purl.org/dmi-framework#Country_BRA,http://purl.org/dmi-framework#Phase_Acquire,http://purl.org/dmi-framework#Source_ncsi,http://purl.org/dmi-framework#Prov_carried_forward
CAN,2012,developed_non_eu,X5,,missing,ncsi,curated_snapshot,acquire,http://purl.org/dmi-framework#SE_X5_CAN_2012,http://purl.org/dmi-framework#Ind_X5,http://purl.org/dmi-framework#Country_CAN,http://purl.org/dmi-framework#Phase_Acquire,http://purl.org/dmi-framework#Source_ncsi,http://purl.org/dmi-framework#Prov_missing
CAN,2013,developed_non_eu,X5,,missing,ncsi,curated_snapshot,acquire,http://purl.org/dmi-framework#SE_X5_CAN_2013,http://purl.org/dmi-framework#Ind_X5,http://purl.org/dmi-framework#Country_CAN,http://purl.org/dmi-framework#Phase_Acquire,http://purl.org/dmi-framework#Source_ncsi,http://purl.org/dmi-framework#Prov_missing
CAN,2014,developed_non_eu,X5,,missing,ncsi,curated_snapshot,acquire,http://purl.org/dmi-framework#SE_X5_CAN_2014,http://purl.org/dmi-framework#Ind_X5,http://purl.org/dmi-framework#Country_CAN,http://purl.org/dmi-framework#Phase_Acquire,http://purl.org/dmi-framework#Source_ncsi,http://purl.org/dmi-framework#Prov_missing
CAN,2015,developed_non_eu,X5,,missing,ncsi,curated_snapshot,acquire,http://purl.org/dmi-framework#SE_X5_CAN_2015,http://purl.org/dmi-framework#Ind_X5,http://purl.org/dmi-framework#Country_CAN,http://purl.org/dmi-framework#Phase_Acquire,http://purl.org/dmi-framework#Source_ncsi,http://purl.org/dmi-framework#Prov_missing
CAN,2016,developed_non_eu,X5,,missing,ncsi,curated_snapshot,acquire,http://purl.org/dmi-framework#SE_X5_CAN_2016,http://purl.org/dmi-framework#Ind_X5,http://purl.org/dmi-framework#Country_CAN,http://purl.org/dmi-framework#Phase_Acquire,http://purl.org/dmi-framework#Source_ncsi,http://purl.org/dmi-framework#Prov_missing
CAN,2017,developed_non_eu,X5,,missing,ncsi,curated_snapshot,acquire,http://purl.org/dmi-framework#SE_X5_CAN_2017,http://purl.org/dmi-framework#Ind_X5,http://purl.org/dmi-framework#Country_CAN,http://purl.org/dmi-framework#Phase_Acquire,http://purl.org/dmi-framework#Source_ncsi,http://purl.org/dmi-framework#Prov_missing
CAN,2018,developed_non_eu,X5,,missing,ncsi,curated_snapshot,acquire,http://purl.org/dmi-framework#SE_X5_CAN_2018,http://purl.org/dmi-framework#Ind_X5,http://purl.org/dmi-framework#Country_CAN,http://purl.org/dmi-framework#Phase_Acquire,http://purl.org/dmi-framework#Source_ncsi,http://purl.org/dmi-framework#Prov_missing
CAN,2019,developed_non_eu,X5,,missing,ncsi,curated_snapshot,acquire,http://purl.org/dmi-framework#SE_X5_CAN_2019,http://purl.org/dmi-framework#Ind_X5,http://purl.org/dmi-framework#Country_CAN,http://purl.org/dmi-framework#Phase_Acquire,http://purl.org/dmi-framework#Source_ncsi,http://purl.org/dmi-framework#Prov_missing
CAN,2020,developed_non_eu,X5,70.13,carried_forward,ncsi,curated_snapshot,acquire,http://purl.org/dmi-framework#SE_X5_CAN_2020,http://purl.org/dmi-framework#Ind_X5,http://purl.org/dmi-framework#Country_CAN,http://purl.org/dmi-framework#Phase_Acquire,http://purl.org/dmi-framework#Source_ncsi,http://purl.org/dmi-framework#Prov_carried_forward
CAN,2021,developed_non_eu,X5,70.13,carried_forward,ncsi,curated_snapshot,acquire,http://purl.org/dmi-framework#SE_X5_CAN_2021,http://purl.org/dmi-framework#Ind_X5,http://purl.org/dmi-framework#Country_CAN,http://purl.org/dmi-framework#Phase_Acquire,http://purl.org/dmi-framework#Source_ncsi,http://purl.org/dmi-framework#Prov_carried_forward
CAN,2022,developed_non_eu,X5,70.13,official,ncsi,curated_snapshot,acquire,http://purl.org/dmi-framework#SE_X5_CAN_2022,http://purl.org/dmi-framework#Ind_X5,http://purl.org/dmi-framework#Country_CAN,http://purl.org/dmi-framework#Phase_Acquire,http://purl.org/dmi-framework#Source_ncsi,http://purl.org/dmi-framework#Prov_official
CAN,2023,developed_non_eu,X5,96.67,official,ncsi,curated_snapshot,acquire,http://purl.org/dmi-framework#SE_X5_CAN_2023,http://purl.org/dmi-framework#Ind_X5,http://purl.org/dmi-framework#Country_CAN,http://purl.org/dmi-framework#Phase_Acquire,http://purl.org/dmi-framework#Source_ncsi,http://purl.org/dmi-framework#Prov_official
CAN,2024,developed_non_eu,X5,96.67,carried_forward,ncsi,curated_snapshot,acquire,http://purl.org/dmi-framework#SE_X5_CAN_2024,http://purl.org/dmi-framework#Ind_X5,http://purl.org/dmi-framework#Country_CAN,http://purl.org/dmi-framework#Phase_Acquire,http://purl.org/dmi-framework#Source_ncsi,http://purl.org/dmi-framework#Prov_carried_forward
CAN,2025,developed_non_eu,X5,96.67,carried_forward,ncsi,curated_snapshot,acquire,http://purl.org/dmi-framework#SE_X5_CAN_2025,http://purl.org/dmi-framework#Ind_X5,http://purl.org/dmi-framework#Country_CAN,http://purl.org/dmi-framework#Phase_Acquire,http://purl.org/dmi-framework#Source_ncsi,http://purl.org/dmi-framework#Prov_carried_forward
DEU,2012,developed_eu,X5,,missing,ncsi,curated_snapshot,acquire,http://purl.org/dmi-framework#SE_X5_DEU_2012,http://purl.org/dmi-framework#Ind_X5,http://purl.org/dmi-framework#Country_DEU,http://purl.org/dmi-framework#Phase_Acquire,http://purl.org/dmi-framework#Source_ncsi,http://purl.org/dmi-framework#Prov_missing
DEU,2013,developed_eu,X5,,missing,ncsi,curated_snapshot,acquire,http://purl.org/dmi-framework#SE_X5_DEU_2013,http://purl.org/dmi-framework#Ind_X5,http://purl.org/dmi-framework#Country_DEU,http://purl.org/dmi-framework#Phase_Acquire,http://purl.org/dmi-framework#Source_ncsi,http://purl.org/dmi-framework#Prov_missing
DEU,2014,developed_eu,X5,,missing,ncsi,curated_snapshot,acquire,http://purl.org/dmi-framework#SE_X5_DEU_2014,http://purl.org/dmi-framework#Ind_X5,http://purl.org/dmi-framework#Country_DEU,http://purl.org/dmi-framework#Phase_Acquire,http://purl.org/dmi-framework#Source_ncsi,http://purl.org/dmi-framework#Prov_missing
DEU,2015,developed_eu,X5,,missing,ncsi,curated_snapshot,acquire,http://purl.org/dmi-framework#SE_X5_DEU_2015,http://purl.org/dmi-framework#Ind_X5,http://purl.org/dmi-framework#Country_DEU,http://purl.org/dmi-framework#Phase_Acquire,http://purl.org/dmi-framework#Source_ncsi,http://purl.org/dmi-framework#Prov_missing
DEU,2016,developed_eu,X5,,missing,ncsi,curated_snapshot,acquire,http://purl.org/dmi-framework#SE_X5_DEU_2016,http://purl.org/dmi-framework#Ind_X5,http://purl.org/dmi-framework#Country_DEU,http://purl.org/dmi-framework#Phase_Acquire,http://purl.org/dmi-framework#Source_ncsi,http://purl.org/dmi-framework#Prov_missing
DEU,2017,developed_eu,X5,,missing,ncsi,curated_snapshot,acquire,http://purl.org/dmi-framework#SE_X5_DEU_2017,http://purl.org/dmi-framework#Ind_X5,http://purl.org/dmi-framework#Country_DEU,http://purl.org/dmi-framework#Phase_Acquire,http://purl.org/dmi-framework#Source_ncsi,http://purl.org/dmi-framework#Prov_missing
DEU,2018,developed_eu,X5,,missing,ncsi,curated_snapshot,acquire,http://purl.org/dmi-framework#SE_X5_DEU_2018,http://purl.org/dmi-framework#Ind_X5,http://purl.org/dmi-framework#Country_DEU,http://purl.org/dmi-framework#Phase_Acquire,http://purl.org/dmi-framework#Source_ncsi,http://purl.org/dmi-framework#Prov_missing
DEU,2019,developed_eu,X5,,missing,ncsi,curated_snapshot,acquire,http://purl.org/dmi-framework#SE_X5_DEU_2019,http://purl.org/dmi-framework#Ind_X5,http://purl.org/dmi-framework#Country_DEU,http://purl.org/dmi-framework#Phase_Acquire,http://purl.org/dmi-framework#Source_ncsi,http://purl.org/dmi-framework#Prov_missing
DEU,2020,developed_eu,X5,90.91,carried_forward,ncsi,curated_snapshot,acquire,http://purl.org/dmi-framework#SE_X5_DEU_2020,http://purl.org/dmi-framework#Ind_X5,http://purl.org/dmi-framework#Country_DEU,http://purl.org/dmi-framework#Phase_Acquire,http://purl.org/dmi-framework#Source_ncsi,http://purl.org/dmi-framework#Prov_carried_forward
DEU,2021,developed_eu,X5,90.91,carried_forward,ncsi,curated_snapshot,acquire,http://purl.org/dmi-framework#SE_X5_DEU_2021,http://purl.org/dmi-framework#Ind_X5,http://purl.org/dmi-framework#Country_DEU,http://purl.org/dmi-framework#Phase_Acquire,http://purl.org/dmi-framework#Source_ncsi,http://purl.org/dmi-framework#Prov_carried_forward
DEU,2022,developed_eu,X5,90.91,official,ncsi,curated_snapshot,acquire,http://purl.org/dmi-framework#SE_X5_DEU_2022,http://purl.org/dmi-framework#Ind_X5,http://purl.org/dmi-framework#Country_DEU,http://purl.org/dmi-framework#Phase_Acquire,http://purl.org/dmi-framework#Source_ncsi,http://purl.org/dmi-framework#Prov_official
DEU,2023,developed_eu,X5,90.83,official,ncsi,curated_snapshot,acquire,http://purl.org/dmi-framework#SE_X5_DEU_2023,http://purl.org/dmi-framework#Ind_X5,http://purl.org/dmi-framework#Country_DEU,http://purl.org/dmi-framework#Phase_Acquire,http://purl.org/dmi-framework#Source_ncsi,http://purl.org/dmi-framework#Prov_official
DEU,2024,developed_eu,X5,90.83,carried_forward,ncsi,curated_snapshot,acquire,http://purl.org/dmi-framework#SE_X5_DEU_2024,http://purl.org/dmi-framework#Ind_X5,http://purl.org/dmi-framework#Country_DEU,http://purl.org/dmi-framework#Phase_Acquire,http://purl.org/dmi-framework#Source_ncsi,http://purl.org/dmi-framework#Prov_carried_forward
DEU,2025,developed_eu,X5,90.83,carried_forward,ncsi,curated_snapshot,acquire,http://purl.org/dmi-framework#SE_X5_DEU_2025,http://purl.org/dmi-framework#Ind_X5,http://purl.org/dmi-framework#Country_DEU,http://purl.org/dmi-framework#Phase_Acquire,http://purl.org/dmi-framework#Source_ncsi,http://purl.org/dmi-framework#Prov_carried_forward
FRA,2012,developed_eu,X5,,missing,ncsi,curated_snapshot,acquire,http://purl.org/dmi-framework#SE_X5_FRA_2012,http://purl.org/dmi-framework#Ind_X5,http://purl.org/dmi-framework#Country_FRA,http://purl.org/dmi-framework#Phase_Acquire,http://purl.org/dmi-framework#Source_ncsi,http://purl.org/dmi-framework#Prov_missing
FRA,2013,developed_eu,X5,,missing,ncsi,curated_snapshot,acquire,http://purl.org/dmi-framework#SE_X5_FRA_2013,http://purl.org/dmi-framework#Ind_X5,http://purl.org/dmi-framework#Country_FRA,http://purl.org/dmi-framework#Phase_Acquire,http://purl.org/dmi-framework#Source_ncsi,http://purl.org/dmi-framework#Prov_missing
FRA,2014,developed_eu,X5,,missing,ncsi,curated_snapshot,acquire,http://purl.org/dmi-framework#SE_X5_FRA_2014,http://purl.org/dmi-framework#Ind_X5,http://purl.org/dmi-framework#Country_FRA,http://purl.org/dmi-framework#Phase_Acquire,http://purl.org/dmi-framework#Source_ncsi,http://purl.org/dmi-framework#Prov_missing
FRA,2015,developed_eu,X5,,missing,ncsi,curated_snapshot,acquire,http://purl.org/dmi-framework#SE_X5_FRA_2015,http://purl.org/dmi-framework#Ind_X5,http://purl.org/dmi-framework#Country_FRA,http://purl.org/dmi-framework#Phase_Acquire,http://purl.org/dmi-framework#Source_ncsi,http://purl.org/dmi-framework#Prov_missing
FRA,2016,developed_eu,X5,,missing,ncsi,curated_snapshot,acquire,http://purl.org/dmi-framework#SE_X5_FRA_2016,http://purl.org/dmi-framework#Ind_X5,http://purl.org/dmi-framework#Country_FRA,http://purl.org/dmi-framework#Phase_Acquire,http://purl.org/dmi-framework#Source_ncsi,http://purl.org/dmi-framework#Prov_missing
FRA,2017,developed_eu,X5,,missing,ncsi,curated_snapshot,acquire,http://purl.org/dmi-framework#SE_X5_FRA_2017,http://purl.org/dmi-framework#Ind_X5,http://purl.org/dmi-framework#Country_FRA,http://purl.org/dmi-framework#Phase_Acquire,http://purl.org/dmi-framework#Source_ncsi,http://purl.org/dmi-framework#Prov_missing
FRA,2018,developed_eu,X5,,missing,ncsi,curated_snapshot,acquire,http://purl.org/dmi-framework#SE_X5_FRA_2018,http://purl.org/dmi-framework#Ind_X5,http://purl.org/dmi-framework#Country_FRA,http://purl.org/dmi-framework#Phase_Acquire,http://purl.org/dmi-framework#Source_ncsi,http://purl.org/dmi-framework#Prov_missing
FRA,2019,developed_eu,X5,,missing,ncsi,curated_snapshot,acquire,http://purl.org/dmi-framework#SE_X5_FRA_2019,http://purl.org/dmi-framework#Ind_X5,http://purl.org/dmi-framework#Country_FRA,http://purl.org/dmi-framework#Phase_Acquire,http://purl.org/dmi-framework#Source_ncsi,http://purl.org/dmi-framework#Prov_missing
FRA,2020,developed_eu,X5,84.42,carried_forward,ncsi,curated_snapshot,acquire,http://purl.org/dmi-framework#SE_X5_FRA_2020,http://purl.org/dmi-framework#Ind_X5,http://purl.org/dmi-framework#Country_FRA,http://purl.org/dmi-framework#Phase_Acquire,http://purl.org/dmi-framework#Source_ncsi,http://purl.org/dmi-framework#Prov_carried_forward
FRA,2021,developed_eu,X5,84.42,carried_forward,ncsi,curated_snapshot,acquire,http://purl.org/dmi-framework#SE_X5_FRA_2021,http://purl.org/dmi-framework#Ind_X5,http://purl.org/dmi-framework#Country_FRA,http://purl.org/dmi-framework#Phase_Acquire,http://purl.org/dmi-framework#Source_ncsi,http://purl.org/dmi-framework#Prov_carried_forward
FRA,2022,developed_eu,X5,84.42,official,ncsi,curated_snapshot,acquire,http://purl.org/dmi-framework#SE_X5_FRA_2022,http://purl.org/dmi-framework#Ind_X5,http://purl.org/dmi-framework#Country_FRA,http://purl.org/dmi-framework#Phase_Acquire,http://purl.org/dmi-framework#Source_ncsi,http://purl.org/dmi-framework#Prov_official
FRA,2023,developed_eu,X5,89.17,official,ncsi,curated_snapshot,acquire,http://purl.org/dmi-framework#SE_X5_FRA_2023,http://purl.org/dmi-framework#Ind_X5,http://purl.org/dmi-framework#Country_FRA,http://purl.org/dmi-framework#Phase_Acquire,http://purl.org/dmi-framework#Source_ncsi,http://purl.org/dmi-framework#Prov_official
FRA,2024,developed_eu,X5,89.17,carried_forward,ncsi,curated_snapshot,acquire,http://purl.org/dmi-framework#SE_X5_FRA_2024,http://purl.org/dmi-framework#Ind_X5,http://purl.org/dmi-framework#Country_FRA,http://purl.org/dmi-framework#Phase_Acquire,http://purl.org/dmi-framework#Source_ncsi,http://purl.org/dmi-framework#Prov_carried_forward
FRA,2025,developed_eu,X5,89.17,carried_forward,ncsi,curated_snapshot,acquire,http://purl.org/dmi-framework#SE_X5_FRA_2025,http://purl.org/dmi-framework#Ind_X5,http://purl.org/dmi-framework#Country_FRA,http://purl.org/dmi-framework#Phase_Acquire,http://purl.org/dmi-framework#Source_ncsi,http://purl.org/dmi-framework#Prov_carried_forward
GBR,2012,developed_eu,X5,,missing,ncsi,curated_snapshot,acquire,http://purl.org/dmi-framework#SE_X5_GBR_2012,http://purl.org/dmi-framework#Ind_X5,http://purl.org/dmi-framework#Country_GBR,http://purl.org/dmi-framework#Phase_Acquire,http://purl.org/dmi-framework#Source_ncsi,http://purl.org/dmi-framework#Prov_missing
GBR,2013,developed_eu,X5,,missing,ncsi,curated_snapshot,acquire,http://purl.org/dmi-framework#SE_X5_GBR_2013,http://purl.org/dmi-framework#Ind_X5,http://purl.org/dmi-framework#Country_GBR,http://purl.org/dmi-framework#Phase_Acquire,http://purl.org/dmi-framework#Source_ncsi,http://purl.org/dmi-framework#Prov_missing
GBR,2014,developed_eu,X5,,missing,ncsi,curated_snapshot,acquire,http://purl.org/dmi-framework#SE_X5_GBR_2014,http://purl.org/dmi-framework#Ind_X5,http://purl.org/dmi-framework#Country_GBR,http://purl.org/dmi-framework#Phase_Acquire,http://purl.org/dmi-framework#Source_ncsi,http://purl.org/dmi-framework#Prov_missing
GBR,2015,developed_eu,X5,,missing,ncsi,curated_snapshot,acquire,http://purl.org/dmi-framework#SE_X5_GBR_2015,http://purl.org/dmi-framework#Ind_X5,http://purl.org/dmi-framework#Country_GBR,http://purl.org/dmi-framework#Phase_Acquire,http://purl.org/dmi-framework#Source_ncsi,http://purl.org/dmi-framework#Prov_missing
GBR,2016,developed_eu,X5,,missing,ncsi,curated_snapshot,acquire,http://purl.org/dmi-framework#SE_X5_GBR_2016,http://purl.org/dmi-framework#Ind_X5,http://purl.org/dmi-framework#Country_GBR,http://purl.org/dmi-framework#Phase_Acquire,http://purl.org/dmi-framework#Source_ncsi,http://purl.org/dmi-framework#Prov_missing
GBR,2017,developed_eu,X5,,missing,ncsi,curated_snapshot,acquire,http://purl.org/dmi-framework#SE_X5_GBR_2017,http://purl.org/dmi-framework#Ind_X5,http://purl.org/dmi-framework#Country_GBR,http://purl.org/dmi-framework#Phase_Acquire,http://purl.org/dmi-framework#Source_ncsi,http://purl.org/dmi-framework#Prov_missing
GBR,2018,developed_eu,X5,,missing,ncsi,curated_snapshot,acquire,http://purl.org/dmi-framework#SE_X5_GBR_2018,http://purl.org/dmi-framework#Ind_X5,http://purl.org/dmi-framework#Country_GBR,http://purl.org/dmi-framework#Phase_Acquire,http://purl.org/dmi-framework#Source_ncsi,http://purl.org/dmi-framework#Prov_missing
GBR,2019,developed_eu,X5,,missing,ncsi,curated_snapshot,acquire,http://purl.org/dmi-framework#SE_X5_GBR_2019,http://purl.org/dmi-framework#Ind_X5,http://purl.org/dmi-framework#Country_GBR,http://purl.org/dmi-framework#Phase_Acquire,http://purl.org/dmi-framework#Source_ncsi,http://purl.org/dmi-framework#Prov_missing
GBR,2020,developed_eu,X5,89.61,carried_forward,ncsi,curated_snapshot,acquire,http://purl.org/dmi-framework#SE_X5_GBR_2020,http://purl.org/dmi-framework#Ind_X5,http://purl.org/dmi-framework#Country_GBR,http://purl.org/dmi-framework#Phase_Acquire,http://purl.org/dmi-framework#Source_ncsi,http://purl.org/dmi-framework#Prov_carried_forward
GBR,2021,developed_eu,X5,89.61,carried_forward,ncsi,curated_snapshot,acquire,http://purl.org/dmi-framework#SE_X5_GBR_2021,http://purl.org/dmi-framework#Ind_X5,http://purl.org/dmi-framework#Country_GBR,http://purl.org/dmi-framework#Phase_Acquire,http://purl.org/dmi-framework#Source_ncsi,http://purl.org/dmi-framework#Prov_carried_forward
GBR,2022,developed_eu,X5,89.61,official,ncsi,curated_snapshot,acquire,http://purl.org/dmi-framework#SE_X5_GBR_2022,http://purl.org/dmi-framework#Ind_X5,http://purl.org/dmi-framework#Country_GBR,http://purl.org/dmi-framework#Phase_Acquire,http://purl.org/dmi-framework#Source_ncsi,http://purl.org/dmi-framework#Prov_official
GBR,2023,developed_eu,X5,80.0,official,ncsi,curated_snapshot,acquire,http://purl.org/dmi-framework#SE_X5_GBR_2023,http://purl.org/dmi-framework#Ind_X5,http://purl.org/dmi-framework#Country_GBR,http://purl.org/dmi-framework#Phase_Acquire,http://purl.org/dmi-framework#Source_ncsi,http://purl.org/dmi-framework#Prov_official
GBR,2024,developed_eu,X5,80.0,carried_forward,ncsi,curated_snapshot,acquire,http://purl.org/dmi-framework#SE_X5_GBR_2024,http://purl.org/dmi-framework#Ind_X5,http://purl.org/dmi-framework#Country_GBR,http://purl.org/dmi-framework#Phase_Acquire,http://purl.org/dmi-framework#Source_ncsi,http://purl.org/dmi-framework#Prov_carried_forward
GBR,2025,developed_eu,X5,80.0,carried_forward,ncsi,curated_snapshot,acquire,http://purl.org/dmi-framework#SE_X5_GBR_2025,http://purl.org/dmi-framework#Ind_X5,http://purl.org/dmi-framework#Country_GBR,http://purl.org/dmi-framework#Phase_Acquire,http://purl.org/dmi-framework#Source_ncsi,http://purl.org/dmi-framework#Prov_carried_forward
IND,2012,developing,X5,,missing,ncsi,curated_snapshot,acquire,http://purl.org/dmi-framework#SE_X5_IND_2012,http://purl.org/dmi-framework#Ind_X5,http://purl.org/dmi-framework#Country_IND,http://purl.org/dmi-framework#Phase_Acquire,http://purl.org/dmi-framework#Source_ncsi,http://purl.org/dmi-framework#Prov_missing
IND,2013,developing,X5,,missing,ncsi,curated_snapshot,acquire,http://purl.org/dmi-framework#SE_X5_IND_2013,http://purl.org/dmi-framework#Ind_X5,http://purl.org/dmi-framework#Country_IND,http://purl.org/dmi-framework#Phase_Acquire,http://purl.org/dmi-framework#Source_ncsi,http://purl.org/dmi-framework#Prov_missing
IND,2014,developing,X5,,missing,ncsi,curated_snapshot,acquire,http://purl.org/dmi-framework#SE_X5_IND_2014,http://purl.org/dmi-framework#Ind_X5,http://purl.org/dmi-framework#Country_IND,http://purl.org/dmi-framework#Phase_Acquire,http://purl.org/dmi-framework#Source_ncsi,http://purl.org/dmi-framework#Prov_missing
IND,2015,developing,X5,,missing,ncsi,curated_snapshot,acquire,http://purl.org/dmi-framework#SE_X5_IND_2015,http://purl.org/dmi-framework#Ind_X5,http://purl.org/dmi-framework#Country_IND,http://purl.org/dmi-framework#Phase_Acquire,http://purl.org/dmi-framework#Source_ncsi,http://purl.org/dmi-framework#Prov_missing
IND,2016,developing,X5,,missing,ncsi,curated_snapshot,acquire,http://purl.org/dmi-framework#SE_X5_IND_2016,http://purl.org/dmi-framework#Ind_X5,http://purl.org/dmi-framework#Country_IND,http://purl.org/dmi-framework#Phase_Acquire,http://purl.org/dmi-framework#Source_ncsi,http://purl.org/dmi-framework#Prov_missing
IND,2017,developing,X5,,missing,ncsi,curated_snapshot,acquire,http://purl.org/dmi-framework#SE_X5_IND_2017,http://purl.org/dmi-framework#Ind_X5,http://purl.org/dmi-framework#Country_IND,http://purl.org/dmi-framework#Phase_Acquire,http://purl.org/dmi-framework#Source_ncsi,http://purl.org/dmi-framework#Prov_missing
IND,2018,developing,X5,,missing,ncsi,curated_snapshot,acquire,http://purl.org/dmi-framework#SE_X5_IND_2018,http://purl.org/dmi-framework#Ind_X5,http://purl.org/dmi-framework#Country_IND,http://purl.org/dmi-framework#Phase_Acquire,http://purl.org/dmi-framework#Source_ncsi,http://purl.org/dmi-framework#Prov_missing
IND,2019,developing,X5,,missing,ncsi,curated_snapshot,acquire,http://purl.org/dmi-framework#SE_X5_IND_2019,http://purl.org/dmi-framework#Ind_X5,http://purl.org/dmi-framework#Country_IND,http://purl.org/dmi-framework#Phase_Acquire,http://purl.org/dmi-framework#Source_ncsi,http://purl.org/dmi-framework#Prov_missing
IND,2020,developing,X5,67.53,carried_forward,ncsi,curated_snapshot,acquire,http://purl.org/dmi-framework#SE_X5_IND_2020,http://purl.org/dmi-framework#Ind_X5,http://purl.org/dmi-framework#Country_IND,http://purl.org/dmi-framework#Phase_Acquire,http://purl.org/dmi-framework#Source_ncsi,http://purl.org/dmi-framework#Prov_carried_forward
IND,2021,developing,X5,67.53,carried_forward,ncsi,curated_snapshot,acquire,http://purl.org/dmi-framework#SE_X5_IND_2021,http://purl.org/dmi-framework#Ind_X5,http://purl.org/dmi-framework#Country_IND,http://purl.org/dmi-framework#Phase_Acquire,http://purl.org/dmi-framework#Source_ncsi,http://purl.org/dmi-framework#Prov_carried_forward
IND,2022,developing,X5,67.53,official,ncsi,curated_snapshot,acquire,http://purl.org/dmi-framework#SE_X5_IND_2022,http://purl.org/dmi-framework#Ind_X5,http://purl.org/dmi-framework#Country_IND,http://purl.org/dmi-framework#Phase_Acquire,http://purl.org/dmi-framework#Source_ncsi,http://purl.org/dmi-framework#Prov_official
IND,2023,developing,X5,75.83,official,ncsi,curated_snapshot,acquire,http://purl.org/dmi-framework#SE_X5_IND_2023,http://purl.org/dmi-framework#Ind_X5,http://purl.org/dmi-framework#Country_IND,http://purl.org/dmi-framework#Phase_Acquire,http://purl.org/dmi-framework#Source_ncsi,http://purl.org/dmi-framework#Prov_official
IND,2024,developing,X5,75.83,carried_forward,ncsi,curated_snapshot,acquire,http://purl.org/dmi-framework#SE_X5_IND_2024,http://purl.org/dmi-framework#Ind_X5,http://purl.org/dmi-framework#Country_IND,http://purl.org/dmi-framework#Phase_Acquire,http://purl.org/dmi-framework#Source_ncsi,http://purl.org/dmi-framework#Prov_carried_forward
IND,2025,developing,X5,75.83,carried_forward,ncsi,curated_snapshot,acquire,http://purl.org/dmi-framework#SE_X5_IND_2025,http://purl.org/dmi-framework#Ind_X5,http://purl.org/dmi-framework#Country_IND,http://purl.org/dmi-framework#Phase_Acquire,http://purl.org/dmi-framework#Source_ncsi,http://purl.org/dmi-framework#Prov_carried_forward
MKD,2012,balkan,X5,,missing,ncsi,curated_snapshot,acquire,http://purl.org/dmi-framework#SE_X5_MKD_2012,http://purl.org/dmi-framework#Ind_X5,http://purl.org/dmi-framework#Country_MKD,http://purl.org/dmi-framework#Phase_Acquire,http://purl.org/dmi-framework#Source_ncsi,http://purl.org/dmi-framework#Prov_missing
MKD,2013,balkan,X5,,missing,ncsi,curated_snapshot,acquire,http://purl.org/dmi-framework#SE_X5_MKD_2013,http://purl.org/dmi-framework#Ind_X5,http://purl.org/dmi-framework#Country_MKD,http://purl.org/dmi-framework#Phase_Acquire,http://purl.org/dmi-framework#Source_ncsi,http://purl.org/dmi-framework#Prov_missing
MKD,2014,balkan,X5,,missing,ncsi,curated_snapshot,acquire,http://purl.org/dmi-framework#SE_X5_MKD_2014,http://purl.org/dmi-framework#Ind_X5,http://purl.org/dmi-framework#Country_MKD,http://purl.org/dmi-framework#Phase_Acquire,http://purl.org/dmi-framework#Source_ncsi,http://purl.org/dmi-framework#Prov_missing
MKD,2015,balkan,X5,,missing,ncsi,curated_snapshot,acquire,http://purl.org/dmi-framework#SE_X5_MKD_2015,http://purl.org/dmi-framework#Ind_X5,http://purl.org/dmi-framework#Country_MKD,http://purl.org/dmi-framework#Phase_Acquire,http://purl.org/dmi-framework#Source_ncsi,http://purl.org/dmi-framework#Prov_missing
MKD,2016,balkan,X5,,missing,ncsi,curated_snapshot,acquire,http://purl.org/dmi-framework#SE_X5_MKD_2016,http://purl.org/dmi-framework#Ind_X5,http://purl.org/dmi-framework#Country_MKD,http://purl.org/dmi-framework#Phase_Acquire,http://purl.org/dmi-framework#Source_ncsi,http://purl.org/dmi-framework#Prov_missing
MKD,2017,balkan,X5,,missing,ncsi,curated_snapshot,acquire,http://purl.org/dmi-framework#SE_X5_MKD_2017,http://purl.org/dmi-framework#Ind_X5,http://purl.org/dmi-framework#Country_MKD,http://purl.org/dmi-framework#Phase_Acquire,http://purl.org/dmi-framework#Source_ncsi,http://purl.org/dmi-framework#Prov_missing
MKD,2018,balkan,X5,,missing,ncsi,curated_snapshot,acquire,http://purl.org/dmi-framework#SE_X5_MKD_2018,http://purl.org/dmi-framework#Ind_X5,http://purl.org/dmi-framework#Country_MKD,http://purl.org/dmi-framework#Phase_Acquire,http://purl.org/dmi-framework#Source_ncsi,http://purl.org/dmi-framework#Prov_missing
MKD,2019,balkan,X5,,missing,ncsi,curated_snapshot,acquire,http://purl.org/dmi-framework#SE_X5_MKD_2019,http://purl.org/dmi-framework#Ind_X5,http://purl.org/dmi-framework#Country_MKD,http://purl.org/dmi-framework#Phase_Acquire,http://purl.org/dmi-framework#Source_ncsi,http://purl.org/dmi-framework#Prov_missing
MKD,2020,balkan,X5,58.44,carried_forward,ncsi,curated_snapshot,acquire,http://purl.org/dmi-framework#SE_X5_MKD_2020,http://purl.org/dmi-framework#Ind_X5,http://purl.org/dmi-framework#Country_MKD,http://purl.org/dmi-framework#Phase_Acquire,http://purl.org/dmi-framework#Source_ncsi,http://purl.org/dmi-framework#Prov_carried_forward
MKD,2021,balkan,X5,58.44,carried_forward,ncsi,curated_snapshot,acquire,http://purl.org/dmi-framework#SE_X5_MKD_2021,http://purl.org/dmi-framework#Ind_X5,http://purl.org/dmi-framework#Country_MKD,http://purl.org/dmi-framework#Phase_Acquire,http://purl.org/dmi-framework#Source_ncsi,http://purl.org/dmi-framework#Prov_carried_forward
MKD,2022,balkan,X5,58.44,official,ncsi,curated_snapshot,acquire,http://purl.org/dmi-framework#SE_X5_MKD_2022,http://purl.org/dmi-framework#Ind_X5,http://purl.org/dmi-framework#Country_MKD,http://purl.org/dmi-framework#Phase_Acquire,http://purl.org/dmi-framework#Source_ncsi,http://purl.org/dmi-framework#Prov_official
MKD,2023,balkan,X5,84.17,official,ncsi,curated_snapshot,acquire,http://purl.org/dmi-framework#SE_X5_MKD_2023,http://purl.org/dmi-framework#Ind_X5,http://purl.org/dmi-framework#Country_MKD,http://purl.org/dmi-framework#Phase_Acquire,http://purl.org/dmi-framework#Source_ncsi,http://purl.org/dmi-framework#Prov_official
MKD,2024,balkan,X5,84.17,carried_forward,ncsi,curated_snapshot,acquire,http://purl.org/dmi-framework#SE_X5_MKD_2024,http://purl.org/dmi-framework#Ind_X5,http://purl.org/dmi-framework#Country_MKD,http://purl.org/dmi-framework#Phase_Acquire,http://purl.org/dmi-framework#Source_ncsi,http://purl.org/dmi-framework#Prov_carried_forward
MKD,2025,balkan,X5,84.17,carried_forward,ncsi,curated_snapshot,acquire,http://purl.org/dmi-framework#SE_X5_MKD_2025,http://purl.org/dmi-framework#Ind_X5,http://purl.org/dmi-framework#Country_MKD,http://purl.org/dmi-framework#Phase_Acquire,http://purl.org/dmi-framework#Source_ncsi,http://purl.org/dmi-framework#Prov_carried_forward
SRB,2012,balkan,X5,,missing,ncsi,curated_snapshot,acquire,http://purl.org/dmi-framework#SE_X5_SRB_2012,http://purl.org/dmi-framework#Ind_X5,http://purl.org/dmi-framework#Country_SRB,http://purl.org/dmi-framework#Phase_Acquire,http://purl.org/dmi-framework#Source_ncsi,http://purl.org/dmi-framework#Prov_missing
SRB,2013,balkan,X5,,missing,ncsi,curated_snapshot,acquire,http://purl.org/dmi-framework#SE_X5_SRB_2013,http://purl.org/dmi-framework#Ind_X5,http://purl.org/dmi-framework#Country_SRB,http://purl.org/dmi-framework#Phase_Acquire,http://purl.org/dmi-framework#Source_ncsi,http://purl.org/dmi-framework#Prov_missing
SRB,2014,balkan,X5,,missing,ncsi,curated_snapshot,acquire,http://purl.org/dmi-framework#SE_X5_SRB_2014,http://purl.org/dmi-framework#Ind_X5,http://purl.org/dmi-framework#Country_SRB,http://purl.org/dmi-framework#Phase_Acquire,http://purl.org/dmi-framework#Source_ncsi,http://purl.org/dmi-framework#Prov_missing
SRB,2015,balkan,X5,,missing,ncsi,curated_snapshot,acquire,http://purl.org/dmi-framework#SE_X5_SRB_2015,http://purl.org/dmi-framework#Ind_X5,http://purl.org/dmi-framework#Country_SRB,http://purl.org/dmi-framework#Phase_Acquire,http://purl.org/dmi-framework#Source_ncsi,http://purl.org/dmi-framework#Prov_missing
SRB,2016,balkan,X5,,missing,ncsi,curated_snapshot,acquire,http://purl.org/dmi-framework#SE_X5_SRB_2016,http://purl.org/dmi-framework#Ind_X5,http://purl.org/dmi-framework#Country_SRB,http://purl.org/dmi-framework#Phase_Acquire,http://purl.org/dmi-framework#Source_ncsi,http://purl.org/dmi-framework#Prov_missing
SRB,2017,balkan,X5,,missing,ncsi,curated_snapshot,acquire,http://purl.org/dmi-framework#SE_X5_SRB_2017,http://purl.org/dmi-framework#Ind_X5,http://purl.org/dmi-framework#Country_SRB,http://purl.org/dmi-framework#Phase_Acquire,http://purl.org/dmi-framework#Source_ncsi,http://purl.org/dmi-framework#Prov_missing
SRB,2018,balkan,X5,,missing,ncsi,curated_snapshot,acquire,http://purl.org/dmi-framework#SE_X5_SRB_2018,http://purl.org/dmi-framework#Ind_X5,http://purl.org/dmi-framework#Country_SRB,http://purl.org/dmi-framework#Phase_Acquire,http://purl.org/dmi-framework#Source_ncsi,http://purl.org/dmi-framework#Prov_missing
SRB,2019,balkan,X5,,missing,ncsi,curated_snapshot,acquire,http://purl.org/dmi-framework#SE_X5_SRB_2019,http://purl.org/dmi-framework#Ind_X5,http://purl.org/dmi-framework#Country_SRB,http://purl.org/dmi-framework#Phase_Acquire,http://purl.org/dmi-framework#Source_ncsi,http://purl.org/dmi-framework#Prov_missing
SRB,2020,balkan,X5,80.52,carried_forward,ncsi,curated_snapshot,acquire,http://purl.org/dmi-framework#SE_X5_SRB_2020,http://purl.org/dmi-framework#Ind_X5,http://purl.org/dmi-framework#Country_SRB,http://purl.org/dmi-framework#Phase_Acquire,http://purl.org/dmi-framework#Source_ncsi,http://purl.org/dmi-framework#Prov_carried_forward
SRB,2021,balkan,X5,80.52,carried_forward,ncsi,curated_snapshot,acquire,http://purl.org/dmi-framework#SE_X5_SRB_2021,http://purl.org/dmi-framework#Ind_X5,http://purl.org/dmi-framework#Country_SRB,http://purl.org/dmi-framework#Phase_Acquire,http://purl.org/dmi-framework#Source_ncsi,http://purl.org/dmi-framework#Prov_carried_forward
SRB,2022,balkan,X5,80.52,official,ncsi,curated_snapshot,acquire,http://purl.org/dmi-framework#SE_X5_SRB_2022,http://purl.org/dmi-framework#Ind_X5,http://purl.org/dmi-framework#Country_SRB,http://purl.org/dmi-framework#Phase_Acquire,http://purl.org/dmi-framework#Source_ncsi,http://purl.org/dmi-framework#Prov_official
SRB,2023,balkan,X5,80.83,official,ncsi,curated_snapshot,acquire,http://purl.org/dmi-framework#SE_X5_SRB_2023,http://purl.org/dmi-framework#Ind_X5,http://purl.org/dmi-framework#Country_SRB,http://purl.org/dmi-framework#Phase_Acquire,http://purl.org/dmi-framework#Source_ncsi,http://purl.org/dmi-framework#Prov_official
SRB,2024,balkan,X5,80.83,carried_forward,ncsi,curated_snapshot,acquire,http://purl.org/dmi-framework#SE_X5_SRB_2024,http://purl.org/dmi-framework#Ind_X5,http://purl.org/dmi-framework#Country_SRB,http://purl.org/dmi-framework#Phase_Acquire,http://purl.org/dmi-framework#Source_ncsi,http://purl.org/dmi-framework#Prov_carried_forward
SRB,2025,balkan,X5,80.83,carried_forward,ncsi,curated_snapshot,acquire,http://purl.org/dmi-framework#SE_X5_SRB_2025,http://purl.org/dmi-framework#Ind_X5,http://purl.org/dmi-framework#Country_SRB,http://purl.org/dmi-framework#Phase_Acquire,http://purl.org/dmi-framework#Source_ncsi,http://purl.org/dmi-framework#Prov_carried_forward
SVN,2012,balkan,X5,,missing,ncsi,curated_snapshot,acquire,http://purl.org/dmi-framework#SE_X5_SVN_2012,http://purl.org/dmi-framework#Ind_X5,http://purl.org/dmi-framework#Country_SVN,http://purl.org/dmi-framework#Phase_Acquire,http://purl.org/dmi-framework#Source_ncsi,http://purl.org/dmi-framework#Prov_missing
SVN,2013,balkan,X5,,missing,ncsi,curated_snapshot,acquire,http://purl.org/dmi-framework#SE_X5_SVN_2013,http://purl.org/dmi-framework#Ind_X5,http://purl.org/dmi-framework#Country_SVN,http://purl.org/dmi-framework#Phase_Acquire,http://purl.org/dmi-framework#Source_ncsi,http://purl.org/dmi-framework#Prov_missing
SVN,2014,balkan,X5,,missing,ncsi,curated_snapshot,acquire,http://purl.org/dmi-framework#SE_X5_SVN_2014,http://purl.org/dmi-framework#Ind_X5,http://purl.org/dmi-framework#Country_SVN,http://purl.org/dmi-framework#Phase_Acquire,http://purl.org/dmi-framework#Source_ncsi,http://purl.org/dmi-framework#Prov_missing
SVN,2015,balkan,X5,,missing,ncsi,curated_snapshot,acquire,http://purl.org/dmi-framework#SE_X5_SVN_2015,http://purl.org/dmi-framework#Ind_X5,http://purl.org/dmi-framework#Country_SVN,http://purl.org/dmi-framework#Phase_Acquire,http://purl.org/dmi-framework#Source_ncsi,http://purl.org/dmi-framework#Prov_missing
SVN,2016,balkan,X5,,missing,ncsi,curated_snapshot,acquire,http://purl.org/dmi-framework#SE_X5_SVN_2016,http://purl.org/dmi-framework#Ind_X5,http://purl.org/dmi-framework#Country_SVN,http://purl.org/dmi-framework#Phase_Acquire,http://purl.org/dmi-framework#Source_ncsi,http://purl.org/dmi-framework#Prov_missing
SVN,2017,balkan,X5,,missing,ncsi,curated_snapshot,acquire,http://purl.org/dmi-framework#SE_X5_SVN_2017,http://purl.org/dmi-framework#Ind_X5,http://purl.org/dmi-framework#Country_SVN,http://purl.org/dmi-framework#Phase_Acquire,http://purl.org/dmi-framework#Source_ncsi,http://purl.org/dmi-framework#Prov_missing
SVN,2018,balkan,X5,,missing,ncsi,curated_snapshot,acquire,http://purl.org/dmi-framework#SE_X5_SVN_2018,http://purl.org/dmi-framework#Ind_X5,http://purl.org/dmi-framework#Country_SVN,http://purl.org/dmi-framework#Phase_Acquire,http://purl.org/dmi-framework#Source_ncsi,http://purl.org/dmi-framework#Prov_missing
SVN,2019,balkan,X5,,missing,ncsi,curated_snapshot,acquire,http://purl.org/dmi-framework#SE_X5_SVN_2019,http://purl.org/dmi-framework#Ind_X5,http://purl.org/dmi-framework#Country_SVN,http://purl.org/dmi-framework#Phase_Acquire,http://purl.org/dmi-framework#Source_ncsi,http://purl.org/dmi-framework#Prov_missing
SVN,2020,balkan,X5,67.53,carried_forward,ncsi,curated_snapshot,acquire,http://purl.org/dmi-framework#SE_X5_SVN_2020,http://purl.org/dmi-framework#Ind_X5,http://purl.org/dmi-framework#Country_SVN,http://purl.org/dmi-framework#Phase_Acquire,http://purl.org/dmi-framework#Source_ncsi,http://purl.org/dmi-framework#Prov_carried_forward
SVN,2021,balkan,X5,67.53,carried_forward,ncsi,curated_snapshot,acquire,http://purl.org/dmi-framework#SE_X5_SVN_2021,http://purl.org/dmi-framework#Ind_X5,http://purl.org/dmi-framework#Country_SVN,http://purl.org/dmi-framework#Phase_Acquire,http://purl.org/dmi-framework#Source_ncsi,http://purl.org/dmi-framework#Prov_carried_forward
SVN,2022,balkan,X5,67.53,official,ncsi,curated_snapshot,acquire,http://purl.org/dmi-framework#SE_X5_SVN_2022,http://purl.org/dmi-framework#Ind_X5,http://purl.org/dmi-framework#Country_SVN,http://purl.org/dmi-framework#Phase_Acquire,http://purl.org/dmi-framework#Source_ncsi,http://purl.org/dmi-framework#Prov_official
SVN,2023,balkan,X5,89.17,official,ncsi,curated_snapshot,acquire,http://purl.org/dmi-framework#SE_X5_SVN_2023,http://purl.org/dmi-framework#Ind_X5,http://purl.org/dmi-framework#Country_SVN,http://purl.org/dmi-framework#Phase_Acquire,http://purl.org/dmi-framework#Source_ncsi,http://purl.org/dmi-framework#Prov_official
SVN,2024,balkan,X5,89.17,carried_forward,ncsi,curated_snapshot,acquire,http://purl.org/dmi-framework#SE_X5_SVN_2024,http://purl.org/dmi-framework#Ind_X5,http://purl.org/dmi-framework#Country_SVN,http://purl.org/dmi-framework#Phase_Acquire,http://purl.org/dmi-framework#Source_ncsi,http://purl.org/dmi-framework#Prov_carried_forward
SVN,2025,balkan,X5,89.17,carried_forward,ncsi,curated_snapshot,acquire,http://purl.org/dmi-framework#SE_X5_SVN_2025,http://purl.org/dmi-framework#Ind_X5,http://purl.org/dmi-framework#Country_SVN,http://purl.org/dmi-framework#Phase_Acquire,http://purl.org/dmi-framework#Source_ncsi,http://purl.org/dmi-framework#Prov_carried_forward
USA,2012,developed_non_eu,X5,,missing,ncsi,curated_snapshot,acquire,http://purl.org/dmi-framework#SE_X5_USA_2012,http://purl.org/dmi-framework#Ind_X5,http://purl.org/dmi-framework#Country_USA,http://purl.org/dmi-framework#Phase_Acquire,http://purl.org/dmi-framework#Source_ncsi,http://purl.org/dmi-framework#Prov_missing
USA,2013,developed_non_eu,X5,,missing,ncsi,curated_snapshot,acquire,http://purl.org/dmi-framework#SE_X5_USA_2013,http://purl.org/dmi-framework#Ind_X5,http://purl.org/dmi-framework#Country_USA,http://purl.org/dmi-framework#Phase_Acquire,http://purl.org/dmi-framework#Source_ncsi,http://purl.org/dmi-framework#Prov_missing
USA,2014,developed_non_eu,X5,,missing,ncsi,curated_snapshot,acquire,http://purl.org/dmi-framework#SE_X5_USA_2014,http://purl.org/dmi-framework#Ind_X5,http://purl.org/dmi-framework#Country_USA,http://purl.org/dmi-framework#Phase_Acquire,http://purl.org/dmi-framework#Source_ncsi,http://purl.org/dmi-framework#Prov_missing
USA,2015,developed_non_eu,X5,,missing,ncsi,curated_snapshot,acquire,http://purl.org/dmi-framework#SE_X5_USA_2015,http://purl.org/dmi-framework#Ind_X5,http://purl.org/dmi-framework#Country_USA,http://purl.org/dmi-framework#Phase_Acquire,http://purl.org/dmi-framework#Source_ncsi,http://purl.org/dmi-framework#Prov_missing
USA,2016,developed_non_eu,X5,,missing,ncsi,curated_snapshot,acquire,http://purl.org/dmi-framework#SE_X5_USA_2016,http://purl.org/dmi-framework#Ind_X5,http://purl.org/dmi-framework#Country_USA,http://purl.org/dmi-framework#Phase_Acquire,http://purl.org/dmi-framework#Source_ncsi,http://purl.org/dmi-framework#Prov_missing
USA,2017,developed_non_eu,X5,,missing,ncsi,curated_snapshot,acquire,http://purl.org/dmi-framework#SE_X5_USA_2017,http://purl.org/dmi-framework#Ind_X5,http://purl.org/dmi-framework#Country_USA,http://purl.org/dmi-framework#Phase_Acquire,http://purl.org/dmi-framework#Source_ncsi,http://purl.org/dmi-framework#Prov_missing
USA,2018,developed_non_eu,X5,,missing,ncsi,curated_snapshot,acquire,http://purl.org/dmi-framework#SE_X5_USA_2018,http://purl.org/dmi-framework#Ind_X5,http://purl.org/dmi-framework#Country_USA,http://purl.org/dmi-framework#Phase_Acquire,http://purl.org/dmi-framework#Source_ncsi,http://purl.org/dmi-framework#Prov_missing
USA,2019,developed_non_eu,X5,,missing,ncsi,curated_snapshot,acquire,http://purl.org/dmi-framework#SE_X5_USA_2019,http://purl.org/dmi-framework#Ind_X5,http://purl.org/dmi-framework#Country_USA,http://purl.org/dmi-framework#Phase_Acquire,http://purl.org/dmi-framework#Source_ncsi,http://purl.org/dmi-framework#Prov_missing
USA,2020,developed_non_eu,X5,64.94,carried_forward,ncsi,curated_snapshot,acquire,http://purl.org/dmi-framework#SE_X5_USA_2020,http://purl.org/dmi-framework#Ind_X5,http://purl.org/dmi-framework#Country_USA,http://purl.org/dmi-framework#Phase_Acquire,http://purl.org/dmi-framework#Source_ncsi,http://purl.org/dmi-framework#Prov_carried_forward
USA,2021,developed_non_eu,X5,64.94,carried_forward,ncsi,curated_snapshot,acquire,http://purl.org/dmi-framework#SE_X5_USA_2021,http://purl.org/dmi-framework#Ind_X5,http://purl.org/dmi-framework#Country_USA,http://purl.org/dmi-framework#Phase_Acquire,http://purl.org/dmi-framework#Source_ncsi,http://purl.org/dmi-framework#Prov_carried_forward
USA,2022,developed_non_eu,X5,64.94,official,ncsi,curated_snapshot,acquire,http://purl.org/dmi-framework#SE_X5_USA_2022,http://purl.org/dmi-framework#Ind_X5,http://purl.org/dmi-framework#Country_USA,http://purl.org/dmi-framework#Phase_Acquire,http://purl.org/dmi-framework#Source_ncsi,http://purl.org/dmi-framework#Prov_official
USA,2023,developed_non_eu,X5,84.17,official,ncsi,curated_snapshot,acquire,http://purl.org/dmi-framework#SE_X5_USA_2023,http://purl.org/dmi-framework#Ind_X5,http://purl.org/dmi-framework#Country_USA,http://purl.org/dmi-framework#Phase_Acquire,http://purl.org/dmi-framework#Source_ncsi,http://purl.org/dmi-framework#Prov_official
USA,2024,developed_non_eu,X5,84.17,carried_forward,ncsi,curated_snapshot,acquire,http://purl.org/dmi-framework#SE_X5_USA_2024,http://purl.org/dmi-framework#Ind_X5,http://purl.org/dmi-framework#Country_USA,http://purl.org/dmi-framework#Phase_Acquire,http://purl.org/dmi-framework#Source_ncsi,http://purl.org/dmi-framework#Prov_carried_forward
USA,2025,developed_non_eu,X5,84.17,carried_forward,ncsi,curated_snapshot,acquire,http://purl.org/dmi-framework#SE_X5_USA_2025,http://purl.org/dmi-framework#Ind_X5,http://purl.org/dmi-framework#Country_USA,http://purl.org/dmi-framework#Phase_Acquire,http://purl.org/dmi-framework#Source_ncsi,http://purl.org/dmi-framework#Prov_carried_forward
ARG,2012,developing,X6,37.66,carried_forward,gii,curated_snapshot,acquire,http://purl.org/dmi-framework#SE_X6_ARG_2012,http://purl.org/dmi-framework#Ind_X6,http://purl.org/dmi-framework#Country_ARG,http://purl.org/dmi-framework#Phase_Acquire,http://purl.org/dmi-framework#Source_gii,http://purl.org/dmi-framework#Prov_carried_forward
ARG,2013,developing,X6,37.66,official,gii,curated_snapshot,acquire,http://purl.org/dmi-framework#SE_X6_ARG_2013,http://purl.org/dmi-framework#Ind_X6,http://purl.org/dmi-framework#Country_ARG,http://purl.org/dmi-framework#Phase_Acquire,http://purl.org/dmi-framework#Source_gii,http://purl.org/dmi-framework#Prov_official
ARG,2014,developing,X6,37.66,carried_forward,gii,curated_snapshot,acquire,http://purl.org/dmi-framework#SE_X6_ARG_2014,http://purl.org/dmi-framework#Ind_X6,http://purl.org/dmi-framework#Country_ARG,http://purl.org/dmi-framework#Phase_Acquire,http://purl.org/dmi-framework#Source_gii,http://purl.org/dmi-framework#Prov_carried_forward
ARG,2015,developing,X6,37.66,carried_forward,gii,curated_snapshot,acquire,http://purl.org/dmi-framework#SE_X6_ARG_2015,http://purl.org/dmi-framework#Ind_X6,http://purl.org/dmi-framework#Country_ARG,http://purl.org/dmi-framework#Phase_Acquire,http://purl.org/dmi-framework#Source_gii,http://purl.org/dmi-framework#Prov_carried_forward
ARG,2016,developing,X6,,missing,gii,curated_snapshot,acquire,http://purl.org/dmi-framework#SE_X6_ARG_2016,http://purl.org/dmi-framework#Ind_X6,http://purl.org/dmi-framework#Country_ARG,http://purl.org/dmi-framework#Phase_Acquire,http://purl.org/dmi-framework#Source_gii,http://purl.org/dmi-framework#Prov_missing
ARG,2017,developing,X6,31.95,carried_forward,gii,curated_snapshot,acquire,http://purl.org/dmi-framework#SE_X6_ARG_2017,http://purl.org/dmi-framework#Ind_X6,http://purl.org/dmi-framework#Country_ARG,http://purl.org/dmi-framework#Phase_Acquire,http://purl.org/dmi-framework#Source_gii,http://purl.org/dmi-framework#Prov_carried_forward
ARG,2018,developing,X6,31.95,carried_forward,gii,curated_snapshot,acquire,http://purl.org/dmi-framework#SE_X6_ARG_2018,http://purl.org/dmi-framework#Ind_X6,http://purl.org/dmi-framework#Country_ARG,http://purl.org/dmi-framework#Phase_Acquire,http://purl.org/dmi-framework#Source_gii,http://purl.org/dmi-framework#Prov_carried_forward
ARG,2019,developing,X6,31.95,official,gii,curated_snapshot,acquire,http://purl.org/dmi-framework#SE_X6_ARG_2019,http://purl.org/dmi-framework#Ind_X6,http://purl.org/dmi-framework#Country_ARG,http://purl.org/dmi-framework#Phase_Acquire,http://purl.org/dmi-framework#Source_gii,http://purl.org/dmi-framework#Prov_official
ARG,2020,developing,X6,28.33,official,gii,curated_snapshot,acquire,http://purl.org/dmi-framework#SE_X6_ARG_2020,http://purl.org/dmi-framework#Ind_X6,http://purl.org/dmi-framework#Country_ARG,http://purl.org/dmi-framework#Phase_Acquire,http://purl.org/dmi-framework#Source_gii,http://purl.org/dmi-framework#Prov_official
ARG,2021,developing,X6,29.8,official,gii,curated_snapshot,acquire,http://purl.org/dmi-framework#SE_X6_ARG_2021,http://purl.org/dmi-framework#Ind_X6,http://purl.org/dmi-framework#Country_ARG,http://purl.org/dmi-framework#Phase_Acquire,http://purl.org/dmi-framework#Source_gii,http://purl.org/dmi-framework#Prov_official
ARG,2022,developing,X6,28.6,official,gii,curated_snapshot,acquire,http://purl.org/dmi-framework#SE_X6_ARG_2022,http://purl.org/dmi-framework#Ind_X6,http://purl.org/dmi-framework#Country_ARG,http://purl.org/dmi-framework#Phase_Acquire,http://purl.org/dmi-framework#Source_gii,http://purl.org/dmi-framework#Prov_official
ARG,2023,developing,X6,28.0,official,gii,curated_snapshot,acquire,http://purl.org/dmi-framework#SE_X6_ARG_2023,http://purl.org/dmi-framework#Ind_X6,http://purl.org/dmi-framework#Country_ARG,http://purl.org/dmi-framework#Phase_Acquire,http://purl.org/dmi-framework#Source_gii,http://purl.org/dmi-framework#Prov_official
ARG,2024,developing,X6,28.0,carried_forward,gii,curated_snapshot,acquire,http://purl.org/dmi-framework#SE_X6_ARG_2024,http://purl.org/dmi-framework#Ind_X6,http://purl.org/dmi-framework#Country_ARG,http://purl.org/dmi-framework#Phase_Acquire,http://purl.org/dmi-framework#Source_gii,http://purl.org/dmi-framework#Prov_carried_forward
ARG,2025,developing,X6,28.0,carried_forward,gii,curated_snapshot,acquire,http://purl.org/dmi-framework#SE_X6_ARG_2025,http://purl.org/dmi-framework#Ind_X6,http://purl.org/dmi-framework#Country_ARG,http://purl.org/dmi-framework#Phase_Acquire,http://purl.org/dmi-framework#Source_gii,http://purl.org/dmi-framework#Prov_carried_forward
AUS,2012,developed_non_eu,X6,53.07,carried_forward,gii,curated_snapshot,acquire,http://purl.org/dmi-framework#SE_X6_AUS_2012,http://purl.org/dmi-framework#Ind_X6,http://purl.org/dmi-framework#Country_AUS,http://purl.org/dmi-framework#Phase_Acquire,http://purl.org/dmi-framework#Source_gii,http://purl.org/dmi-framework#Prov_carried_forward
AUS,2013,developed_non_eu,X6,53.07,official,gii,curated_snapshot,acquire,http://purl.org/dmi-framework#SE_X6_AUS_2013,http://purl.org/dmi-framework#Ind_X6,http://purl.org/dmi-framework#Country_AUS,http://purl.org/dmi-framework#Phase_Acquire,http://purl.org/dmi-framework#Source_gii,http://purl.org/dmi-framework#Prov_official
AUS,2014,developed_non_eu,X6,53.07,carried_forward,gii,curated_snapshot,acquire,http://purl.org/dmi-framework#SE_X6_AUS_2014,http://purl.org/dmi-framework#Ind_X6,http://purl.org/dmi-framework#Country_AUS,http://purl.org/dmi-framework#Phase_Acquire,http://purl.org/dmi-framework#Source_gii,http://purl.org/dmi-framework#Prov_carried_forward
AUS,2015,developed_non_eu,X6,53.07,carried_forward,gii,curated_snapshot,acquire,http://purl.org/dmi-framework#SE_X6_AUS_2015,http://purl.org/dmi-framework#Ind_X6,http://purl.org/dmi-framework#Country_AUS,http://purl.org/dmi-framework#Phase_Acquire,http://purl.org/dmi-framework#Source_gii,http://purl.org/dmi-framework#Prov_carried_forward
AUS,2016,developed_non_eu,X6,,missing,gii,curated_snapshot,acquire,http://purl.org/dmi-framework#SE_X6_AUS_2016,http://purl.org/dmi-framework#Ind_X6,http://purl.org/dmi-framework#Country_AUS,http://purl.org/dmi-framework#Phase_Acquire,http://purl.org/dmi-framework#Source_gii,http://purl.org/dmi-framework#Prov_missing
AUS,2017,developed_non_eu,X6,50.34,carried_forward,gii,curated_snapshot,acquire,http://purl.org/dmi-framework#SE_X6_AUS_2017,http://purl.org/dmi-framework#Ind_X6,http://purl.org/dmi-framework#Country_AUS,http://purl.org/dmi-framework#Phase_Acquire,http://purl.org/dmi-framework#Source_gii,http://purl.org/dmi-framework#Prov_carried_forward
AUS,2018,developed_non_eu,X6,50.34,carried_forward,gii,curated_snapshot,acquire,http://purl.org/dmi-framework#SE_X6_AUS_2018,http://purl.org/dmi-framework#Ind_X6,http://purl.org/dmi-framework#Country_AUS,http://purl.org/dmi-framework#Phase_Acquire,http://purl.org/dmi-framework#Source_gii,http://purl.org/dmi-framework#Prov_carried_forward
AUS,2019,developed_non_eu,X6,50.34,official,gii,curated_snapshot,acquire,http://purl.org/dmi-framework#SE_X6_AUS_2019,http://purl.org/dmi-framework#Ind_X6,http://purl.org/dmi-framework#Country_AUS,http://purl.org/dmi-framework#Phase_Acquire,http://purl.org/dmi-framework#Source_gii,http://purl.org/dmi-framework#Prov_official
AUS,2020,developed_non_eu,X6,48.35,official,gii,curated_snapshot,acquire,http://purl.org/dmi-framework#SE_X6_AUS_2020,http://purl.org/dmi-framework#Ind_X6,http://purl.org/dmi-framework#Country_AUS,http://purl.org/dmi-framework#Phase_Acquire,http://purl.org/dmi-framework#Source_gii,http://purl.org/dmi-framework#Prov_official
AUS,2021,developed_non_eu,X6,48.3,official,gii,curated_snapshot,acquire,http://purl.org/dmi-framework#SE_X6_AUS_2021,http://purl.org/dmi-framework#Ind_X6,http://purl.org/dmi-framework#Country_AUS,http://purl.org/dmi-framework#Phase_Acquire,http://purl.org/dmi-framework#Source_gii,http://purl.org/dmi-framework#Prov_official
AUS,2022,developed_non_eu,X6,47.1,official,gii,curated_snapshot,acquire,http://purl.org/dmi-framework#SE_X6_AUS_2022,http://purl.org/dmi-framework#Ind_X6,http://purl.org/dmi-framework#Country_AUS,http://purl.org/dmi-framework#Phase_Acquire,http://purl.org/dmi-framework#Source_gii,http://purl.org/dmi-framework#Prov_official
AUS,2023,developed_non_eu,X6,49.7,official,gii,curated_snapshot,acquire,http://purl.org/dmi-framework#SE_X6_AUS_2023,http://purl.org/dmi-framework#Ind_X6,http://purl.org/dmi-framework#Country_AUS,http://purl.org/dmi-framework#Phase_Acquire,http://purl.org/dmi-framework#Source_gii,http://purl.org/dmi-framework#Prov_official
AUS,2024,developed_non_eu,X6,49.7,carried_forward,gii,curated_snapshot,acquire,http://purl.org/dmi-framework#SE_X6_AUS_2024,http://purl.org/dmi-framework#Ind_X6,http://purl.org/dmi-framework#Country_AUS,http://purl.org/dmi-framework#Phase_Acquire,http://purl.org/dmi-framework#Source_gii,http://purl.org/dmi-framework#Prov_carried_forward
AUS,2025,developed_non_eu,X6,49.7,carried_forward,gii,curated_snapshot,acquire,http://purl.org/dmi-framework#SE_X6_AUS_2025,http://purl.org/dmi-framework#Ind_X6,http://purl.org/dmi-framework#Country_AUS,http://purl.org/dmi-framework#Phase_Acquire,http://purl.org/dmi-framework#Source_gii,http://purl.org/dmi-framework#Prov_carried_forward
BRA,2012,developing,X6,36.33,carried_forward,gii,curated_snapshot,acquire,http://purl.org/dmi-framework#SE_X6_BRA_2012,http://purl.org/dmi-framework#Ind_X6,http://purl.org/dmi-framework#Country_BRA,http://purl.org/dmi-framework#Phase_Acquire,http://purl.org/dmi-framework#Source_gii,http://purl.org/dmi-framework#Prov_carried_forward
BRA,2013,developing,X6,36.33,official,gii,curated_snapshot,acquire,http://purl.org/dmi-framework#SE_X6_BRA_2013,http://purl.org/dmi-framework#Ind_X6,http://purl.org/dmi-framework#Country_BRA,http://purl.org/dmi-framework#Phase_Acquire,http://purl.org/dmi-framework#Source_gii,http://purl.org/dmi-framework#Prov_official
BRA,2014,developing,X6,36.33,carried_forward,gii,curated_snapshot,acquire,http://purl.org/dmi-framework#SE_X6_BRA_2014,http://purl.org/dmi-framework#Ind_X6,http://purl.org/dmi-framework#Country_BRA,http://purl.org/dmi-framework#Phase_Acquire,http://purl.org/dmi-framework#Source_gii,http://purl.org/dmi-framework#Prov_carried_forward
BRA,2015,developing,X6,36.33,carried_forward,gii,curated_snapshot,acquire,http://purl.org/dmi-framework#SE_X6_BRA_2015,http://purl.org/dmi-framework#Ind_X6,http://purl.org/dmi-framework#Country_BRA,http://purl.org/dmi-framework#Phase_Acquire,http://purl.org/dmi-framework#Source_gii,http://purl.org/dmi-framework#Prov_carried_forward
BRA,2016,developing,X6,,missing,gii,curated_snapshot,acquire,http://purl.org/dmi-framework#SE_X6_BRA_2016,http://purl.org/dmi-framework#Ind_X6,http://purl.org/dmi-framework#Country_BRA,http://purl.org/dmi-framework#Phase_Acquire,http://purl.org/dmi-framework#Source_gii,http://purl.org/dmi-framework#Prov_missing
BRA,2017,developing,X6,33.82,carried_forward,gii,curated_snapshot,acquire,http://purl.org/dmi-framework#SE_X6_BRA_2017,http://purl.org/dmi-framework#Ind_X6,http://purl.org/dmi-framework#Country_BRA,http://purl.org/dmi-framework#Phase_Acquire,http://purl.org/dmi-framework#Source_gii,http://purl.org/dmi-framework#Prov_carried_forward
BRA,2018,developing,X6,33.82,carried_forward,gii,curated_snapshot,acquire,http://purl.org/dmi-framework#SE_X6_BRA_2018,http://purl.org/dmi-framework#Ind_X6,http://purl.org/dmi-framework#Country_BRA,http://purl.org/dmi-framework#Phase_Acquire,http://purl.org/dmi-framework#Source_gii,http://purl.org/dmi-framework#Prov_carried_forward
BRA,2019,developing,X6,33.82,official,gii,curated_snapshot,acquire,http://purl.org/dmi-framework#SE_X6_BRA_2019,http://purl.org/dmi-framework#Ind_X6,http://purl.org/dmi-framework#Country_BRA,http://purl.org/dmi-framework#Phase_Acquire,http://purl.org/dmi-framework#Source_gii,http://purl.org/dmi-framework#Prov_official
BRA,2020,developing,X6,31.94,official,gii,curated_snapshot,acquire,http://purl.org/dmi-framework#SE_X6_BRA_2020,http://purl.org/dmi-framework#Ind_X6,http://purl.org/dmi-framework#Country_BRA,http://purl.org/dmi-framework#Phase_Acquire,http://purl.org/dmi-framework#Source_gii,http://purl.org/dmi-framework#Prov_official
BRA,2021,developing,X6,34.2,official,gii,curated_snapshot,acquire,http://purl.org/dmi-framework#SE_X6_BRA_2021,http://purl.org/dmi-framework#Ind_X6,http://purl.org/dmi-framework#Country_BRA,http://purl.org/dmi-framework#Phase_Acquire,http://purl.org/dmi-framework#Source_gii,http://purl.org/dmi-framework#Prov_official
BRA,2022,developing,X6,32.5,official,gii,curated_snapshot,acquire,http://purl.org/dmi-framework#SE_X6_BRA_2022,http://purl.org/dmi-framework#Ind_X6,http://purl.org/dmi-framework#Country_BRA,http://purl.org/dmi-framework#Phase_Acquire,http://purl.org/dmi-framework#Source_gii,http://purl.org/dmi-framework#Prov_official
BRA,2023,developing,X6,33.6,official,gii,curated_snapshot,acquire,http://purl.org/dmi-framework#SE_X6_BRA_2023,http://purl.org/dmi-framework#Ind_X6,http://purl.org/dmi-framework#Country_BRA,http://purl.org/dmi-framework#Phase_Acquire,http://purl.org/dmi-framework#Source_gii,http://purl.org/dmi-framework#Prov_official
BRA,2024,developing,X6,33.6,carried_forward,gii,curated_snapshot,acquire,http://purl.org/dmi-framework#SE_X6_BRA_2024,http://purl.org/dmi-framework#Ind_X6,http://purl.org/dmi-framework#Country_BRA,http://purl.org/dmi-framework#Phase_Acquire,http://purl.org/dmi-framework#Source_gii,http://purl.org/dmi-framework#Prov_carried_forward
BRA,2025,developing,X6,33.6,carried_forward,gii,curated_snapshot,acquire,http://purl.org/dmi-framework#SE_X6_BRA_2025,http://purl.org/dmi-framework#Ind_X6,http://purl.org/dmi-framework#Country_BRA,http://purl.org/dmi-framework#Phase_Acquire,http://purl.org/dmi-framework#Source_gii,http://purl.org/dmi-framework#Prov_carried_forward
CAN,2012,developed_non_eu,X6,57.6,carried_forward,gii,curated_snapshot,acquire,http://purl.org/dmi-framework#SE_X6_CAN_2012,http://purl.org/dmi-framework#Ind_X6,http://purl.org/dmi-framework#Country_CAN,http://purl.org/dmi-framework#Phase_Acquire,http://purl.org/dmi-framework#Source_gii,http://purl.org/dmi-framework#Prov_carried_forward
CAN,2013,developed_non_eu,X6,57.6,official,gii,curated_snapshot,acquire,http://purl.org/dmi-framework#SE_X6_CAN_2013,http://purl.org/dmi-framework#Ind_X6,http://purl.org/dmi-framework#Country_CAN,http://purl.org/dmi-framework#Phase_Acquire,http://purl.org/dmi-framework#Source_gii,http://purl.org/dmi-framework#Prov_official
CAN,2014,developed_non_eu,X6,57.6,carried_forward,gii,curated_snapshot,acquire,http://purl.org/dmi-framework#SE_X6_CAN_2014,http://purl.org/dmi-framework#Ind_X6,http://purl.org/dmi-framework#Country_CAN,http://purl.org/dmi-framework#Phase_Acquire,http://purl.org/dmi-framework#Source_gii,http://purl.org/dmi-framework#Prov_carried_forward
CAN,2015,developed_non_eu,X6,57.6,carried_forward,gii,curated_snapshot,acquire,http://purl.org/dmi-framework#SE_X6_CAN_2015,http://purl.org/dmi-framework#Ind_X6,http://purl.org/dmi-framework#Country_CAN,http://purl.org/dmi-framework#Phase_Acquire,http://purl.org/dmi-framework#Source_gii,http://purl.org/dmi-framework#Prov_carried_forward
CAN,2016,developed_non_eu,X6,,missing,gii,curated_snapshot,acquire,http://purl.org/dmi-framework#SE_X6_CAN_2016,http://purl.org/dmi-framework#Ind_X6,http://purl.org/dmi-framework#Country_CAN,http://purl.org/dmi-framework#Phase_Acquire,http://purl.org/dmi-framework#Source_gii,http://purl.org/dmi-framework#Prov_missing
CAN,2017,developed_non_eu,X6,53.88,carried_forward,gii,curated_snapshot,acquire,http://purl.org/dmi-framework#SE_X6_CAN_2017,http://purl.org/dmi-framework#Ind_X6,http://purl.org/dmi-framework#Country_CAN,http://purl.org/dmi-framework#Phase_Acquire,http://purl.org/dmi-framework#Source_gii,http://purl.org/dmi-framework#Prov_carried_forward
CAN,2018,developed_non_eu,X6,53.88,carried_forward,gii,curated_snapshot,acquire,http://purl.org/dmi-framework#SE_X6_CAN_2018,http://purl.org/dmi-framework#Ind_X6,http://purl.org/dmi-framework#Country_CAN,http://purl.org/dmi-framework#Phase_Acquire,http://purl.org/dmi-framework#Source_gii,http://purl.org/dmi-framework#Prov_carried_forward
CAN,2019,developed_non_eu,X6,53.88,official,gii,curated_snapshot,acquire,http://purl.org/dmi-framework#SE_X6_CAN_2019,http://purl.org/dmi-framework#Ind_X6,http://purl.org/dmi-framework#Country_CAN,http://purl.org/dmi-framework#Phase_Acquire,http://purl.org/dmi-framework#Source_gii,http://purl.org/dmi-framework#Prov_official
CAN,2020,developed_non_eu,X6,52.26,official,gii,curated_snapshot,acquire,http://purl.org/dmi-framework#SE_X6_CAN_2020,http://purl.org/dmi-framework#Ind_X6,http://purl.org/dmi-framework#Country_CAN,http://purl.org/dmi-framework#Phase_Acquire,http://purl.org/dmi-framework#Source_gii,http://purl.org/dmi-framework#Prov_official
CAN,2021,developed_non_eu,X6,53.1,official,gii,curated_snapshot,acquire,http://purl.org/dmi-framework#SE_X6_CAN_2021,http://purl.org/dmi-framework#Ind_X6,http://purl.org/dmi-framework#Country_CAN,http://purl.org/dmi-framework#Phase_Acquire,http://purl.org/dmi-framework#Source_gii,http://purl.org/dmi-framework#Prov_official
CAN,2022,developed_non_eu,X6,50.8,official,gii,curated_snapshot,acquire,http://purl.org/dmi-framework#SE_X6_CAN_2022,http://purl.org/dmi-framework#Ind_X6,http://purl.org/dmi-framework#Country_CAN,http://purl.org/dmi-framework#Phase_Acquire,http://purl.org/dmi-framework#Source_gii,http://purl.org/dmi-framework#Prov_official
CAN,2023,developed_non_eu,X6,53.8,official,gii,curated_snapshot,acquire,http://purl.org/dmi-framework#SE_X6_CAN_2023,http://purl.org/dmi-framework#Ind_X6,http://purl.org/dmi-framework#Country_CAN,http://purl.org/dmi-framework#Phase_Acquire,http://purl.org/dmi-framework#Source_gii,http://purl.org/dmi-framework#Prov_official
CAN,2024,developed_non_eu,X6,53.8,carried_forward,gii,curated_snapshot,acquire,http://purl.org/dmi-framework#SE_X6_CAN_2024,http://purl.org/dmi-framework#Ind_X6,http://purl.org/dmi-framework#Country_CAN,http://purl.org/dmi-framework#Phase_Acquire,http://purl.org/dmi-framework#Source_gii,http://purl.org/dmi-framework#Prov_carried_forward
CAN,2025,developed_non_eu,X6,53.8,carried_forward,gii,curated_snapshot,acquire,http://purl.org/dmi-framework#SE_X6_CAN_2025,http://purl.org/dmi-framework#Ind_X6,http://purl.org/dmi-framework#Country_CAN,http://purl.org/dmi-framework#Phase_Acquire,http://purl.org/dmi-framework#Source_gii,http://purl.org/dmi-framework#Prov_carried_forward
DEU,2012,developed_eu,X6,55.83,carried_forward,gii,curated_snapshot,acquire,http://purl.org/dmi-framework#SE_X6_DEU_2012,http://purl.org/dmi-framework#Ind_X6,http://purl.org/dmi-framework#Country_DEU,http://purl.org/dmi-framework#Phase_Acquire,http://purl.org/dmi-framework#Source_gii,http://purl.org/dmi-framework#Prov_carried_forward
DEU,2013,developed_eu,X6,55.83,official,gii,curated_snapshot,acquire,http://purl.org/dmi-framework#SE_X6_DEU_2013,http://purl.org/dmi-framework#Ind_X6,http://purl.org/dmi-framework#Country_DEU,http://purl.org/dmi-framework#Phase_Acquire,http://purl.org/dmi-framework#Source_gii,http://purl.org/dmi-framework#Prov_official
DEU,2014,developed_eu,X6,55.83,carried_forward,gii,curated_snapshot,acquire,http://purl.org/dmi-framework#SE_X6_DEU_2014,http://purl.org/dmi-framework#Ind_X6,http://purl.org/dmi-framework#Country_DEU,http://purl.org/dmi-framework#Phase_Acquire,http://purl.org/dmi-framework#Source_gii,http://purl.org/dmi-framework#Prov_carried_forward
DEU,2015,developed_eu,X6,55.83,carried_forward,gii,curated_snapshot,acquire,http://purl.org/dmi-framework#SE_X6_DEU_2015,http://purl.org/dmi-framework#Ind_X6,http://purl.org/dmi-framework#Country_DEU,http://purl.org/dmi-framework#Phase_Acquire,http://purl.org/dmi-framework#Source_gii,http://purl.org/dmi-framework#Prov_carried_forward
DEU,2016,developed_eu,X6,,missing,gii,curated_snapshot,acquire,http://purl.org/dmi-framework#SE_X6_DEU_2016,http://purl.org/dmi-framework#Ind_X6,http://purl.org/dmi-framework#Country_DEU,http://purl.org/dmi-framework#Phase_Acquire,http://purl.org/dmi-framework#Source_gii,http://purl.org/dmi-framework#Prov_missing
DEU,2017,developed_eu,X6,58.19,carried_forward,gii,curated_snapshot,acquire,http://purl.org/dmi-framework#SE_X6_DEU_2017,http://purl.org/dmi-framework#Ind_X6,http://purl.org/dmi-framework#Country_DEU,http://purl.org/dmi-framework#Phase_Acquire,http://purl.org/dmi-framework#Source_gii,http://purl.org/dmi-framework#Prov_carried_forward
DEU,2018,developed_eu,X6,58.19,carried_forward,gii,curated_snapshot,acquire,http://purl.org/dmi-framework#SE_X6_DEU_2018,http://purl.org/dmi-framework#Ind_X6,http://purl.org/dmi-framework#Country_DEU,http://purl.org/dmi-framework#Phase_Acquire,http://purl.org/dmi-framework#Source_gii,http://purl.org/dmi-framework#Prov_carried_forward
DEU,2019,developed_eu,X6,58.19,official,gii,curated_snapshot,acquire,http://purl.org/dmi-framework#SE_X6_DEU_2019,http://purl.org/dmi-framework#Ind_X6,http://purl.org/dmi-framework#Country_DEU,http://purl.org/dmi-framework#Phase_Acquire,http://purl.org/dmi-framework#Source_gii,http://purl.org/dmi-framework#Prov_official
DEU,2020,developed_eu,X6,56.55,official,gii,curated_snapshot,acquire,http://purl.org/dmi-framework#SE_X6_DEU_2020,http://purl.org/dmi-framework#Ind_X6,http://purl.org/dmi-framework#Country_DEU,http://purl.org/dmi-framework#Phase_Acquire,http://purl.org/dmi-framework#Source_gii,http://purl.org/dmi-framework#Prov_official
DEU,2021,developed_eu,X6,57.3,official,gii,curated_snapshot,acquire,http://purl.org/dmi-framework#SE_X6_DEU_2021,http://purl.org/dmi-framework#Ind_X6,http://purl.org/dmi-framework#Country_DEU,http://purl.org/dmi-framework#Phase_Acquire,http://purl.org/dmi-framework#Source_gii,http://purl.org/dmi-framework#Prov_official
DEU,2022,developed_eu,X6,57.2,official,gii,curated_snapshot,acquire,http://purl.org/dmi-framework#SE_X6_DEU_2022,http://purl.org/dmi-framework#Ind_X6,http://purl.org/dmi-framework#Country_DEU,http://purl.org/dmi-framework#Phase_Acquire,http://purl.org/dmi-framework#Source_gii,http://purl.org/dmi-framework#Prov_official
DEU,2023,developed_eu,X6,58.8,official,gii,curated_snapshot,acquire,http://purl.org/dmi-framework#SE_X6_DEU_2023,http://purl.org/dmi-framework#Ind_X6,http://purl.org/dmi-framework#Country_DEU,http://purl.org/dmi-framework#Phase_Acquire,http://purl.org/dmi-framework#Source_gii,http://purl.org/dmi-framework#Prov_official
DEU,2024,developed_eu,X6,58.8,carried_forward,gii,curated_snapshot,acquire,http://purl.org/dmi-framework#SE_X6_DEU_2024,http://purl.org/dmi-framework#Ind_X6,http://purl.org/dmi-framework#Country_DEU,http://purl.org/dmi-framework#Phase_Acquire,http://purl.org/dmi-framework#Source_gii,http://purl.org/dmi-framework#Prov_carried_forward
DEU,2025,developed_eu,X6,58.8,carried_forward,gii,curated_snapshot,acquire,http://purl.org/dmi-framework#SE_X6_DEU_2025,http://purl.org/dmi-framework#Ind_X6,http://purl.org/dmi-framework#Country_DEU,http://purl.org/dmi-framework#Phase_Acquire,http://purl.org/dmi-framework#Source_gii,http://purl.org/dmi-framework#Prov_carried_forward
FRA,2012,developed_eu,X6,52.83,carried_forward,gii,curated_snapshot,acquire,http://purl.org/dmi-framework#SE_X6_FRA_2012,http://purl.org/dmi-framework#Ind_X6,http://purl.org/dmi-framework#Country_FRA,http://purl.org/dmi-framework#Phase_Acquire,http://purl.org/dmi-framework#Source_gii,http://purl.org/dmi-framework#Prov_carried_forward
FRA,2013,developed_eu,X6,52.83,official,gii,curated_snapshot,acquire,http://purl.org/dmi-framework#SE_X6_FRA_2013,http://purl.org/dmi-framework#Ind_X6,http://purl.org/dmi-framework#Country_FRA,http://purl.org/dmi-framework#Phase_Acquire,http://purl.org/dmi-framework#Source_gii,http://purl.org/dmi-framework#Prov_official
FRA,2014,developed_eu,X6,52.83,carried_forward,gii,curated_snapshot,acquire,http://purl.org/dmi-framework#SE_X6_FRA_2014,http://purl.org/dmi-framework#Ind_X6,http://purl.org/dmi-framework#Country_FRA,http://purl.org/dmi-framework#Phase_Acquire,http://purl.org/dmi-framework#Source_gii,http://purl.org/dmi-framework#Prov_carried_forward
FRA,2015,developed_eu,X6,52.83,carried_forward,gii,curated_snapshot,acquire,http://purl.org/dmi-framework#SE_X6_FRA_2015,http://purl.org/dmi-framework#Ind_X6,http://purl.org/dmi-framework#Country_FRA,http://purl.org/dmi-framework#Phase_Acquire,http://purl.org/dmi-framework#Source_gii,http://purl.org/dmi-framework#Prov_carried_forward
FRA,2016,developed_eu,X6,,missing,gii,curated_snapshot,acquire,http://purl.org/dmi-framework#SE_X6_FRA_2016,http://purl.org/dmi-framework#Ind_X6,http://purl.org/dmi-framework#Country_FRA,http://purl.org/dmi-framework#Phase_Acquire,http://purl.org/dmi-framework#Source_gii,http://purl.org/dmi-framework#Prov_missing
FRA,2017,developed_eu,X6,54.25,carried_forward,gii,curated_snapshot,acquire,http://purl.org/dmi-framework#SE_X6_FRA_2017,http://purl.org/dmi-framework#Ind_X6,http://purl.org/dmi-framework#Country_FRA,http://purl.org/dmi-framework#Phase_Acquire,http://purl.org/dmi-framework#Source_gii,http://purl.org/dmi-framework#Prov_carried_forward
FRA,2018,developed_eu,X6,54.25,carried_forward,gii,curated_snapshot,acquire,http://purl.org/dmi-framework#SE_X6_FRA_2018,http://purl.org/dmi-framework#Ind_X6,http://purl.org/dmi-framework#Country_FRA,http://purl.org/dmi-framework#Phase_Acquire,http://purl.org/dmi-framework#Source_gii,http://purl.org/dmi-framework#Prov_carried_forward
FRA,2019,developed_eu,X6,54.25,official,gii,curated_snapshot,acquire,http://purl.org/dmi-framework#SE_X6_FRA_2019,http://purl.org/dmi-framework#Ind_X6,http://purl.org/dmi-framework#Country_FRA,http://purl.org/dmi-framework#Phase_Acquire,http://purl.org/dmi-framework#Source_gii,http://purl.org/dmi-framework#Prov_official
FRA,2020,developed_eu,X6,53.66,official,gii,curated_snapshot,acquire,http://purl.org/dmi-framework#SE_X6_FRA_2020,http://purl.org/dmi-framework#Ind_X6,http://purl.org/dmi-framework#Country_FRA,http://purl.org/dmi-framework#Phase_Acquire,http://purl.org/dmi-framework#Source_gii,http://purl.org/dmi-framework#Prov_official
FRA,2021,developed_eu,X6,55.0,official,gii,curated_snapshot,acquire,http://purl.org/dmi-framework#SE_X6_FRA_2021,http://purl.org/dmi-framework#Ind_X6,http://purl.org/dmi-framework#Country_FRA,http://purl.org/dmi-framework#Phase_Acquire,http://purl.org/dmi-framework#Source_gii,http://purl.org/dmi-framework#Prov_official
FRA,2022,developed_eu,X6,55.0,official,gii,curated_snapshot,acquire,http://purl.org/dmi-framework#SE_X6_FRA_2022,http://purl.org/dmi-framework#Ind_X6,http://purl.org/dmi-framework#Country_FRA,http://purl.org/dmi-framework#Phase_Acquire,http://purl.org/dmi-framework#Source_gii,http://purl.org/dmi-framework#Prov_official
FRA,2023,developed_eu,X6,56.0,official,gii,curated_snapshot,acquire,http://purl.org/dmi-framework#SE_X6_FRA_2023,http://purl.org/dmi-framework#Ind_X6,http://purl.org/dmi-framework#Country_FRA,http://purl.org/dmi-framework#Phase_Acquire,http://purl.org/dmi-framework#Source_gii,http://purl.org/dmi-framework#Prov_official
FRA,2024,developed_eu,X6,56.0,carried_forward,gii,curated_snapshot,acquire,http://purl.org/dmi-framework#SE_X6_FRA_2024,http://purl.org/dmi-framework#Ind_X6,http://purl.org/dmi-framework#Country_FRA,http://purl.org/dmi-framework#Phase_Acquire,http://purl.org/dmi-framework#Source_gii,http://purl.org/dmi-framework#Prov_carried_forward
FRA,2025,developed_eu,X6,56.0,carried_forward,gii,curated_snapshot,acquire,http://purl.org/dmi-framework#SE_X6_FRA_2025,http://purl.org/dmi-framework#Ind_X6,http://purl.org/dmi-framework#Country_FRA,http://purl.org/dmi-framework#Phase_Acquire,http://purl.org/dmi-framework#Source_gii,http://purl.org/dmi-framework#Prov_carried_forward
GBR,2012,developed_eu,X6,61.25,carried_forward,gii,curated_snapshot,acquire,http://purl.org/dmi-framework#SE_X6_GBR_2012,http://purl.org/dmi-framework#Ind_X6,http://purl.org/dmi-framework#Country_GBR,http://purl.org/dmi-framework#Phase_Acquire,http://purl.org/dmi-framework#Source_gii,http://purl.org/dmi-framework#Prov_carried_forward
GBR,2013,developed_eu,X6,61.25,official,gii,curated_snapshot,acquire,http://purl.org/dmi-framework#SE_X6_GBR_2013,http://purl.org/dmi-framework#Ind_X6,http://purl.org/dmi-framework#Country_GBR,http://purl.org/dmi-framework#Phase_Acquire,http://purl.org/dmi-framework#Source_gii,http://purl.org/dmi-framework#Prov_official
GBR,2014,developed_eu,X6,61.25,carried_forward,gii,curated_snapshot,acquire,http://purl.org/dmi-framework#SE_X6_GBR_2014,http://purl.org/dmi-framework#Ind_X6,http://purl.org/dmi-framework#Country_GBR,http://purl.org/dmi-framework#Phase_Acquire,http://purl.org/dmi-framework#Source_gii,http://purl.org/dmi-framework#Prov_carried_forward
GBR,2015,developed_eu,X6,61.25,carried_forward,gii,curated_snapshot,acquire,http://purl.org/dmi-framework#SE_X6_GBR_2015,http://purl.org/dmi-framework#Ind_X6,http://purl.org/dmi-framework#Country_GBR,http://purl.org/dmi-framework#Phase_Acquire,http://purl.org/dmi-framework#Source_gii,http://purl.org/dmi-framework#Prov_carried_forward
GBR,2016,developed_eu,X6,,missing,gii,curated_snapshot,acquire,http://purl.org/dmi-framework#SE_X6_GBR_2016,http://purl.org/dmi-framework#Ind_X6,http://purl.org/dmi-framework#Country_GBR,http://purl.org/dmi-framework#Phase_Acquire,http://purl.org/dmi-framework#Source_gii,http://purl.org/dmi-framework#Prov_missing
GBR,2017,developed_eu,X6,61.3,carried_forward,gii,curated_snapshot,acquire,http://purl.org/dmi-framework#SE_X6_GBR_2017,http://purl.org/dmi-framework#Ind_X6,http://purl.org/dmi-framework#Country_GBR,http://purl.org/dmi-framework#Phase_Acquire,http://purl.org/dmi-framework#Source_gii,http://purl.org/dmi-framework#Prov_carried_forward
GBR,2018,developed_eu,X6,61.3,carried_forward,gii,curated_snapshot,acquire,http://purl.org/dmi-framework#SE_X6_GBR_2018,http://purl.org/dmi-framework#Ind_X6,http://purl.org/dmi-framework#Country_GBR,http://purl.org/dmi-framework#Phase_Acquire,http://purl.org/dmi-framework#Source_gii,http://purl.org/dmi-framework#Prov_carried_forward
GBR,2019,developed_eu,X6,61.3,official,gii,curated_snapshot,acquire,http://purl.org/dmi-framework#SE_X6_GBR_2019,http://purl.org/dmi-framework#Ind_X6,http://purl.org/dmi-framework#Country_GBR,http://purl.org/dmi-framework#Phase_Acquire,http://purl.org/dmi-framework#Source_gii,http://purl.org/dmi-framework#Prov_official
GBR,2020,developed_eu,X6,59.78,official,gii,curated_snapshot,acquire,http://purl.org/dmi-framework#SE_X6_GBR_2020,http://purl.org/dmi-framework#Ind_X6,http://purl.org/dmi-framework#Country_GBR,http://purl.org/dmi-framework#Phase_Acquire,http://purl.org/dmi-framework#Source_gii,http://purl.org/dmi-framework#Prov_official
GBR,2021,developed_eu,X6,59.8,official,gii,curated_snapshot,acquire,http://purl.org/dmi-framework#SE_X6_GBR_2021,http://purl.org/dmi-framework#Ind_X6,http://purl.org/dmi-framework#Country_GBR,http://purl.org/dmi-framework#Phase_Acquire,http://purl.org/dmi-framework#Source_gii,http://purl.org/dmi-framework#Prov_official
GBR,2022,developed_eu,X6,59.7,official,gii,curated_snapshot,acquire,http://purl.org/dmi-framework#SE_X6_GBR_2022,http://purl.org/dmi-framework#Ind_X6,http://purl.org/dmi-framework#Country_GBR,http://purl.org/dmi-framework#Phase_Acquire,http://purl.org/dmi-framework#Source_gii,http://purl.org/dmi-framework#Prov_official
GBR,2023,developed_eu,X6,62.4,official,gii,curated_snapshot,acquire,http://purl.org/dmi-framework#SE_X6_GBR_2023,http://purl.org/dmi-framework#Ind_X6,http://purl.org/dmi-framework#Country_GBR,http://purl.org/dmi-framework#Phase_Acquire,http://purl.org/dmi-framework#Source_gii,http://purl.org/dmi-framework#Prov_official
GBR,2024,developed_eu,X6,62.4,carried_forward,gii,curated_snapshot,acquire,http://purl.org/dmi-framework#SE_X6_GBR_2024,http://purl.org/dmi-framework#Ind_X6,http://purl.org/dmi-framework#Country_GBR,http://purl.org/dmi-framework#Phase_Acquire,http://purl.org/dmi-framework#Source_gii,http://purl.org/dmi-framework#Prov_carried_forward
GBR,2025,developed_eu,X6,62.4,carried_forward,gii,curated_snapshot,acquire,http://purl.org/dmi-framework#SE_X6_GBR_2025,http://purl.org/dmi-framework#Ind_X6,http://purl.org/dmi-framework#Country_GBR,http://purl.org/dmi-framework#Phase_Acquire,http://purl.org/dmi-framework#Source_gii,http://purl.org/dmi-framework#Prov_carried_forward
IND,2012,developing,X6,36.17,carried_forward,gii,curated_snapshot,acquire,http://purl.org/dmi-framework#SE_X6_IND_2012,http://purl.org/dmi-framework#Ind_X6,http://purl.org/dmi-framework#Country_IND,http://purl.org/dmi-framework#Phase_Acquire,http://purl.org/dmi-framework#Source_gii,http://purl.org/dmi-framework#Prov_carried_forward
IND,2013,developing,X6,36.17,official,gii,curated_snapshot,acquire,http://purl.org/dmi-framework#SE_X6_IND_2013,http://purl.org/dmi-framework#Ind_X6,http://purl.org/dmi-framework#Country_IND,http://purl.org/dmi-framework#Phase_Acquire,http://purl.org/dmi-framework#Source_gii,http://purl.org/dmi-framework#Prov_official
IND,2014,developing,X6,36.17,carried_forward,gii,curated_snapshot,acquire,http://purl.org/dmi-framework#SE_X6_IND_2014,http://purl.org/dmi-framework#Ind_X6,http://purl.org/dmi-framework#Country_IND,http://purl.org/dmi-framework#Phase_Acquire,http://purl.org/dmi-framework#Source_gii,http://purl.org/dmi-framework#Prov_carried_forward
IND,2015,developing,X6,36.17,carried_forward,gii,curated_snapshot,acquire,http://purl.org/dmi-framework#SE_X6_IND_2015,http://purl.org/dmi-framework#Ind_X6,http://purl.org/dmi-framework#Country_IND,http://purl.org/dmi-framework#Phase_Acquire,http://purl.org/dmi-framework#Source_gii,http://purl.org/dmi-framework#Prov_carried_forward
IND,2016,developing,X6,,missing,gii,curated_snapshot,acquire,http://purl.org/dmi-framework#SE_X6_IND_2016,http://purl.org/dmi-framework#Ind_X6,http://purl.org/dmi-framework#Country_IND,http://purl.org/dmi-framework#Phase_Acquire,http://purl.org/dmi-framework#Source_gii,http://purl.org/dmi-framework#Prov_missing
IND,2017,developing,X6,36.58,carried_forward,gii,curated_snapshot,acquire,http://purl.org/dmi-framework#SE_X6_IND_2017,http://purl.org/dmi-framework#Ind_X6,http://purl.org/dmi-framework#Country_IND,http://purl.org/dmi-framework#Phase_Acquire,http://purl.org/dmi-framework#Source_gii,http://purl.org/dmi-framework#Prov_carried_forward
IND,2018,developing,X6,36.58,carried_forward,gii,curated_snapshot,acquire,http://purl.org/dmi-framework#SE_X6_IND_2018,http://purl.org/dmi-framework#Ind_X6,http://purl.org/dmi-framework#Country_IND,http://purl.org/dmi-framework#Phase_Acquire,http://purl.org/dmi-framework#Source_gii,http://purl.org/dmi-framework#Prov_carried_forward
IND,2019,developing,X6,36.58,official,gii,curated_snapshot,acquire,http://purl.org/dmi-framework#SE_X6_IND_2019,http://purl.org/dmi-framework#Ind_X6,http://purl.org/dmi-framework#Country_IND,http://purl.org/dmi-framework#Phase_Acquire,http://purl.org/dmi-framework#Source_gii,http://purl.org/dmi-framework#Prov_official
IND,2020,developing,X6,35.59,official,gii,curated_snapshot,acquire,http://purl.org/dmi-framework#SE_X6_IND_2020,http://purl.org/dmi-framework#Ind_X6,http://purl.org/dmi-framework#Country_IND,http://purl.org/dmi-framework#Phase_Acquire,http://purl.org/dmi-framework#Source_gii,http://purl.org/dmi-framework#Prov_official
IND,2021,developing,X6,36.4,official,gii,curated_snapshot,acquire,http://purl.org/dmi-framework#SE_X6_IND_2021,http://purl.org/dmi-framework#Ind_X6,http://purl.org/dmi-framework#Country_IND,http://purl.org/dmi-framework#Phase_Acquire,http://purl.org/dmi-framework#Source_gii,http://purl.org/dmi-framework#Prov_official
IND,2022,developing,X6,36.6,official,gii,curated_snapshot,acquire,http://purl.org/dmi-framework#SE_X6_IND_2022,http://purl.org/dmi-framework#Ind_X6,http://purl.org/dmi-framework#Country_IND,http://purl.org/dmi-framework#Phase_Acquire,http://purl.org/dmi-framework#Source_gii,http://purl.org/dmi-framework#Prov_official
IND,2023,developing,X6,38.1,official,gii,curated_snapshot,acquire,http://purl.org/dmi-framework#SE_X6_IND_2023,http://purl.org/dmi-framework#Ind_X6,http://purl.org/dmi-framework#Country_IND,http://purl.org/dmi-framework#Phase_Acquire,http://purl.org/dmi-framework#Source_gii,http://purl.org/dmi-framework#Prov_official
IND,2024,developing,X6,38.1,carried_forward,gii,curated_snapshot,acquire,http://purl.org/dmi-framework#SE_X6_IND_2024,http://purl.org/dmi-framework#Ind_X6,http://purl.org/dmi-framework#Country_IND,http://purl.org/dmi-framework#Phase_Acquire,http://purl.org/dmi-framework#Source_gii,http://purl.org/dmi-framework#Prov_carried_forward
IND,2025,developing,X6,38.1,carried_forward,gii,curated_snapshot,acquire,http://purl.org/dmi-framework#SE_X6_IND_2025,http://purl.org/dmi-framework#Ind_X6,http://purl.org/dmi-framework#Country_IND,http://purl.org/dmi-framework#Phase_Acquire,http://purl.org/dmi-framework#Source_gii,http://purl.org/dmi-framework#Prov_carried_forward
MKD,2012,balkan,X6,38.18,carried_forward,gii,curated_snapshot,acquire,http://purl.org/dmi-framework#SE_X6_MKD_2012,http://purl.org/dmi-framework#Ind_X6,http://purl.org/dmi-framework#Country_MKD,http://purl.org/dmi-framework#Phase_Acquire,http://purl.org/dmi-framework#Source_gii,http://purl.org/dmi-framework#Prov_carried_forward
MKD,2013,balkan,X6,38.18,official,gii,curated_snapshot,acquire,http://purl.org/dmi-framework#SE_X6_MKD_2013,http://purl.org/dmi-framework#Ind_X6,http://purl.org/dmi-framework#Country_MKD,http://purl.org/dmi-framework#Phase_Acquire,http://purl.org/dmi-framework#Source_gii,http://purl.org/dmi-framework#Prov_official
MKD,2014,balkan,X6,38.18,carried_forward,gii,curated_snapshot,acquire,http://purl.org/dmi-framework#SE_X6_MKD_2014,http://purl.org/dmi-framework#Ind_X6,http://purl.org/dmi-framework#Country_MKD,http://purl.org/dmi-framework#Phase_Acquire,http://purl.org/dmi-framework#Source_gii,http://purl.org/dmi-framework#Prov_carried_forward
MKD,2015,balkan,X6,38.18,carried_forward,gii,curated_snapshot,acquire,http://purl.org/dmi-framework#SE_X6_MKD_2015,http://purl.org/dmi-framework#Ind_X6,http://purl.org/dmi-framework#Country_MKD,http://purl.org/dmi-framework#Phase_Acquire,http://purl.org/dmi-framework#Source_gii,http://purl.org/dmi-framework#Prov_carried_forward
MKD,2016,balkan,X6,,missing,gii,curated_snapshot,acquire,http://purl.org/dmi-framework#SE_X6_MKD_2016,http://purl.org/dmi-framework#Ind_X6,http://purl.org/dmi-framework#Country_MKD,http://purl.org/dmi-framework#Phase_Acquire,http://purl.org/dmi-framework#Source_gii,http://purl.org/dmi-framework#Prov_missing
MKD,2017,balkan,X6,35.29,carried_forward,gii,curated_snapshot,acquire,http://purl.org/dmi-framework#SE_X6_MKD_2017,http://purl.org/dmi-framework#Ind_X6,http://purl.org/dmi-framework#Country_MKD,http://purl.org/dmi-framework#Phase_Acquire,http://purl.org/dmi-framework#Source_gii,http://purl.org/dmi-framework#Prov_carried_forward
MKD,2018,balkan,X6,35.29,carried_forward,gii,curated_snapshot,acquire,http://purl.org/dmi-framework#SE_X6_MKD_2018,http://purl.org/dmi-framework#Ind_X6,http://purl.org/dmi-framework#Country_MKD,http://purl.org/dmi-framework#Phase_Acquire,http://purl.org/dmi-framework#Source_gii,http://purl.org/dmi-framework#Prov_carried_forward
MKD,2019,balkan,X6,35.29,official,gii,curated_snapshot,acquire,http://purl.org/dmi-framework#SE_X6_MKD_2019,http://purl.org/dmi-framework#Ind_X6,http://purl.org/dmi-framework#Country_MKD,http://purl.org/dmi-framework#Phase_Acquire,http://purl.org/dmi-framework#Source_gii,http://purl.org/dmi-framework#Prov_official
MKD,2020,balkan,X6,33.43,official,gii,curated_snapshot,acquire,http://purl.org/dmi-framework#SE_X6_MKD_2020,http://purl.org/dmi-framework#Ind_X6,http://purl.org/dmi-framework#Country_MKD,http://purl.org/dmi-framework#Phase_Acquire,http://purl.org/dmi-framework#Source_gii,http://purl.org/dmi-framework#Prov_official
MKD,2021,balkan,X6,34.1,official,gii,curated_snapshot,acquire,http://purl.org/dmi-framework#SE_X6_MKD_2021,http://purl.org/dmi-framework#Ind_X6,http://purl.org/dmi-framework#Country_MKD,http://purl.org/dmi-framework#Phase_Acquire,http://purl.org/dmi-framework#Source_gii,http://purl.org/dmi-framework#Prov_official
MKD,2022,balkan,X6,28.8,official,gii,curated_snapshot,acquire,http://purl.org/dmi-framework#SE_X6_MKD_2022,http://purl.org/dmi-framework#Ind_X6,http://purl.org/dmi-framework#Country_MKD,http://purl.org/dmi-framework#Phase_Acquire,http://purl.org/dmi-framework#Source_gii,http://purl.org/dmi-framework#Prov_official
MKD,2023,balkan,X6,33.0,official,gii,curated_snapshot,acquire,http://purl.org/dmi-framework#SE_X6_MKD_2023,http://purl.org/dmi-framework#Ind_X6,http://purl.org/dmi-framework#Country_MKD,http://purl.org/dmi-framework#Phase_Acquire,http://purl.org/dmi-framework#Source_gii,http://purl.org/dmi-framework#Prov_official
MKD,2024,balkan,X6,33.0,carried_forward,gii,curated_snapshot,acquire,http://purl.org/dmi-framework#SE_X6_MKD_2024,http://purl.org/dmi-framework#Ind_X6,http://purl.org/dmi-framework#Country_MKD,http://purl.org/dmi-framework#Phase_Acquire,http://purl.org/dmi-framework#Source_gii,http://purl.org/dmi-framework#Prov_carried_forward
MKD,2025,balkan,X6,33.0,carried_forward,gii,curated_snapshot,acquire,http://purl.org/dmi-framework#SE_X6_MKD_2025,http://purl.org/dmi-framework#Ind_X6,http://purl.org/dmi-framework#Country_MKD,http://purl.org/dmi-framework#Phase_Acquire,http://purl.org/dmi-framework#Source_gii,http://purl.org/dmi-framework#Prov_carried_forward
SRB,2012,balkan,X6,37.87,carried_forward,gii,curated_snapshot,acquire,http://purl.org/dmi-framework#SE_X6_SRB_2012,http://purl.org/dmi-framework#Ind_X6,http://purl.org/dmi-framework#Country_SRB,http://purl.org/dmi-framework#Phase_Acquire,http://purl.org/dmi-framework#Source_gii,http://purl.org/dmi-framework#Prov_carried_forward
SRB,2013,balkan,X6,37.87,official,gii,curated_snapshot,acquire,http://purl.org/dmi-framework#SE_X6_SRB_2013,http://purl.org/dmi-framework#Ind_X6,http://purl.org/dmi-framework#Country_SRB,http://purl.org/dmi-framework#Phase_Acquire,http://purl.org/dmi-framework#Source_gii,http://purl.org/dmi-framework#Prov_official
SRB,2014,balkan,X6,37.87,carried_forward,gii,curated_snapshot,acquire,http://purl.org/dmi-framework#SE_X6_SRB_2014,http://purl.org/dmi-framework#Ind_X6,http://purl.org/dmi-framework#Country_SRB,http://purl.org/dmi-framework#Phase_Acquire,http://purl.org/dmi-framework#Source_gii,http://purl.org/dmi-framework#Prov_carried_forward
SRB,2015,balkan,X6,37.87,carried_forward,gii,curated_snapshot,acquire,http://purl.org/dmi-framework#SE_X6_SRB_2015,http://purl.org/dmi-framework#Ind_X6,http://purl.org/dmi-framework#Country_SRB,http://purl.org/dmi-framework#Phase_Acquire,http://purl.org/dmi-framework#Source_gii,http://purl.org/dmi-framework#Prov_carried_forward
SRB,2016,balkan,X6,,missing,gii,curated_snapshot,acquire,http://purl.org/dmi-framework#SE_X6_SRB_2016,http://purl.org/dmi-framework#Ind_X6,http://purl.org/dmi-framework#Country_SRB,http://purl.org/dmi-framework#Phase_Acquire,http://purl.org/dmi-framework#Source_gii,http://purl.org/dmi-framework#Prov_missing
SRB,2017,balkan,X6,35.71,carried_forward,gii,curated_snapshot,acquire,http://purl.org/dmi-framework#SE_X6_SRB_2017,http://purl.org/dmi-framework#Ind_X6,http://purl.org/dmi-framework#Country_SRB,http://purl.org/dmi-framework#Phase_Acquire,http://purl.org/dmi-framework#Source_gii,http://purl.org/dmi-framework#Prov_carried_forward
SRB,2018,balkan,X6,35.71,carried_forward,gii,curated_snapshot,acquire,http://purl.org/dmi-framework#SE_X6_SRB_2018,http://purl.org/dmi-framework#Ind_X6,http://purl.org/dmi-framework#Country_SRB,http://purl.org/dmi-framework#Phase_Acquire,http://purl.org/dmi-framework#Source_gii,http://purl.org/dmi-framework#Prov_carried_forward
SRB,2019,balkan,X6,35.71,official,gii,curated_snapshot,acquire,http://purl.org/dmi-framework#SE_X6_SRB_2019,http://purl.org/dmi-framework#Ind_X6,http://purl.org/dmi-framework#Country_SRB,http://purl.org/dmi-framework#Phase_Acquire,http://purl.org/dmi-framework#Source_gii,http://purl.org/dmi-framework#Prov_official
SRB,2020,balkan,X6,34.33,official,gii,curated_snapshot,acquire,http://purl.org/dmi-framework#SE_X6_SRB_2020,http://purl.org/dmi-framework#Ind_X6,http://purl.org/dmi-framework#Country_SRB,http://purl.org/dmi-framework#Phase_Acquire,http://purl.org/dmi-framework#Source_gii,http://purl.org/dmi-framework#Prov_official
SRB,2021,balkan,X6,35.0,official,gii,curated_snapshot,acquire,http://purl.org/dmi-framework#SE_X6_SRB_2021,http://purl.org/dmi-framework#Ind_X6,http://purl.org/dmi-framework#Country_SRB,http://purl.org/dmi-framework#Phase_Acquire,http://purl.org/dmi-framework#Source_gii,http://purl.org/dmi-framework#Prov_official
SRB,2022,balkan,X6,32.3,official,gii,curated_snapshot,acquire,http://purl.org/dmi-framework#SE_X6_SRB_2022,http://purl.org/dmi-framework#Ind_X6,http://purl.org/dmi-framework#Country_SRB,http://purl.org/dmi-framework#Phase_Acquire,http://purl.org/dmi-framework#Source_gii,http://purl.org/dmi-framework#Prov_official
SRB,2023,balkan,X6,33.1,official,gii,curated_snapshot,acquire,http://purl.org/dmi-framework#SE_X6_SRB_2023,http://purl.org/dmi-framework#Ind_X6,http://purl.org/dmi-framework#Country_SRB,http://purl.org/dmi-framework#Phase_Acquire,http://purl.org/dmi-framework#Source_gii,http://purl.org/dmi-framework#Prov_official
SRB,2024,balkan,X6,33.1,carried_forward,gii,curated_snapshot,acquire,http://purl.org/dmi-framework#SE_X6_SRB_2024,http://purl.org/dmi-framework#Ind_X6,http://purl.org/dmi-framework#Country_SRB,http://purl.org/dmi-framework#Phase_Acquire,http://purl.org/dmi-framework#Source_gii,http://purl.org/dmi-framework#Prov_carried_forward
SRB,2025,balkan,X6,33.1,carried_forward,gii,curated_snapshot,acquire,http://purl.org/dmi-framework#SE_X6_SRB_2025,http://purl.org/dmi-framework#Ind_X6,http://purl.org/dmi-framework#Country_SRB,http://purl.org/dmi-framework#Phase_Acquire,http://purl.org/dmi-framework#Source_gii,http://purl.org/dmi-framework#Prov_carried_forward
SVN,2012,balkan,X6,47.32,carried_forward,gii,curated_snapshot,acquire,http://purl.org/dmi-framework#SE_X6_SVN_2012,http://purl.org/dmi-framework#Ind_X6,http://purl.org/dmi-framework#Country_SVN,http://purl.org/dmi-framework#Phase_Acquire,http://purl.org/dmi-framework#Source_gii,http://purl.org/dmi-framework#Prov_carried_forward
SVN,2013,balkan,X6,47.32,official,gii,curated_snapshot,acquire,http://purl.org/dmi-framework#SE_X6_SVN_2013,http://purl.org/dmi-framework#Ind_X6,http://purl.org/dmi-framework#Country_SVN,http://purl.org/dmi-framework#Phase_Acquire,http://purl.org/dmi-framework#Source_gii,http://purl.org/dmi-framework#Prov_official
SVN,2014,balkan,X6,47.32,carried_forward,gii,curated_snapshot,acquire,http://purl.org/dmi-framework#SE_X6_SVN_2014,http://purl.org/dmi-framework#Ind_X6,http://purl.org/dmi-framework#Country_SVN,http://purl.org/dmi-framework#Phase_Acquire,http://purl.org/dmi-framework#Source_gii,http://purl.org/dmi-framework#Prov_carried_forward
SVN,2015,balkan,X6,47.32,carried_forward,gii,curated_snapshot,acquire,http://purl.org/dmi-framework#SE_X6_SVN_2015,http://purl.org/dmi-framework#Ind_X6,http://purl.org/dmi-framework#Country_SVN,http://purl.org/dmi-framework#Phase_Acquire,http://purl.org/dmi-framework#Source_gii,http://purl.org/dmi-framework#Prov_carried_forward
SVN,2016,balkan,X6,,missing,gii,curated_snapshot,acquire,http://purl.org/dmi-framework#SE_X6_SVN_2016,http://purl.org/dmi-framework#Ind_X6,http://purl.org/dmi-framework#Country_SVN,http://purl.org/dmi-framework#Phase_Acquire,http://purl.org/dmi-framework#Source_gii,http://purl.org/dmi-framework#Prov_missing
SVN,2017,balkan,X6,45.25,carried_forward,gii,curated_snapshot,acquire,http://purl.org/dmi-framework#SE_X6_SVN_2017,http://purl.org/dmi-framework#Ind_X6,http://purl.org/dmi-framework#Country_SVN,http://purl.org/dmi-framework#Phase_Acquire,http://purl.org/dmi-framework#Source_gii,http://purl.org/dmi-framework#Prov_carried_forward
SVN,2018,balkan,X6,45.25,carried_forward,gii,curated_snapshot,acquire,http://purl.org/dmi-framework#SE_X6_SVN_2018,http://purl.org/dmi-framework#Ind_X6,http://purl.org/dmi-framework#Country_SVN,http://purl.org/dmi-framework#Phase_Acquire,http://purl.org/dmi-framework#Source_gii,http://purl.org/dmi-framework#Prov_carried_forward
SVN,2019,balkan,X6,45.25,official,gii,curated_snapshot,acquire,http://purl.org/dmi-framework#SE_X6_SVN_2019,http://purl.org/dmi-framework#Ind_X6,http://purl.org/dmi-framework#Country_SVN,http://purl.org/dmi-framework#Phase_Acquire,http://purl.org/dmi-framework#Source_gii,http://purl.org/dmi-framework#Prov_official
SVN,2020,balkan,X6,42.91,official,gii,curated_snapshot,acquire,http://purl.org/dmi-framework#SE_X6_SVN_2020,http://purl.org/dmi-framework#Ind_X6,http://purl.org/dmi-framework#Country_SVN,http://purl.org/dmi-framework#Phase_Acquire,http://purl.org/dmi-framework#Source_gii,http://purl.org/dmi-framework#Prov_official
SVN,2021,balkan,X6,44.1,official,gii,curated_snapshot,acquire,http://purl.org/dmi-framework#SE_X6_SVN_2021,http://purl.org/dmi-framework#Ind_X6,http://purl.org/dmi-framework#Country_SVN,http://purl.org/dmi-framework#Phase_Acquire,http://purl.org/dmi-framework#Source_gii,http://purl.org/dmi-framework#Prov_official
SVN,2022,balkan,X6,40.6,official,gii,curated_snapshot,acquire,http://purl.org/dmi-framework#SE_X6_SVN_2022,http://purl.org/dmi-framework#Ind_X6,http://purl.org/dmi-framework#Country_SVN,http://purl.org/dmi-framework#Phase_Acquire,http://purl.org/dmi-framework#Source_gii,http://purl.org/dmi-framework#Prov_official
SVN,2023,balkan,X6,42.2,official,gii,curated_snapshot,acquire,http://purl.org/dmi-framework#SE_X6_SVN_2023,http://purl.org/dmi-framework#Ind_X6,http://purl.org/dmi-framework#Country_SVN,http://purl.org/dmi-framework#Phase_Acquire,http://purl.org/dmi-framework#Source_gii,http://purl.org/dmi-framework#Prov_official
SVN,2024,balkan,X6,42.2,carried_forward,gii,curated_snapshot,acquire,http://purl.org/dmi-framework#SE_X6_SVN_2024,http://purl.org/dmi-framework#Ind_X6,http://purl.org/dmi-framework#Country_SVN,http://purl.org/dmi-framework#Phase_Acquire,http://purl.org/dmi-framework#Source_gii,http://purl.org/dmi-framework#Prov_carried_forward
SVN,2025,balkan,X6,42.2,carried_forward,gii,curated_snapshot,acquire,http://purl.org/dmi-framework#SE_X6_SVN_2025,http://purl.org/dmi-framework#Ind_X6,http://purl.org/dmi-framework#Country_SVN,http://purl.org/dmi-framework#Phase_Acquire,http://purl.org/dmi-framework#Source_gii,http://purl.org/dmi-framework#Prov_carried_forward
USA,2012,developed_non_eu,X6,60.31,carried_forward,gii,curated_snapshot,acquire,http://purl.org/dmi-framework#SE_X6_USA_2012,http://purl.org/dmi-framework#Ind_X6,http://purl.org/dmi-framework#Country_USA,http://purl.org/dmi-framework#Phase_Acquire,http://purl.org/dmi-framework#Source_gii,http://purl.org/dmi-framework#Prov_carried_forward
USA,2013,developed_non_eu,X6,60.31,official,gii,curated_snapshot,acquire,http://purl.org/dmi-framework#SE_X6_USA_2013,http://purl.org/dmi-framework#Ind_X6,http://purl.org/dmi-framework#Country_USA,http://purl.org/dmi-framework#Phase_Acquire,http://purl.org/dmi-framework#Source_gii,http://purl.org/dmi-framework#Prov_official
USA,2014,developed_non_eu,X6,60.31,carried_forward,gii,curated_snapshot,acquire,http://purl.org/dmi-framework#SE_X6_USA_2014,http://purl.org/dmi-framework#Ind_X6,http://purl.org/dmi-framework#Country_USA,http://purl.org/dmi-framework#Phase_Acquire,http://purl.org/dmi-framework#Source_gii,http://purl.org/dmi-framework#Prov_carried_forward
USA,2015,developed_non_eu,X6,60.31,carried_forward,gii,curated_snapshot,acquire,http://purl.org/dmi-framework#SE_X6_USA_2015,http://purl.org/dmi-framework#Ind_X6,http://purl.org/dmi-framework#Country_USA,http://purl.org/dmi-framework#Phase_Acquire,http://purl.org/dmi-framework#Source_gii,http://purl.org/dmi-framework#Prov_carried_forward
USA,2016,developed_non_eu,X6,,missing,gii,curated_snapshot,acquire,http://purl.org/dmi-framework#SE_X6_USA_2016,http://purl.org/dmi-framework#Ind_X6,http://purl.org/dmi-framework#Country_USA,http://purl.org/dmi-framework#Phase_Acquire,http://purl.org/dmi-framework#Source_gii,http://purl.org/dmi-framework#Prov_missing
USA,2017,developed_non_eu,X6,61.73,carried_forward,gii,curated_snapshot,acquire,http://purl.org/dmi-framework#SE_X6_USA_2017,http://purl.org/dmi-framework#Ind_X6,http://purl.org/dmi-framework#Country_USA,http://purl.org/dmi-framework#Phase_Acquire,http://purl.org/dmi-framework#Source_gii,http://purl.org/dmi-framework#Prov_carried_forward
USA,2018,developed_non_eu,X6,61.73,carried_forward,gii,curated_snapshot,acquire,http://purl.org/dmi-framework#SE_X6_USA_2018,http://purl.org/dmi-framework#Ind_X6,http://purl.org/dmi-framework#Country_USA,http://purl.org/dmi-framework#Phase_Acquire,http://purl.org/dmi-framework#Source_gii,http://purl.org/dmi-framework#Prov_carried_forward
USA,2019,developed_non_eu,X6,61.73,official,gii,curated_snapshot,acquire,http://purl.org/dmi-framework#SE_X6_USA_2019,http://purl.org/dmi-framework#Ind_X6,http://purl.org/dmi-framework#Country_USA,http://purl.org/dmi-framework#Phase_Acquire,http://purl.org/dmi-framework#Source_gii,http://purl.org/dmi-framework#Prov_official
USA,2020,developed_non_eu,X6,60.56,official,gii,curated_snapshot,acquire,http://purl.org/dmi-framework#SE_X6_USA_2020,http://purl.org/dmi-framework#Ind_X6,http://purl.org/dmi-framework#Country_USA,http://purl.org/dmi-framework#Phase_Acquire,http://purl.org/dmi-framework#Source_gii,http://purl.org/dmi-framework#Prov_official
USA,2021,developed_non_eu,X6,61.3,official,gii,curated_snapshot,acquire,http://purl.org/dmi-framework#SE_X6_USA_2021,http://purl.org/dmi-framework#Ind_X6,http://purl.org/dmi-framework#Country_USA,http://purl.org/dmi-framework#Phase_Acquire,http://purl.org/dmi-framework#Source_gii,http://purl.org/dmi-framework#Prov_official
USA,2022,developed_non_eu,X6,61.8,official,gii,curated_snapshot,acquire,http://purl.org/dmi-framework#SE_X6_USA_2022,http://purl.org/dmi-framework#Ind_X6,http://purl.org/dmi-framework#Country_USA,http://purl.org/dmi-framework#Phase_Acquire,http://purl.org/dmi-framework#Source_gii,http://purl.org/dmi-framework#Prov_official
USA,2023,developed_non_eu,X6,63.5,official,gii,curated_snapshot,acquire,http://purl.org/dmi-framework#SE_X6_USA_2023,http://purl.org/dmi-framework#Ind_X6,http://purl.org/dmi-framework#Country_USA,http://purl.org/dmi-framework#Phase_Acquire,http://purl.org/dmi-framework#Source_gii,http://purl.org/dmi-framework#Prov_official
USA,2024,developed_non_eu,X6,63.5,carried_forward,gii,curated_snapshot,acquire,http://purl.org/dmi-framework#SE_X6_USA_2024,http://purl.org/dmi-framework#Ind_X6,http://purl.org/dmi-framework#Country_USA,http://purl.org/dmi-framework#Phase_Acquire,http://purl.org/dmi-framework#Source_gii,http://purl.org/dmi-framework#Prov_carried_forward
USA,2025,developed_non_eu,X6,63.5,carried_forward,gii,curated_snapshot,acquire,http://purl.org/dmi-framework#SE_X6_USA_2025,http://purl.org/dmi-framework#Ind_X6,http://purl.org/dmi-framework#Country_USA,http://purl.org/dmi-framework#Phase_Acquire,http://purl.org/dmi-framework#Source_gii,http://purl.org/dmi-framework#Prov_carried_forward
ARG,2012,developing,X7,,missing,oxford_insights,curated_snapshot,acquire,http://purl.org/dmi-framework#SE_X7_ARG_2012,http://purl.org/dmi-framework#Ind_X7,http://purl.org/dmi-framework#Country_ARG,http://purl.org/dmi-framework#Phase_Acquire,http://purl.org/dmi-framework#Source_oxford_insights,http://purl.org/dmi-framework#Prov_missing
ARG,2013,developing,X7,,missing,oxford_insights,curated_snapshot,acquire,http://purl.org/dmi-framework#SE_X7_ARG_2013,http://purl.org/dmi-framework#Ind_X7,http://purl.org/dmi-framework#Country_ARG,http://purl.org/dmi-framework#Phase_Acquire,http://purl.org/dmi-framework#Source_oxford_insights,http://purl.org/dmi-framework#Prov_missing
ARG,2014,developing,X7,,missing,oxford_insights,curated_snapshot,acquire,http://purl.org/dmi-framework#SE_X7_ARG_2014,http://purl.org/dmi-framework#Ind_X7,http://purl.org/dmi-framework#Country_ARG,http://purl.org/dmi-framework#Phase_Acquire,http://purl.org/dmi-framework#Source_oxford_insights,http://purl.org/dmi-framework#Prov_missing
ARG,2015,developing,X7,,missing,oxford_insights,curated_snapshot,acquire,http://purl.org/dmi-framework#SE_X7_ARG_2015,http://purl.org/dmi-framework#Ind_X7,http://purl.org/dmi-framework#Country_ARG,http://purl.org/dmi-framework#Phase_Acquire,http://purl.org/dmi-framework#Source_oxford_insights,http://purl.org/dmi-framework#Prov_missing
ARG,2016,developing,X7,,missing,oxford_insights,curated_snapshot,acquire,http://purl.org/dmi-framework#SE_X7_ARG_2016,http://purl.org/dmi-framework#Ind_X7,http://purl.org/dmi-framework#Country_ARG,http://purl.org/dmi-framework#Phase_Acquire,http://purl.org/dmi-framework#Source_oxford_insights,http://purl.org/dmi-framework#Prov_missing
ARG,2017,developing,X7,56.84,carried_forward,oxford_insights,curated_snapshot,acquire,http://purl.org/dmi-framework#SE_X7_ARG_2017,http://purl.org/dmi-framework#Ind_X7,http://purl.org/dmi-framework#Country_ARG,http://purl.org/dmi-framework#Phase_Acquire,http://purl.org/dmi-framework#Source_oxford_insights,http://purl.org/dmi-framework#Prov_carried_forward
ARG,2018,developing,X7,56.84,carried_forward,oxford_insights,curated_snapshot,acquire,http://purl.org/dmi-framework#SE_X7_ARG_2018,http://purl.org/dmi-framework#Ind_X7,http://purl.org/dmi-framework#Country_ARG,http://purl.org/dmi-framework#Phase_Acquire,http://purl.org/dmi-framework#Source_oxford_insights,http://purl.org/dmi-framework#Prov_carried_forward
ARG,2019,developing,X7,56.84,official,oxford_insights,curated_snapshot,acquire,http://purl.org/dmi-framework#SE_X7_ARG_2019,http://purl.org/dmi-framework#Ind_X7,http://purl.org/dmi-framework#Country_ARG,http://purl.org/dmi-framework#Phase_Acquire,http://purl.org/dmi-framework#Source_oxford_insights,http://purl.org/dmi-framework#Prov_official
ARG,2020,developing,X7,50.754,official,oxford_insights,curated_snapshot,acquire,http://purl.org/dmi-framework#SE_X7_ARG_2020,http://purl.org/dmi-framework#Ind_X7,http://purl.org/dmi-framework#Country_ARG,http://purl.org/dmi-framework#Phase_Acquire,http://purl.org/dmi-framework#Source_oxford_insights,http://purl.org/dmi-framework#Prov_official
ARG,2021,developing,X7,50.754,carried_forward,oxford_insights,curated_snapshot,acquire,http://purl.org/dmi-framework#SE_X7_ARG_2021,http://purl.org/dmi-framework#Ind_X7,http://purl.org/dmi-framework#Country_ARG,http://purl.org/dmi-framework#Phase_Acquire,http://purl.org/dmi-framework#Source_oxford_insights,http://purl.org/dmi-framework#Prov_carried_forward
ARG,2022,developing,X7,57.39,official,oxford_insights,curated_snapshot,acquire,http://purl.org/dmi-framework#SE_X7_ARG_2022,http://purl.org/dmi-framework#Ind_X7,http://purl.org/dmi-framework#Country_ARG,http://purl.org/dmi-framework#Phase_Acquire,http://purl.org/dmi-framework#Source_oxford_insights,http://purl.org/dmi-framework#Prov_official
ARG,2023,developing,X7,57.72,official,oxford_insights,curated_snapshot,acquire,http://purl.org/dmi-framework#SE_X7_ARG_2023,http://purl.org/dmi-framework#Ind_X7,http://purl.org/dmi-framework#Country_ARG,http://purl.org/dmi-framework#Phase_Acquire,http://purl.org/dmi-framework#Source_oxford_insights,http://purl.org/dmi-framework#Prov_official
ARG,2024,developing,X7,57.72,carried_forward,oxford_insights,curated_snapshot,acquire,http://purl.org/dmi-framework#SE_X7_ARG_2024,http://purl.org/dmi-framework#Ind_X7,http://purl.org/dmi-framework#Country_ARG,http://purl.org/dmi-framework#Phase_Acquire,http://purl.org/dmi-framework#Source_oxford_insights,http://purl.org/dmi-framework#Prov_carried_forward
ARG,2025,developing,X7,57.72,carried_forward,oxford_insights,curated_snapshot,acquire,http://purl.org/dmi-framework#SE_X7_ARG_2025,http://purl.org/dmi-framework#Ind_X7,http://purl.org/dmi-framework#Country_ARG,http://purl.org/dmi-framework#Phase_Acquire,http://purl.org/dmi-framework#Source_oxford_insights,http://purl.org/dmi-framework#Prov_carried_forward
AUS,2012,developed_non_eu,X7,,missing,oxford_insights,curated_snapshot,acquire,http://purl.org/dmi-framework#SE_X7_AUS_2012,http://purl.org/dmi-framework#Ind_X7,http://purl.org/dmi-framework#Country_AUS,http://purl.org/dmi-framework#Phase_Acquire,http://purl.org/dmi-framework#Source_oxford_insights,http://purl.org/dmi-framework#Prov_missing
AUS,2013,developed_non_eu,X7,,missing,oxford_insights,curated_snapshot,acquire,http://purl.org/dmi-framework#SE_X7_AUS_2013,http://purl.org/dmi-framework#Ind_X7,http://purl.org/dmi-framework#Country_AUS,http://purl.org/dmi-framework#Phase_Acquire,http://purl.org/dmi-framework#Source_oxford_insights,http://purl.org/dmi-framework#Prov_missing
AUS,2014,developed_non_eu,X7,,missing,oxford_insights,curated_snapshot,acquire,http://purl.org/dmi-framework#SE_X7_AUS_2014,http://purl.org/dmi-framework#Ind_X7,http://purl.org/dmi-framework#Country_AUS,http://purl.org/dmi-framework#Phase_Acquire,http://purl.org/dmi-framework#Source_oxford_insights,http://purl.org/dmi-framework#Prov_missing
AUS,2015,developed_non_eu,X7,,missing,oxford_insights,curated_snapshot,acquire,http://purl.org/dmi-framework#SE_X7_AUS_2015,http://purl.org/dmi-framework#Ind_X7,http://purl.org/dmi-framework#Country_AUS,http://purl.org/dmi-framework#Phase_Acquire,http://purl.org/dmi-framework#Source_oxford_insights,http://purl.org/dmi-framework#Prov_missing
AUS,2016,developed_non_eu,X7,,missing,oxford_insights,curated_snapshot,acquire,http://purl.org/dmi-framework#SE_X7_AUS_2016,http://purl.org/dmi-framework#Ind_X7,http://purl.org/dmi-framework#Country_AUS,http://purl.org/dmi-framework#Phase_Acquire,http://purl.org/dmi-framework#Source_oxford_insights,http://purl.org/dmi-framework#Prov_missing
AUS,2017,developed_non_eu,X7,81.25999999999999,carried_forward,oxford_insights,curated_snapshot,acquire,http://purl.org/dmi-framework#SE_X7_AUS_2017,http://purl.org/dmi-framework#Ind_X7,http://purl.org/dmi-framework#Country_AUS,http://purl.org/dmi-framework#Phase_Acquire,http://purl.org/dmi-framework#Source_oxford_insights,http://purl.org/dmi-framework#Prov_carried_forward
AUS,2018,developed_non_eu,X7,81.25999999999999,carried_forward,oxford_insights,curated_snapshot,acquire,http://purl.org/dmi-framework#SE_X7_AUS_2018,http://purl.org/dmi-framework#Ind_X7,http://purl.org/dmi-framework#Country_AUS,http://purl.org/dmi-framework#Phase_Acquire,http://purl.org/dmi-framework#Source_oxford_insights,http://purl.org/dmi-framework#Prov_carried_forward
AUS,2019,developed_non_eu,X7,81.25999999999999,official,oxford_insights,curated_snapshot,acquire,http://purl.org/dmi-framework#SE_X7_AUS_2019,http://purl.org/dmi-framework#Ind_X7,http://purl.org/dmi-framework#Country_AUS,http://purl.org/dmi-framework#Phase_Acquire,http://purl.org/dmi-framework#Source_oxford_insights,http://purl.org/dmi-framework#Prov_official
AUS,2020,developed_non_eu,X7,73.577,official,oxford_insights,curated_snapshot,acquire,http://purl.org/dmi-framework#SE_X7_AUS_2020,http://purl.org/dmi-framework#Ind_X7,http://purl.org/dmi-framework#Country_AUS,http://purl.org/dmi-framework#Phase_Acquire,http://purl.org/dmi-framework#Source_oxford_insights,http://purl.org/dmi-framework#Prov_official
AUS,2021,developed_non_eu,X7,73.577,carried_forward,oxford_insights,curated_snapshot,acquire,http://purl.org/dmi-framework#SE_X7_AUS_2021,http://purl.org/dmi-framework#Ind_X7,http://purl.org/dmi-framework#Country_AUS,http://purl.org/dmi-framework#Phase_Acquire,http://purl.org/dmi-framework#Source_oxford_insights,http://purl.org/dmi-framework#Prov_carried_forward
AUS,2022,developed_non_eu,X7,75.29,official,oxford_insights,curated_snapshot,acquire,http://purl.org/dmi-framework#SE_X7_AUS_2022,http://purl.org/dmi-framework#Ind_X7,http://purl.org/dmi-framework#Country_AUS,http://purl.org/dmi-framework#Phase_Acquire,http://purl.org/dmi-framework#Source_oxford_insights,http://purl.org/dmi-framework#Prov_official
AUS,2023,developed_non_eu,X7,73.89,official,oxford_insights,curated_snapshot,acquire,http://purl.org/dmi-framework#SE_X7_AUS_2023,http://purl.org/dmi-framework#Ind_X7,http://purl.org/dmi-framework#Country_AUS,http://purl.org/dmi-framework#Phase_Acquire,http://purl.org/dmi-framework#Source_oxford_insights,http://purl.org/dmi-framework#Prov_official
AUS,2024,developed_non_eu,X7,73.89,carried_forward,oxford_insights,curated_snapshot,acquire,http://purl.org/dmi-framework#SE_X7_AUS_2024,http://purl.org/dmi-framework#Ind_X7,http://purl.org/dmi-framework#Country_AUS,http://purl.org/dmi-framework#Phase_Acquire,http://purl.org/dmi-framework#Source_oxford_insights,http://purl.org/dmi-framework#Prov_carried_forward
AUS,2025,developed_non_eu,X7,73.89,carried_forward,oxford_insights,curated_snapshot,acquire,http://purl.org/dmi-framework#SE_X7_AUS_2025,http://purl.org/dmi-framework#Ind_X7,http://purl.org/dmi-framework#Country_AUS,http://purl.org/dmi-framework#Phase_Acquire,http://purl.org/dmi-framework#Source_oxford_insights,http://purl.org/dmi-framework#Prov_carried_forward
BRA,2012,developing,X7,,missing,oxford_insights,curated_snapshot,acquire,http://purl.org/dmi-framework#SE_X7_BRA_2012,http://purl.org/dmi-framework#Ind_X7,http://purl.org/dmi-framework#Country_BRA,http://purl.org/dmi-framework#Phase_Acquire,http://purl.org/dmi-framework#Source_oxford_insights,http://purl.org/dmi-framework#Prov_missing
BRA,2013,developing,X7,,missing,oxford_insights,curated_snapshot,acquire,http://purl.org/dmi-framework#SE_X7_BRA_2013,http://purl.org/dmi-framework#Ind_X7,http://purl.org/dmi-framework#Country_BRA,http://purl.org/dmi-framework#Phase_Acquire,http://purl.org/dmi-framework#Source_oxford_insights,http://purl.org/dmi-framework#Prov_missing
BRA,2014,developing,X7,,missing,oxford_insights,curated_snapshot,acquire,http://purl.org/dmi-framework#SE_X7_BRA_2014,http://purl.org/dmi-framework#Ind_X7,http://purl.org/dmi-framework#Country_BRA,http://purl.org/dmi-framework#Phase_Acquire,http://purl.org/dmi-framework#Source_oxford_insights,http://purl.org/dmi-framework#Prov_missing
BRA,2015,developing,X7,,missing,oxford_insights,curated_snapshot,acquire,http://purl.org/dmi-framework#SE_X7_BRA_2015,http://purl.org/dmi-framework#Ind_X7,http://purl.org/dmi-framework#Country_BRA,http://purl.org/dmi-framework#Phase_Acquire,http://purl.org/dmi-framework#Source_oxford_insights,http://purl.org/dmi-framework#Prov_missing
BRA,2016,developing,X7,,missing,oxford_insights,curated_snapshot,acquire,http://purl.org/dmi-framework#SE_X7_BRA_2016,http://purl.org/dmi-framework#Ind_X7,http://purl.org/dmi-framework#Country_BRA,http://purl.org/dmi-framework#Phase_Acquire,http://purl.org/dmi-framework#Source_oxford_insights,http://purl.org/dmi-framework#Prov_missing
BRA,2017,developing,X7,61.57,carried_forward,oxford_insights,curated_snapshot,acquire,http://purl.org/dmi-framework#SE_X7_BRA_2017,http://purl.org/dmi-framework#Ind_X7,http://purl.org/dmi-framework#Country_BRA,http://purl.org/dmi-framework#Phase_Acquire,http://purl.org/dmi-framework#Source_oxford_insights,http://purl.org/dmi-framework#Prov_carried_forward
BRA,2018,developing,X7,61.57,carried_forward,oxford_insights,curated_snapshot,acquire,http://purl.org/dmi-framework#SE_X7_BRA_2018,http://purl.org/dmi-framework#Ind_X7,http://purl.org/dmi-framework#Country_BRA,http://purl.org/dmi-framework#Phase_Acquire,http://purl.org/dmi-framework#Source_oxford_insights,http://purl.org/dmi-framework#Prov_carried_forward
BRA,2019,developing,X7,61.57,official,oxford_insights,curated_snapshot,acquire,http://purl.org/dmi-framework#SE_X7_BRA_2019,http://purl.org/dmi-framework#Ind_X7,http://purl.org/dmi-framework#Country_BRA,http://purl.org/dmi-framework#Phase_Acquire,http://purl.org/dmi-framework#Source_oxford_insights,http://purl.org/dmi-framework#Prov_official
BRA,2020,developing,X7,47.464,official,oxford_insights,curated_snapshot,acquire,http://purl.org/dmi-framework#SE_X7_BRA_2020,http://purl.org/dmi-framework#Ind_X7,http://purl.org/dmi-framework#Country_BRA,http://purl.org/dmi-framework#Phase_Acquire,http://purl.org/dmi-framework#Source_oxford_insights,http://purl.org/dmi-framework#Prov_official
BRA,2021,developing,X7,47.464,carried_forward,oxford_insights,curated_snapshot,acquire,http://purl.org/dmi-framework#SE_X7_BRA_2021,http://purl.org/dmi-framework#Ind_X7,http://purl.org/dmi-framework#Country_BRA,http://purl.org/dmi-framework#Phase_Acquire,http://purl.org/dmi-framework#Source_oxford_insights,http://purl.org/dmi-framework#Prov_carried_forward
BRA,2022,developing,X7,62.37,official,oxford_insights,curated_snapshot,acquire,http://purl.org/dmi-framework#SE_X7_BRA_2022,http://purl.org/dmi-framework#Ind_X7,http://purl.org/dmi-framework#Country_BRA,http://purl.org/dmi-framework#Phase_Acquire,http://purl.org/dmi-framework#Source_oxford_insights,http://purl.org/dmi-framework#Prov_official
BRA,2023,developing,X7,63.7,official,oxford_insights,curated_snapshot,acquire,http://purl.org/dmi-framework#SE_X7_BRA_2023,http://purl.org/dmi-framework#Ind_X7,http://purl.org/dmi-framework#Country_BRA,http://purl.org/dmi-framework#Phase_Acquire,http://purl.org/dmi-framework#Source_oxford_insights,http://purl.org/dmi-framework#Prov_official
BRA,2024,developing,X7,63.7,carried_forward,oxford_insights,curated_snapshot,acquire,http://purl.org/dmi-framework#SE_X7_BRA_2024,http://purl.org/dmi-framework#Ind_X7,http://purl.org/dmi-framework#Country_BRA,http://purl.org/dmi-framework#Phase_Acquire,http://purl.org/dmi-framework#Source_oxford_insights,http://purl.org/dmi-framework#Prov_carried_forward
BRA,2025,developing,X7,63.7,carried_forward,oxford_insights,curated_snapshot,acquire,http://purl.org/dmi-framework#SE_X7_BRA_2025,http://purl.org/dmi-framework#Ind_X7,http://purl.org/dmi-framework#Country_BRA,http://purl.org/dmi-framework#Phase_Acquire,http://purl.org/dmi-framework#Source_oxford_insights,http://purl.org/dmi-framework#Prov_carried_forward
CAN,2012,developed_non_eu,X7,,missing,oxford_insights,curated_snapshot,acquire,http://purl.org/dmi-framework#SE_X7_CAN_2012,http://purl.org/dmi-framework#Ind_X7,http://purl.org/dmi-framework#Country_CAN,http://purl.org/dmi-framework#Phase_Acquire,http://purl.org/dmi-framework#Source_oxford_insights,http://purl.org/dmi-framework#Prov_missing
CAN,2013,developed_non_eu,X7,,missing,oxford_insights,curated_snapshot,acquire,http://purl.org/dmi-framework#SE_X7_CAN_2013,http://purl.org/dmi-framework#Ind_X7,http://purl.org/dmi-framework#Country_CAN,http://purl.org/dmi-framework#Phase_Acquire,http://purl.org/dmi-framework#Source_oxford_insights,http://purl.org/dmi-framework#Prov_missing
CAN,2014,developed_non_eu,X7,,missing,oxford_insights,curated_snapshot,acquire,http://purl.org/dmi-framework#SE_X7_CAN_2014,http://purl.org/dmi-framework#Ind_X7,http://purl.org/dmi-framework#Country_CAN,http://purl.org/dmi-framework#Phase_Acquire,http://purl.org/dmi-framework#Source_oxford_insights,http://purl.org/dmi-framework#Prov_missing
CAN,2015,developed_non_eu,X7,,missing,oxford_insights,curated_snapshot,acquire,http://purl.org/dmi-framework#SE_X7_CAN_2015,http://purl.org/dmi-framework#Ind_X7,http://purl.org/dmi-framework#Country_CAN,http://purl.org/dmi-framework#Phase_Acquire,http://purl.org/dmi-framework#Source_oxford_insights,http://purl.org/dmi-framework#Prov_missing
CAN,2016,developed_non_eu,X7,,missing,oxford_insights,curated_snapshot,acquire,http://purl.org/dmi-framework#SE_X7_CAN_2016,http://purl.org/dmi-framework#Ind_X7,http://purl.org/dmi-framework#Country_CAN,http://purl.org/dmi-framework#Phase_Acquire,http://purl.org/dmi-framework#Source_oxford_insights,http://purl.org/dmi-framework#Prov_missing
CAN,2017,developed_non_eu,X7,86.74,carried_forward,oxford_insights,curated_snapshot,acquire,http://purl.org/dmi-framework#SE_X7_CAN_2017,http://purl.org/dmi-framework#Ind_X7,http://purl.org/dmi-framework#Country_CAN,http://purl.org/dmi-framework#Phase_Acquire,http://purl.org/dmi-framework#Source_oxford_insights,http://purl.org/dmi-framework#Prov_carried_forward
CAN,2018,developed_non_eu,X7,86.74,carried_forward,oxford_insights,curated_snapshot,acquire,http://purl.org/dmi-framework#SE_X7_CAN_2018,http://purl.org/dmi-framework#Ind_X7,http://purl.org/dmi-framework#Country_CAN,http://purl.org/dmi-framework#Phase_Acquire,http://purl.org/dmi-framework#Source_oxford_insights,http://purl.org/dmi-framework#Prov_carried_forward
CAN,2019,developed_non_eu,X7,86.74,official,oxford_insights,curated_snapshot,acquire,http://purl.org/dmi-framework#SE_X7_CAN_2019,http://purl.org/dmi-framework#Ind_X7,http://purl.org/dmi-framework#Country_CAN,http://purl.org/dmi-framework#Phase_Acquire,http://purl.org/dmi-framework#Source_oxford_insights,http://purl.org/dmi-framework#Prov_official
CAN,2020,developed_non_eu,X7,73.158,official,oxford_insights,curated_snapshot,acquire,http://purl.org/dmi-framework#SE_X7_CAN_2020,http://purl.org/dmi-framework#Ind_X7,http://purl.org/dmi-framework#Country_CAN,http://purl.org/dmi-framework#Phase_Acquire,http://purl.org/dmi-framework#Source_oxford_insights,http://purl.org/dmi-framework#Prov_official
CAN,2021,developed_non_eu,X7,73.158,carried_forward,oxford_insights,curated_snapshot,acquire,http://purl.org/dmi-framework#SE_X7_CAN_2021,http://purl.org/dmi-framework#Ind_X7,http://purl.org/dmi-framework#Country_CAN,http://purl.org/dmi-framework#Phase_Acquire,http://purl.org/dmi-framework#Source_oxford_insights,http://purl.org/dmi-framework#Prov_carried_forward
CAN,2022,developed_non_eu,X7,77.39,official,oxford_insights,curated_snapshot,acquire,http://purl.org/dmi-framework#SE_X7_CAN_2022,http://purl.org/dmi-framework#Ind_X7,http://purl.org/dmi-framework#Country_CAN,http://purl.org/dmi-framework#Phase_Acquire,http://purl.org/dmi-framework#Source_oxford_insights,http://purl.org/dmi-framework#Prov_official
CAN,2023,developed_non_eu,X7,77.07,official,oxford_insights,curated_snapshot,acquire,http://purl.org/dmi-framework#SE_X7_CAN_2023,http://purl.org/dmi-framework#Ind_X7,http://purl.org/dmi-framework#Country_CAN,http://purl.org/dmi-framework#Phase_Acquire,http://purl.org/dmi-framework#Source_oxford_insights,http://purl.org/dmi-framework#Prov_official
CAN,2024,developed_non_eu,X7,77.07,carried_forward,oxford_insights,curated_snapshot,acquire,http://purl.org/dmi-framework#SE_X7_CAN_2024,http://purl.org/dmi-framework#Ind_X7,http://purl.org/dmi-framework#Country_CAN,http://purl.org/dmi-framework#Phase_Acquire,http://purl.org/dmi-framework#Source_oxford_insights,http://purl.org/dmi-framework#Prov_carried_forward
CAN,2025,developed_non_eu,X7,77.07,carried_forward,oxford_insights,curated_snapshot,acquire,http://purl.org/dmi-framework#SE_X7_CAN_2025,http://purl.org/dmi-framework#Ind_X7,http://purl.org/dmi-framework#Country_CAN,http://purl.org/dmi-framework#Phase_Acquire,http://purl.org/dmi-framework#Source_oxford_insights,http://purl.org/dmi-framework#Prov_carried_forward
DEU,2012,developed_eu,X7,,missing,oxford_insights,curated_snapshot,acquire,http://purl.org/dmi-framework#SE_X7_DEU_2012,http://purl.org/dmi-framework#Ind_X7,http://purl.org/dmi-framework#Country_DEU,http://purl.org/dmi-framework#Phase_Acquire,http://purl.org/dmi-framework#Source_oxford_insights,http://purl.org/dmi-framework#Prov_missing
DEU,2013,developed_eu,X7,,missing,oxford_insights,curated_snapshot,acquire,http://purl.org/dmi-framework#SE_X7_DEU_2013,http://purl.org/dmi-framework#Ind_X7,http://purl.org/dmi-framework#Country_DEU,http://purl.org/dmi-framework#Phase_Acquire,http://purl.org/dmi-framework#Source_oxford_insights,http://purl.org/dmi-framework#Prov_missing
DEU,2014,developed_eu,X7,,missing,oxford_insights,curated_snapshot,acquire,http://purl.org/dmi-framework#SE_X7_DEU_2014,http://purl.org/dmi-framework#Ind_X7,http://purl.org/dmi-framework#Country_DEU,http://purl.org/dmi-framework#Phase_Acquire,http://purl.org/dmi-framework#Source_oxford_insights,http://purl.org/dmi-framework#Prov_missing
DEU,2015,developed_eu,X7,,missing,oxford_insights,curated_snapshot,acquire,http://purl.org/dmi-framework#SE_X7_DEU_2015,http://purl.org/dmi-framework#Ind_X7,http://purl.org/dmi-framework#Country_DEU,http://purl.org/dmi-framework#Phase_Acquire,http://purl.org/dmi-framework#Source_oxford_insights,http://purl.org/dmi-framework#Prov_missing
DEU,2016,developed_eu,X7,,missing,oxford_insights,curated_snapshot,acquire,http://purl.org/dmi-framework#SE_X7_DEU_2016,http://purl.org/dmi-framework#Ind_X7,http://purl.org/dmi-framework#Country_DEU,http://purl.org/dmi-framework#Phase_Acquire,http://purl.org/dmi-framework#Source_oxford_insights,http://purl.org/dmi-framework#Prov_missing
DEU,2017,developed_eu,X7,88.10000000000001,carried_forward,oxford_insights,curated_snapshot,acquire,http://purl.org/dmi-framework#SE_X7_DEU_2017,http://purl.org/dmi-framework#Ind_X7,http://purl.org/dmi-framework#Country_DEU,http://purl.org/dmi-framework#Phase_Acquire,http://purl.org/dmi-framework#Source_oxford_insights,http://purl.org/dmi-framework#Prov_carried_forward
DEU,2018,developed_eu,X7,88.10000000000001,carried_forward,oxford_insights,curated_snapshot,acquire,http://purl.org/dmi-framework#SE_X7_DEU_2018,http://purl.org/dmi-framework#Ind_X7,http://purl.org/dmi-framework#Country_DEU,http://purl.org/dmi-framework#Phase_Acquire,http://purl.org/dmi-framework#Source_oxford_insights,http://purl.org/dmi-framework#Prov_carried_forward
DEU,2019,developed_eu,X7,88.10000000000001,official,oxford_insights,curated_snapshot,acquire,http://purl.org/dmi-framework#SE_X7_DEU_2019,http://purl.org/dmi-framework#Ind_X7,http://purl.org/dmi-framework#Country_DEU,http://purl.org/dmi-framework#Phase_Acquire,http://purl.org/dmi-framework#Source_oxford_insights,http://purl.org/dmi-framework#Prov_official
DEU,2020,developed_eu,X7,78.974,official,oxford_insights,curated_snapshot,acquire,http://purl.org/dmi-framework#SE_X7_DEU_2020,http://purl.org/dmi-framework#Ind_X7,http://purl.org/dmi-framework#Country_DEU,http://purl.org/dmi-framework#Phase_Acquire,http://purl.org/dmi-framework#Source_oxford_insights,http://purl.org/dmi-framework#Prov_official
DEU,2021,developed_eu,X7,78.974,carried_forward,oxford_insights,curated_snapshot,acquire,http://purl.org/dmi-framework#SE_X7_DEU_2021,http://purl.org/dmi-framework#Ind_X7,http://purl.org/dmi-framework#Country_DEU,http://purl.org/dmi-framework#Phase_Acquire,http://purl.org/dmi-framework#Source_oxford_insights,http://purl.org/dmi-framework#Prov_carried_forward
DEU,2022,developed_eu,X7,72.64,official,oxford_insights,curated_snapshot,acquire,http://purl.org/dmi-framework#SE_X7_DEU_2022,http://purl.org/dmi-framework#Ind_X7,http://purl.org/dmi-framework#Country_DEU,http://purl.org/dmi-framework#Phase_Acquire,http://purl.org/dmi-framework#Source_oxford_insights,http://purl.org/dmi-framework#Prov_official
DEU,2023,developed_eu,X7,75.26,official,oxford_insights,curated_snapshot,acquire,http://purl.org/dmi-framework#SE_X7_DEU_2023,http://purl.org/dmi-framework#Ind_X7,http://purl.org/dmi-framework#Country_DEU,http://purl.org/dmi-framework#Phase_Acquire,http://purl.org/dmi-framework#Source_oxford_insights,http://purl.org/dmi-framework#Prov_official
DEU,2024,developed_eu,X7,75.26,carried_forward,oxford_insights,curated_snapshot,acquire,http://purl.org/dmi-framework#SE_X7_DEU_2024,http://purl.org/dmi-framework#Ind_X7,http://purl.org/dmi-framework#Country_DEU,http://purl.org/dmi-framework#Phase_Acquire,http://purl.org/dmi-framework#Source_oxford_insights,http://purl.org/dmi-framework#Prov_carried_forward
DEU,2025,developed_eu,X7,75.26,carried_forward,oxford_insights,curated_snapshot,acquire,http://purl.org/dmi-framework#SE_X7_DEU_2025,http://purl.org/dmi-framework#Ind_X7,http://purl.org/dmi-framework#Country_DEU,http://purl.org/dmi-framework#Phase_Acquire,http://purl.org/dmi-framework#Source_oxford_insights,http://purl.org/dmi-framework#Prov_carried_forward
FRA,2012,developed_eu,X7,,missing,oxford_insights,curated_snapshot,acquire,http://purl.org/dmi-framework#SE_X7_FRA_2012,http://purl.org/dmi-framework#Ind_X7,http://purl.org/dmi-framework#Country_FRA,http://purl.org/dmi-framework#Phase_Acquire,http://purl.org/dmi-framework#Source_oxford_insights,http://purl.org/dmi-framework#Prov_missing
FRA,2013,developed_eu,X7,,missing,oxford_insights,curated_snapshot,acquire,http://purl.org/dmi-framework#SE_X7_FRA_2013,http://purl.org/dmi-framework#Ind_X7,http://purl.org/dmi-framework#Country_FRA,http://purl.org/dmi-framework#Phase_Acquire,http://purl.org/dmi-framework#Source_oxford_insights,http://purl.org/dmi-framework#Prov_missing
FRA,2014,developed_eu,X7,,missing,oxford_insights,curated_snapshot,acquire,http://purl.org/dmi-framework#SE_X7_FRA_2014,http://purl.org/dmi-framework#Ind_X7,http://purl.org/dmi-framework#Country_FRA,http://purl.org/dmi-framework#Phase_Acquire,http://purl.org/dmi-framework#Source_oxford_insights,http://purl.org/dmi-framework#Prov_missing
FRA,2015,developed_eu,X7,,missing,oxford_insights,curated_snapshot,acquire,http://purl.org/dmi-framework#SE_X7_FRA_2015,http://purl.org/dmi-framework#Ind_X7,http://purl.org/dmi-framework#Country_FRA,http://purl.org/dmi-framework#Phase_Acquire,http://purl.org/dmi-framework#Source_oxford_insights,http://purl.org/dmi-framework#Prov_missing
FRA,2016,developed_eu,X7,,missing,oxford_insights,curated_snapshot,acquire,http://purl.org/dmi-framework#SE_X7_FRA_2016,http://purl.org/dmi-framework#Ind_X7,http://purl.org/dmi-framework#Country_FRA,http://purl.org/dmi-framework#Phase_Acquire,http://purl.org/dmi-framework#Source_oxford_insights,http://purl.org/dmi-framework#Prov_missing
FRA,2017,developed_eu,X7,86.08000000000001,carried_forward,oxford_insights,curated_snapshot,acquire,http://purl.org/dmi-framework#SE_X7_FRA_2017,http://purl.org/dmi-framework#Ind_X7,http://purl.org/dmi-framework#Country_FRA,http://purl.org/dmi-framework#Phase_Acquire,http://purl.org/dmi-framework#Source_oxford_insights,http://purl.org/dmi-framework#Prov_carried_forward
FRA,2018,developed_eu,X7,86.08000000000001,carried_forward,oxford_insights,curated_snapshot,acquire,http://purl.org/dmi-framework#SE_X7_FRA_2018,http://purl.org/dmi-framework#Ind_X7,http://purl.org/dmi-framework#Country_FRA,http://purl.org/dmi-framework#Phase_Acquire,http://purl.org/dmi-framework#Source_oxford_insights,http://purl.org/dmi-framework#Prov_carried_forward
FRA,2019,developed_eu,X7,86.08000000000001,official,oxford_insights,curated_snapshot,acquire,http://purl.org/dmi-framework#SE_X7_FRA_2019,http://purl.org/dmi-framework#Ind_X7,http://purl.org/dmi-framework#Country_FRA,http://purl.org/dmi-framework#Phase_Acquire,http://purl.org/dmi-framework#Source_oxford_insights,http://purl.org/dmi-framework#Prov_official
FRA,2020,developed_eu,X7,73.767,official,oxford_insights,curated_snapshot,acquire,http://purl.org/dmi-framework#SE_X7_FRA_2020,http://purl.org/dmi-framework#Ind_X7,http://purl.org/dmi-framework#Country_FRA,http://purl.org/dmi-framework#Phase_Acquire,http://purl.org/dmi-framework#Source_oxford_insights,http://purl.org/dmi-framework#Prov_official
FRA,2021,developed_eu,X7,73.767,carried_forward,oxford_insights,curated_snapshot,acquire,http://purl.org/dmi-framework#SE_X7_FRA_2021,http://purl.org/dmi-framework#Ind_X7,http://purl.org/dmi-framework#Country_FRA,http://purl.org/dmi-framework#Phase_Acquire,http://purl.org/dmi-framework#Source_oxford_insights,http://purl.org/dmi-framework#Prov_carried_forward
FRA,2022,developed_eu,X7,75.78,official,oxford_insights,curated_snapshot,acquire,http://purl.org/dmi-framework#SE_X7_FRA_2022,http://purl.org/dmi-framework#Ind_X7,http://purl.org/dmi-framework#Country_FRA,http://purl.org/dmi-framework#Phase_Acquire,http://purl.org/dmi-framework#Source_oxford_insights,http://purl.org/dmi-framework#Prov_official
FRA,2023,developed_eu,X7,76.07,official,oxford_insights,curated_snapshot,acquire,http://purl.org/dmi-framework#SE_X7_FRA_2023,http://purl.org/dmi-framework#Ind_X7,http://purl.org/dmi-framework#Country_FRA,http://purl.org/dmi-framework#Phase_Acquire,http://purl.org/dmi-framework#Source_oxford_insights,http://purl.org/dmi-framework#Prov_official
FRA,2024,developed_eu,X7,76.07,carried_forward,oxford_insights,curated_snapshot,acquire,http://purl.org/dmi-framework#SE_X7_FRA_2024,http://purl.org/dmi-framework#Ind_X7,http://purl.org/dmi-framework#Country_FRA,http://purl.org/dmi-framework#Phase_Acquire,http://purl.org/dmi-framework#Source_oxford_insights,http://purl.org/dmi-framework#Prov_carried_forward
FRA,2025,developed_eu,X7,76.07,carried_forward,oxford_insights,curated_snapshot,acquire,http://purl.org/dmi-framework#SE_X7_FRA_2025,http://purl.org/dmi-framework#Ind_X7,http://purl.org/dmi-framework#Country_FRA,http://purl.org/dmi-framework#Phase_Acquire,http://purl.org/dmi-framework#Source_oxford_insights,http://purl.org/dmi-framework#Prov_carried_forward
GBR,2012,developed_eu,X7,,missing,oxford_insights,curated_snapshot,acquire,http://purl.org/dmi-framework#SE_X7_GBR_2012,http://purl.org/dmi-framework#Ind_X7,http://purl.org/dmi-framework#Country_GBR,http://purl.org/dmi-framework#Phase_Acquire,http://purl.org/dmi-framework#Source_oxford_insights,http://purl.org/dmi-framework#Prov_missing
GBR,2013,developed_eu,X7,,missing,oxford_insights,curated_snapshot,acquire,http://purl.org/dmi-framework#SE_X7_GBR_2013,http://purl.org/dmi-framework#Ind_X7,http://purl.org/dmi-framework#Country_GBR,http://purl.org/dmi-framework#Phase_Acquire,http://purl.org/dmi-framework#Source_oxford_insights,http://purl.org/dmi-framework#Prov_missing
GBR,2014,developed_eu,X7,,missing,oxford_insights,curated_snapshot,acquire,http://purl.org/dmi-framework#SE_X7_GBR_2014,http://purl.org/dmi-framework#Ind_X7,http://purl.org/dmi-framework#Country_GBR,http://purl.org/dmi-framework#Phase_Acquire,http://purl.org/dmi-framework#Source_oxford_insights,http://purl.org/dmi-framework#Prov_missing
GBR,2015,developed_eu,X7,,missing,oxford_insights,curated_snapshot,acquire,http://purl.org/dmi-framework#SE_X7_GBR_2015,http://purl.org/dmi-framework#Ind_X7,http://purl.org/dmi-framework#Country_GBR,http://purl.org/dmi-framework#Phase_Acquire,http://purl.org/dmi-framework#Source_oxford_insights,http://purl.org/dmi-framework#Prov_missing
GBR,2016,developed_eu,X7,,missing,oxford_insights,curated_snapshot,acquire,http://purl.org/dmi-framework#SE_X7_GBR_2016,http://purl.org/dmi-framework#Ind_X7,http://purl.org/dmi-framework#Country_GBR,http://purl.org/dmi-framework#Phase_Acquire,http://purl.org/dmi-framework#Source_oxford_insights,http://purl.org/dmi-framework#Prov_missing
GBR,2017,developed_eu,X7,90.69000000000001,carried_forward,oxford_insights,curated_snapshot,acquire,http://purl.org/dmi-framework#SE_X7_GBR_2017,http://purl.org/dmi-framework#Ind_X7,http://purl.org/dmi-framework#Country_GBR,http://purl.org/dmi-framework#Phase_Acquire,http://purl.org/dmi-framework#Source_oxford_insights,http://purl.org/dmi-framework#Prov_carried_forward
GBR,2018,developed_eu,X7,90.69000000000001,carried_forward,oxford_insights,curated_snapshot,acquire,http://purl.org/dmi-framework#SE_X7_GBR_2018,http://purl.org/dmi-framework#Ind_X7,http://purl.org/dmi-framework#Country_GBR,http://purl.org/dmi-framework#Phase_Acquire,http://purl.org/dmi-framework#Source_oxford_insights,http://purl.org/dmi-framework#Prov_carried_forward
GBR,2019,developed_eu,X7,90.69000000000001,official,oxford_insights,curated_snapshot,acquire,http://purl.org/dmi-framework#SE_X7_GBR_2019,http://purl.org/dmi-framework#Ind_X7,http://purl.org/dmi-framework#Country_GBR,http://purl.org/dmi-framework#Phase_Acquire,http://purl.org/dmi-framework#Source_oxford_insights,http://purl.org/dmi-framework#Prov_official
GBR,2020,developed_eu,X7,81.124,official,oxford_insights,curated_snapshot,acquire,http://purl.org/dmi-framework#SE_X7_GBR_2020,http://purl.org/dmi-framework#Ind_X7,http://purl.org/dmi-framework#Country_GBR,http://purl.org/dmi-framework#Phase_Acquire,http://purl.org/dmi-framework#Source_oxford_insights,http://purl.org/dmi-framework#Prov_official
GBR,2021,developed_eu,X7,81.124,carried_forward,oxford_insights,curated_snapshot,acquire,http://purl.org/dmi-framework#SE_X7_GBR_2021,http://purl.org/dmi-framework#Ind_X7,http://purl.org/dmi-framework#Country_GBR,http://purl.org/dmi-framework#Phase_Acquire,http://purl.org/dmi-framework#Source_oxford_insights,http://purl.org/dmi-framework#Prov_carried_forward
GBR,2022,developed_eu,X7,78.54,official,oxford_insights,curated_snapshot,acquire,http://purl.org/dmi-framework#SE_X7_GBR_2022,http://purl.org/dmi-framework#Ind_X7,http://purl.org/dmi-framework#Country_GBR,http://purl.org/dmi-framework#Phase_Acquire,http://purl.org/dmi-framework#Source_oxford_insights,http://purl.org/dmi-framework#Prov_official
GBR,2023,developed_eu,X7,78.57,official,oxford_insights,curated_snapshot,acquire,http://purl.org/dmi-framework#SE_X7_GBR_2023,http://purl.org/dmi-framework#Ind_X7,http://purl.org/dmi-framework#Country_GBR,http://purl.org/dmi-framework#Phase_Acquire,http://purl.org/dmi-framework#Source_oxford_insights,http://purl.org/dmi-framework#Prov_official
GBR,2024,developed_eu,X7,78.57,carried_forward,oxford_insights,curated_snapshot,acquire,http://purl.org/dmi-framework#SE_X7_GBR_2024,http://purl.org/dmi-framework#Ind_X7,http://purl.org/dmi-framework#Country_GBR,http://purl.org/dmi-framework#Phase_Acquire,http://purl.org/dmi-framework#Source_oxford_insights,http://purl.org/dmi-framework#Prov_carried_forward
GBR,2025,developed_eu,X7,78.57,carried_forward,oxford_insights,curated_snapshot,acquire,http://purl.org/dmi-framework#SE_X7_GBR_2025,http://purl.org/dmi-framework#Ind_X7,http://purl.org/dmi-framework#Country_GBR,http://purl.org/dmi-framework#Phase_Acquire,http://purl.org/dmi-framework#Source_oxford_insights,http://purl.org/dmi-framework#Prov_carried_forward
IND,2012,developing,X7,,missing,oxford_insights,curated_snapshot,acquire,http://purl.org/dmi-framework#SE_X7_IND_2012,http://purl.org/dmi-framework#Ind_X7,http://purl.org/dmi-framework#Country_IND,http://purl.org/dmi-framework#Phase_Acquire,http://purl.org/dmi-framework#Source_oxford_insights,http://purl.org/dmi-framework#Prov_missing
IND,2013,developing,X7,,missing,oxford_insights,curated_snapshot,acquire,http://purl.org/dmi-framework#SE_X7_IND_2013,http://purl.org/dmi-framework#Ind_X7,http://purl.org/dmi-framework#Country_IND,http://purl.org/dmi-framework#Phase_Acquire,http://purl.org/dmi-framework#Source_oxford_insights,http://purl.org/dmi-framework#Prov_missing
IND,2014,developing,X7,,missing,oxford_insights,curated_snapshot,acquire,http://purl.org/dmi-framework#SE_X7_IND_2014,http://purl.org/dmi-framework#Ind_X7,http://purl.org/dmi-framework#Country_IND,http://purl.org/dmi-framework#Phase_Acquire,http://purl.org/dmi-framework#Source_oxford_insights,http://purl.org/dmi-framework#Prov_missing
IND,2015,developing,X7,,missing,oxford_insights,curated_snapshot,acquire,http://purl.org/dmi-framework#SE_X7_IND_2015,http://purl.org/dmi-framework#Ind_X7,http://purl.org/dmi-framework#Country_IND,http://purl.org/dmi-framework#Phase_Acquire,http://purl.org/dmi-framework#Source_oxford_insights,http://purl.org/dmi-framework#Prov_missing
IND,2016,developing,X7,,missing,oxford_insights,curated_snapshot,acquire,http://purl.org/dmi-framework#SE_X7_IND_2016,http://purl.org/dmi-framework#Ind_X7,http://purl.org/dmi-framework#Country_IND,http://purl.org/dmi-framework#Phase_Acquire,http://purl.org/dmi-framework#Source_oxford_insights,http://purl.org/dmi-framework#Prov_missing
IND,2017,developing,X7,75.14999999999999,carried_forward,oxford_insights,curated_snapshot,acquire,http://purl.org/dmi-framework#SE_X7_IND_2017,http://purl.org/dmi-framework#Ind_X7,http://purl.org/dmi-framework#Country_IND,http://purl.org/dmi-framework#Phase_Acquire,http://purl.org/dmi-framework#Source_oxford_insights,http://purl.org/dmi-framework#Prov_carried_forward
IND,2018,developing,X7,75.14999999999999,carried_forward,oxford_insights,curated_snapshot,acquire,http://purl.org/dmi-framework#SE_X7_IND_2018,http://purl.org/dmi-framework#Ind_X7,http://purl.org/dmi-framework#Country_IND,http://purl.org/dmi-framework#Phase_Acquire,http://purl.org/dmi-framework#Source_oxford_insights,http://purl.org/dmi-framework#Prov_carried_forward
IND,2019,developing,X7,75.14999999999999,official,oxford_insights,curated_snapshot,acquire,http://purl.org/dmi-framework#SE_X7_IND_2019,http://purl.org/dmi-framework#Ind_X7,http://purl.org/dmi-framework#Country_IND,http://purl.org/dmi-framework#Phase_Acquire,http://purl.org/dmi-framework#Source_oxford_insights,http://purl.org/dmi-framework#Prov_official
IND,2020,developing,X7,55.983,official,oxford_insights,curated_snapshot,acquire,http://purl.org/dmi-framework#SE_X7_IND_2020,http://purl.org/dmi-framework#Ind_X7,http://purl.org/dmi-framework#Country_IND,http://purl.org/dmi-framework#Phase_Acquire,http://purl.org/dmi-framework#Source_oxford_insights,http://purl.org/dmi-framework#Prov_official
IND,2021,developing,X7,55.983,carried_forward,oxford_insights,curated_snapshot,acquire,http://purl.org/dmi-framework#SE_X7_IND_2021,http://purl.org/dmi-framework#Ind_X7,http://purl.org/dmi-framework#Country_IND,http://purl.org/dmi-framework#Phase_Acquire,http://purl.org/dmi-framework#Source_oxford_insights,http://purl.org/dmi-framework#Prov_carried_forward
IND,2022,developing,X7,63.67,official,oxford_insights,curated_snapshot,acquire,http://purl.org/dmi-framework#SE_X7_IND_2022,http://purl.org/dmi-framework#Ind_X7,http://purl.org/dmi-framework#Country_IND,http://purl.org/dmi-framework#Phase_Acquire,http://purl.org/dmi-framework#Source_oxford_insights,http://purl.org/dmi-framework#Prov_official
IND,2023,developing,X7,62.58,official,oxford_insights,curated_snapshot,acquire,http://purl.org/dmi-framework#SE_X7_IND_2023,http://purl.org/dmi-framework#Ind_X7,http://purl.org/dmi-framework#Country_IND,http://purl.org/dmi-framework#Phase_Acquire,http://purl.org/dmi-framework#Source_oxford_insights,http://purl.org/dmi-framework#Prov_official
IND,2024,developing,X7,62.58,carried_forward,oxford_insights,curated_snapshot,acquire,http://purl.org/dmi-framework#SE_X7_IND_2024,http://purl.org/dmi-framework#Ind_X7,http://purl.org/dmi-framework#Country_IND,http://purl.org/dmi-framework#Phase_Acquire,http://purl.org/dmi-framework#Source_oxford_insights,http://purl.org/dmi-framework#Prov_carried_forward
IND,2025,developing,X7,62.58,carried_forward,oxford_insights,curated_snapshot,acquire,http://purl.org/dmi-framework#SE_X7_IND_2025,http://purl.org/dmi-framework#Ind_X7,http://purl.org/dmi-framework#Country_IND,http://purl.org/dmi-framework#Phase_Acquire,http://purl.org/dmi-framework#Source_oxford_insights,http://purl.org/dmi-framework#Prov_carried_forward
MKD,2012,balkan,X7,,missing,oxford_insights,curated_snapshot,acquire,http://purl.org/dmi-framework#SE_X7_MKD_2012,http://purl.org/dmi-framework#Ind_X7,http://purl.org/dmi-framework#Country_MKD,http://purl.org/dmi-framework#Phase_Acquire,http://purl.org/dmi-framework#Source_oxford_insights,http://purl.org/dmi-framework#Prov_missing
MKD,2013,balkan,X7,,missing,oxford_insights,curated_snapshot,acquire,http://purl.org/dmi-framework#SE_X7_MKD_2013,http://purl.org/dmi-framework#Ind_X7,http://purl.org/dmi-framework#Country_MKD,http://purl.org/dmi-framework#Phase_Acquire,http://purl.org/dmi-framework#Source_oxford_insights,http://purl.org/dmi-framework#Prov_missing
MKD,2014,balkan,X7,,missing,oxford_insights,curated_snapshot,acquire,http://purl.org/dmi-framework#SE_X7_MKD_2014,http://purl.org/dmi-framework#Ind_X7,http://purl.org/dmi-framework#Country_MKD,http://purl.org/dmi-framework#Phase_Acquire,http://purl.org/dmi-framework#Source_oxford_insights,http://purl.org/dmi-framework#Prov_missing
MKD,2015,balkan,X7,,missing,oxford_insights,curated_snapshot,acquire,http://purl.org/dmi-framework#SE_X7_MKD_2015,http://purl.org/dmi-framework#Ind_X7,http://purl.org/dmi-framework#Country_MKD,http://purl.org/dmi-framework#Phase_Acquire,http://purl.org/dmi-framework#Source_oxford_insights,http://purl.org/dmi-framework#Prov_missing
MKD,2016,balkan,X7,,missing,oxford_insights,curated_snapshot,acquire,http://purl.org/dmi-framework#SE_X7_MKD_2016,http://purl.org/dmi-framework#Ind_X7,http://purl.org/dmi-framework#Country_MKD,http://purl.org/dmi-framework#Phase_Acquire,http://purl.org/dmi-framework#Source_oxford_insights,http://purl.org/dmi-framework#Prov_missing
MKD,2017,balkan,X7,52.839999999999996,carried_forward,oxford_insights,curated_snapshot,acquire,http://purl.org/dmi-framework#SE_X7_MKD_2017,http://purl.org/dmi-framework#Ind_X7,http://purl.org/dmi-framework#Country_MKD,http://purl.org/dmi-framework#Phase_Acquire,http://purl.org/dmi-framework#Source_oxford_insights,http://purl.org/dmi-framework#Prov_carried_forward
MKD,2018,balkan,X7,52.839999999999996,carried_forward,oxford_insights,curated_snapshot,acquire,http://purl.org/dmi-framework#SE_X7_MKD_2018,http://purl.org/dmi-framework#Ind_X7,http://purl.org/dmi-framework#Country_MKD,http://purl.org/dmi-framework#Phase_Acquire,http://purl.org/dmi-framework#Source_oxford_insights,http://purl.org/dmi-framework#Prov_carried_forward
MKD,2019,balkan,X7,52.839999999999996,official,oxford_insights,curated_snapshot,acquire,http://purl.org/dmi-framework#SE_X7_MKD_2019,http://purl.org/dmi-framework#Ind_X7,http://purl.org/dmi-framework#Country_MKD,http://purl.org/dmi-framework#Phase_Acquire,http://purl.org/dmi-framework#Source_oxford_insights,http://purl.org/dmi-framework#Prov_official
MKD,2020,balkan,X7,42.995,official,oxford_insights,curated_snapshot,acquire,http://purl.org/dmi-framework#SE_X7_MKD_2020,http://purl.org/dmi-framework#Ind_X7,http://purl.org/dmi-framework#Country_MKD,http://purl.org/dmi-framework#Phase_Acquire,http://purl.org/dmi-framework#Source_oxford_insights,http://purl.org/dmi-framework#Prov_official
MKD,2021,balkan,X7,42.995,carried_forward,oxford_insights,curated_snapshot,acquire,http://purl.org/dmi-framework#SE_X7_MKD_2021,http://purl.org/dmi-framework#Ind_X7,http://purl.org/dmi-framework#Country_MKD,http://purl.org/dmi-framework#Phase_Acquire,http://purl.org/dmi-framework#Source_oxford_insights,http://purl.org/dmi-framework#Prov_carried_forward
MKD,2022,balkan,X7,46.11,official,oxford_insights,curated_snapshot,acquire,http://purl.org/dmi-framework#SE_X7_MKD_2022,http://purl.org/dmi-framework#Ind_X7,http://purl.org/dmi-framework#Country_MKD,http://purl.org/dmi-framework#Phase_Acquire,http://purl.org/dmi-framework#Source_oxford_insights,http://purl.org/dmi-framework#Prov_official
MKD,2023,balkan,X7,45.4,official,oxford_insights,curated_snapshot,acquire,http://purl.org/dmi-framework#SE_X7_MKD_2023,http://purl.org/dmi-framework#Ind_X7,http://purl.org/dmi-framework#Country_MKD,http://purl.org/dmi-framework#Phase_Acquire,http://purl.org/dmi-framework#Source_oxford_insights,http://purl.org/dmi-framework#Prov_official
MKD,2024,balkan,X7,45.4,carried_forward,oxford_insights,curated_snapshot,acquire,http://purl.org/dmi-framework#SE_X7_MKD_2024,http://purl.org/dmi-framework#Ind_X7,http://purl.org/dmi-framework#Country_MKD,http://purl.org/dmi-framework#Phase_Acquire,http://purl.org/dmi-framework#Source_oxford_insights,http://purl.org/dmi-framework#Prov_carried_forward
MKD,2025,balkan,X7,45.4,carried_forward,oxford_insights,curated_snapshot,acquire,http://purl.org/dmi-framework#SE_X7_MKD_2025,http://purl.org/dmi-framework#Ind_X7,http://purl.org/dmi-framework#Country_MKD,http://purl.org/dmi-framework#Phase_Acquire,http://purl.org/dmi-framework#Source_oxford_insights,http://purl.org/dmi-framework#Prov_carried_forward
SRB,2012,balkan,X7,,missing,oxford_insights,curated_snapshot,acquire,http://purl.org/dmi-framework#SE_X7_SRB_2012,http://purl.org/dmi-framework#Ind_X7,http://purl.org/dmi-framework#Country_SRB,http://purl.org/dmi-framework#Phase_Acquire,http://purl.org/dmi-framework#Source_oxford_insights,http://purl.org/dmi-framework#Prov_missing
SRB,2013,balkan,X7,,missing,oxford_insights,curated_snapshot,acquire,http://purl.org/dmi-framework#SE_X7_SRB_2013,http://purl.org/dmi-framework#Ind_X7,http://purl.org/dmi-framework#Country_SRB,http://purl.org/dmi-framework#Phase_Acquire,http://purl.org/dmi-framework#Source_oxford_insights,http://purl.org/dmi-framework#Prov_missing
SRB,2014,balkan,X7,,missing,oxford_insights,curated_snapshot,acquire,http://purl.org/dmi-framework#SE_X7_SRB_2014,http://purl.org/dmi-framework#Ind_X7,http://purl.org/dmi-framework#Country_SRB,http://purl.org/dmi-framework#Phase_Acquire,http://purl.org/dmi-framework#Source_oxford_insights,http://purl.org/dmi-framework#Prov_missing
SRB,2015,balkan,X7,,missing,oxford_insights,curated_snapshot,acquire,http://purl.org/dmi-framework#SE_X7_SRB_2015,http://purl.org/dmi-framework#Ind_X7,http://purl.org/dmi-framework#Country_SRB,http://purl.org/dmi-framework#Phase_Acquire,http://purl.org/dmi-framework#Source_oxford_insights,http://purl.org/dmi-framework#Prov_missing
SRB,2016,balkan,X7,,missing,oxford_insights,curated_snapshot,acquire,http://purl.org/dmi-framework#SE_X7_SRB_2016,http://purl.org/dmi-framework#Ind_X7,http://purl.org/dmi-framework#Country_SRB,http://purl.org/dmi-framework#Phase_Acquire,http://purl.org/dmi-framework#Source_oxford_insights,http://purl.org/dmi-framework#Prov_missing
SRB,2017,balkan,X7,53.64,carried_forward,oxford_insights,curated_snapshot,acquire,http://purl.org/dmi-framework#SE_X7_SRB_2017,http://purl.org/dmi-framework#Ind_X7,http://purl.org/dmi-framework#Country_SRB,http://purl.org/dmi-framework#Phase_Acquire,http://purl.org/dmi-framework#Source_oxford_insights,http://purl.org/dmi-framework#Prov_carried_forward
SRB,2018,balkan,X7,53.64,carried_forward,oxford_insights,curated_snapshot,acquire,http://purl.org/dmi-framework#SE_X7_SRB_2018,http://purl.org/dmi-framework#Ind_X7,http://purl.org/dmi-framework#Country_SRB,http://purl.org/dmi-framework#Phase_Acquire,http://purl.org/dmi-framework#Source_oxford_insights,http://purl.org/dmi-framework#Prov_carried_forward
SRB,2019,balkan,X7,53.64,official,oxford_insights,curated_snapshot,acquire,http://purl.org/dmi-framework#SE_X7_SRB_2019,http://purl.org/dmi-framework#Ind_X7,http://purl.org/dmi-framework#Country_SRB,http://purl.org/dmi-framework#Phase_Acquire,http://purl.org/dmi-framework#Source_oxford_insights,http://purl.org/dmi-framework#Prov_official
SRB,2020,balkan,X7,53.431,official,oxford_insights,curated_snapshot,acquire,http://purl.org/dmi-framework#SE_X7_SRB_2020,http://purl.org/dmi-framework#Ind_X7,http://purl.org/dmi-framework#Country_SRB,http://purl.org/dmi-framework#Phase_Acquire,http://purl.org/dmi-framework#Source_oxford_insights,http://purl.org/dmi-framework#Prov_official
SRB,2021,balkan,X7,53.431,carried_forward,oxford_insights,curated_snapshot,acquire,http://purl.org/dmi-framework#SE_X7_SRB_2021,http://purl.org/dmi-framework#Ind_X7,http://purl.org/dmi-framework#Country_SRB,http://purl.org/dmi-framework#Phase_Acquire,http://purl.org/dmi-framework#Source_oxford_insights,http://purl.org/dmi-framework#Prov_carried_forward
SRB,2022,balkan,X7,52.96,official,oxford_insights,curated_snapshot,acquire,http://purl.org/dmi-framework#SE_X7_SRB_2022,http://purl.org/dmi-framework#Ind_X7,http://purl.org/dmi-framework#Country_SRB,http://purl.org/dmi-framework#Phase_Acquire,http://purl.org/dmi-framework#Source_oxford_insights,http://purl.org/dmi-framework#Prov_official
SRB,2023,balkan,X7,55.57,official,oxford_insights,curated_snapshot,acquire,http://purl.org/dmi-framework#SE_X7_SRB_2023,http://purl.org/dmi-framework#Ind_X7,http://purl.org/dmi-framework#Country_SRB,http://purl.org/dmi-framework#Phase_Acquire,http://purl.org/dmi-framework#Source_oxford_insights,http://purl.org/dmi-framework#Prov_official
SRB,2024,balkan,X7,55.57,carried_forward,oxford_insights,curated_snapshot,acquire,http://purl.org/dmi-framework#SE_X7_SRB_2024,http://purl.org/dmi-framework#Ind_X7,http://purl.org/dmi-framework#Country_SRB,http://purl.org/dmi-framework#Phase_Acquire,http://purl.org/dmi-framework#Source_oxford_insights,http://purl.org/dmi-framework#Prov_carried_forward
SRB,2025,balkan,X7,55.57,carried_forward,oxford_insights,curated_snapshot,acquire,http://purl.org/dmi-framework#SE_X7_SRB_2025,http://purl.org/dmi-framework#Ind_X7,http://purl.org/dmi-framework#Country_SRB,http://purl.org/dmi-framework#Phase_Acquire,http://purl.org/dmi-framework#Source_oxford_insights,http://purl.org/dmi-framework#Prov_carried_forward
SVN,2012,balkan,X7,,missing,oxford_insights,curated_snapshot,acquire,http://purl.org/dmi-framework#SE_X7_SVN_2012,http://purl.org/dmi-framework#Ind_X7,http://purl.org/dmi-framework#Country_SVN,http://purl.org/dmi-framework#Phase_Acquire,http://purl.org/dmi-framework#Source_oxford_insights,http://purl.org/dmi-framework#Prov_missing
SVN,2013,balkan,X7,,missing,oxford_insights,curated_snapshot,acquire,http://purl.org/dmi-framework#SE_X7_SVN_2013,http://purl.org/dmi-framework#Ind_X7,http://purl.org/dmi-framework#Country_SVN,http://purl.org/dmi-framework#Phase_Acquire,http://purl.org/dmi-framework#Source_oxford_insights,http://purl.org/dmi-framework#Prov_missing
SVN,2014,balkan,X7,,missing,oxford_insights,curated_snapshot,acquire,http://purl.org/dmi-framework#SE_X7_SVN_2014,http://purl.org/dmi-framework#Ind_X7,http://purl.org/dmi-framework#Country_SVN,http://purl.org/dmi-framework#Phase_Acquire,http://purl.org/dmi-framework#Source_oxford_insights,http://purl.org/dmi-framework#Prov_missing
SVN,2015,balkan,X7,,missing,oxford_insights,curated_snapshot,acquire,http://purl.org/dmi-framework#SE_X7_SVN_2015,http://purl.org/dmi-framework#Ind_X7,http://purl.org/dmi-framework#Country_SVN,http://purl.org/dmi-framework#Phase_Acquire,http://purl.org/dmi-framework#Source_oxford_insights,http://purl.org/dmi-framework#Prov_missing
SVN,2016,balkan,X7,,missing,oxford_insights,curated_snapshot,acquire,http://purl.org/dmi-framework#SE_X7_SVN_2016,http://purl.org/dmi-framework#Ind_X7,http://purl.org/dmi-framework#Country_SVN,http://purl.org/dmi-framework#Phase_Acquire,http://purl.org/dmi-framework#Source_oxford_insights,http://purl.org/dmi-framework#Prov_missing
SVN,2017,balkan,X7,62.32,carried_forward,oxford_insights,curated_snapshot,acquire,http://purl.org/dmi-framework#SE_X7_SVN_2017,http://purl.org/dmi-framework#Ind_X7,http://purl.org/dmi-framework#Country_SVN,http://purl.org/dmi-framework#Phase_Acquire,http://purl.org/dmi-framework#Source_oxford_insights,http://purl.org/dmi-framework#Prov_carried_forward
SVN,2018,balkan,X7,62.32,carried_forward,oxford_insights,curated_snapshot,acquire,http://purl.org/dmi-framework#SE_X7_SVN_2018,http://purl.org/dmi-framework#Ind_X7,http://purl.org/dmi-framework#Country_SVN,http://purl.org/dmi-framework#Phase_Acquire,http://purl.org/dmi-framework#Source_oxford_insights,http://purl.org/dmi-framework#Prov_carried_forward
SVN,2019,balkan,X7,62.32,official,oxford_insights,curated_snapshot,acquire,http://purl.org/dmi-framework#SE_X7_SVN_2019,http://purl.org/dmi-framework#Ind_X7,http://purl.org/dmi-framework#Country_SVN,http://purl.org/dmi-framework#Phase_Acquire,http://purl.org/dmi-framework#Source_oxford_insights,http://purl.org/dmi-framework#Prov_official
SVN,2020,balkan,X7,55.986,official,oxford_insights,curated_snapshot,acquire,http://purl.org/dmi-framework#SE_X7_SVN_2020,http://purl.org/dmi-framework#Ind_X7,http://purl.org/dmi-framework#Country_SVN,http://purl.org/dmi-framework#Phase_Acquire,http://purl.org/dmi-framework#Source_oxford_insights,http://purl.org/dmi-framework#Prov_official
SVN,2021,balkan,X7,55.986,carried_forward,oxford_insights,curated_snapshot,acquire,http://purl.org/dmi-framework#SE_X7_SVN_2021,http://purl.org/dmi-framework#Ind_X7,http://purl.org/dmi-framework#Country_SVN,http://purl.org/dmi-framework#Phase_Acquire,http://purl.org/dmi-framework#Source_oxford_insights,http://purl.org/dmi-framework#Prov_carried_forward
SVN,2022,balkan,X7,61.45,official,oxford_insights,curated_snapshot,acquire,http://purl.org/dmi-framework#SE_X7_SVN_2022,http://purl.org/dmi-framework#Ind_X7,http://purl.org/dmi-framework#Country_SVN,http://purl.org/dmi-framework#Phase_Acquire,http://purl.org/dmi-framework#Source_oxford_insights,http://purl.org/dmi-framework#Prov_official
SVN,2023,balkan,X7,62.63,official,oxford_insights,curated_snapshot,acquire,http://purl.org/dmi-framework#SE_X7_SVN_2023,http://purl.org/dmi-framework#Ind_X7,http://purl.org/dmi-framework#Country_SVN,http://purl.org/dmi-framework#Phase_Acquire,http://purl.org/dmi-framework#Source_oxford_insights,http://purl.org/dmi-framework#Prov_official
SVN,2024,balkan,X7,62.63,carried_forward,oxford_insights,curated_snapshot,acquire,http://purl.org/dmi-framework#SE_X7_SVN_2024,http://purl.org/dmi-framework#Ind_X7,http://purl.org/dmi-framework#Country_SVN,http://purl.org/dmi-framework#Phase_Acquire,http://purl.org/dmi-framework#Source_oxford_insights,http://purl.org/dmi-framework#Prov_carried_forward
SVN,2025,balkan,X7,62.63,carried_forward,oxford_insights,curated_snapshot,acquire,http://purl.org/dmi-framework#SE_X7_SVN_2025,http://purl.org/dmi-framework#Ind_X7,http://purl.org/dmi-framework#Country_SVN,http://purl.org/dmi-framework#Phase_Acquire,http://purl.org/dmi-framework#Source_oxford_insights,http://purl.org/dmi-framework#Prov_carried_forward
USA,2012,developed_non_eu,X7,,missing,oxford_insights,curated_snapshot,acquire,http://purl.org/dmi-framework#SE_X7_USA_2012,http://purl.org/dmi-framework#Ind_X7,http://purl.org/dmi-framework#Country_USA,http://purl.org/dmi-framework#Phase_Acquire,http://purl.org/dmi-framework#Source_oxford_insights,http://purl.org/dmi-framework#Prov_missing
USA,2013,developed_non_eu,X7,,missing,oxford_insights,curated_snapshot,acquire,http://purl.org/dmi-framework#SE_X7_USA_2013,http://purl.org/dmi-framework#Ind_X7,http://purl.org/dmi-framework#Country_USA,http://purl.org/dmi-framework#Phase_Acquire,http://purl.org/dmi-framework#Source_oxford_insights,http://purl.org/dmi-framework#Prov_missing
USA,2014,developed_non_eu,X7,,missing,oxford_insights,curated_snapshot,acquire,http://purl.org/dmi-framework#SE_X7_USA_2014,http://purl.org/dmi-framework#Ind_X7,http://purl.org/dmi-framework#Country_USA,http://purl.org/dmi-framework#Phase_Acquire,http://purl.org/dmi-framework#Source_oxford_insights,http://purl.org/dmi-framework#Prov_missing
USA,2015,developed_non_eu,X7,,missing,oxford_insights,curated_snapshot,acquire,http://purl.org/dmi-framework#SE_X7_USA_2015,http://purl.org/dmi-framework#Ind_X7,http://purl.org/dmi-framework#Country_USA,http://purl.org/dmi-framework#Phase_Acquire,http://purl.org/dmi-framework#Source_oxford_insights,http://purl.org/dmi-framework#Prov_missing
USA,2016,developed_non_eu,X7,,missing,oxford_insights,curated_snapshot,acquire,http://purl.org/dmi-framework#SE_X7_USA_2016,http://purl.org/dmi-framework#Ind_X7,http://purl.org/dmi-framework#Country_USA,http://purl.org/dmi-framework#Phase_Acquire,http://purl.org/dmi-framework#Source_oxford_insights,http://purl.org/dmi-framework#Prov_missing
USA,2017,developed_non_eu,X7,88.04,carried_forward,oxford_insights,curated_snapshot,acquire,http://purl.org/dmi-framework#SE_X7_USA_2017,http://purl.org/dmi-framework#Ind_X7,http://purl.org/dmi-framework#Country_USA,http://purl.org/dmi-framework#Phase_Acquire,http://purl.org/dmi-framework#Source_oxford_insights,http://purl.org/dmi-framework#Prov_carried_forward
USA,2018,developed_non_eu,X7,88.04,carried_forward,oxford_insights,curated_snapshot,acquire,http://purl.org/dmi-framework#SE_X7_USA_2018,http://purl.org/dmi-framework#Ind_X7,http://purl.org/dmi-framework#Country_USA,http://purl.org/dmi-framework#Phase_Acquire,http://purl.org/dmi-framework#Source_oxford_insights,http://purl.org/dmi-framework#Prov_carried_forward
USA,2019,developed_non_eu,X7,88.04,official,oxford_insights,curated_snapshot,acquire,http://purl.org/dmi-framework#SE_X7_USA_2019,http://purl.org/dmi-framework#Ind_X7,http://purl.org/dmi-framework#Country_USA,http://purl.org/dmi-framework#Phase_Acquire,http://purl.org/dmi-framework#Source_oxford_insights,http://purl.org/dmi-framework#Prov_official
USA,2020,developed_non_eu,X7,85.479,official,oxford_insights,curated_snapshot,acquire,http://purl.org/dmi-framework#SE_X7_USA_2020,http://purl.org/dmi-framework#Ind_X7,http://purl.org/dmi-framework#Country_USA,http://purl.org/dmi-framework#Phase_Acquire,http://purl.org/dmi-framework#Source_oxford_insights,http://purl.org/dmi-framework#Prov_official
USA,2021,developed_non_eu,X7,85.479,carried_forward,oxford_insights,curated_snapshot,acquire,http://purl.org/dmi-framework#SE_X7_USA_2021,http://purl.org/dmi-framework#Ind_X7,http://purl.org/dmi-framework#Country_USA,http://purl.org/dmi-framework#Phase_Acquire,http://purl.org/dmi-framework#Source_oxford_insights,http://purl.org/dmi-framework#Prov_carried_forward
USA,2022,developed_non_eu,X7,85.72,official,oxford_insights,curated_snapshot,acquire,http://purl.org/dmi-framework#SE_X7_USA_2022,http://purl.org/dmi-framework#Ind_X7,http://purl.org/dmi-framework#Country_USA,http://purl.org/dmi-framework#Phase_Acquire,http://purl.org/dmi-framework#Source_oxford_insights,http://purl.org/dmi-framework#Prov_official
USA,2023,developed_non_eu,X7,84.8,official,oxford_insights,curated_snapshot,acquire,http://purl.org/dmi-framework#SE_X7_USA_2023,http://purl.org/dmi-framework#Ind_X7,http://purl.org/dmi-framework#Country_USA,http://purl.org/dmi-framework#Phase_Acquire,http://purl.org/dmi-framework#Source_oxford_insights,http://purl.org/dmi-framework#Prov_official
USA,2024,developed_non_eu,X7,84.8,carried_forward,oxford_insights,curated_snapshot,acquire,http://purl.org/dmi-framework#SE_X7_USA_2024,http://purl.org/dmi-framework#Ind_X7,http://purl.org/dmi-framework#Country_USA,http://purl.org/dmi-framework#Phase_Acquire,http://purl.org/dmi-framework#Source_oxford_insights,http://purl.org/dmi-framework#Prov_carried_forward
USA,2025,developed_non_eu,X7,84.8,carried_forward,oxford_insights,curated_snapshot,acquire,http://purl.org/dmi-framework#SE_X7_USA_2025,http://purl.org/dmi-framework#Ind_X7,http://purl.org/dmi-framework#Country_USA,http://purl.org/dmi-framework#Phase_Acquire,http://purl.org/dmi-framework#Source_oxford_insights,http://purl.org/dmi-framework#Prov_carried_forward
ARG,2012,developing,X8,0.63491,official,world_bank,official_api,acquire,http://purl.org/dmi-framework#SE_X8_ARG_2012,http://purl.org/dmi-framework#Ind_X8,http://purl.org/dmi-framework#Country_ARG,http://purl.org/dmi-framework#Phase_Acquire,http://purl.org/dmi-framework#Source_world_bank,http://purl.org/dmi-framework#Prov_official
ARG,2013,developing,X8,0.61849,official,world_bank,official_api,acquire,http://purl.org/dmi-framework#SE_X8_ARG_2013,http://purl.org/dmi-framework#Ind_X8,http://purl.org/dmi-framework#Country_ARG,http://purl.org/dmi-framework#Phase_Acquire,http://purl.org/dmi-framework#Source_world_bank,http://purl.org/dmi-framework#Prov_official
ARG,2014,developing,X8,0.59396,official,world_bank,official_api,acquire,http://purl.org/dmi-framework#SE_X8_ARG_2014,http://purl.org/dmi-framework#Ind_X8,http://purl.org/dmi-framework#Country_ARG,http://purl.org/dmi-framework#Phase_Acquire,http://purl.org/dmi-framework#Source_world_bank,http://purl.org/dmi-framework#Prov_official
ARG,2015,developing,X8,0.62262,official,world_bank,official_api,acquire,http://purl.org/dmi-framework#SE_X8_ARG_2015,http://purl.org/dmi-framework#Ind_X8,http://purl.org/dmi-framework#Country_ARG,http://purl.org/dmi-framework#Phase_Acquire,http://purl.org/dmi-framework#Source_world_bank,http://purl.org/dmi-framework#Prov_official
ARG,2016,developing,X8,0.55815,official,world_bank,official_api,acquire,http://purl.org/dmi-framework#SE_X8_ARG_2016,http://purl.org/dmi-framework#Ind_X8,http://purl.org/dmi-framework#Country_ARG,http://purl.org/dmi-framework#Phase_Acquire,http://purl.org/dmi-framework#Source_world_bank,http://purl.org/dmi-framework#Prov_official
ARG,2017,developing,X8,0.55632,official,world_bank,official_api,acquire,http://purl.org/dmi-framework#SE_X8_ARG_2017,http://purl.org/dmi-framework#Ind_X8,http://purl.org/dmi-framework#Country_ARG,http://purl.org/dmi-framework#Phase_Acquire,http://purl.org/dmi-framework#Source_world_bank,http://purl.org/dmi-framework#Prov_official
ARG,2018,developing,X8,0.4883,official,world_bank,official_api,acquire,http://purl.org/dmi-framework#SE_X8_ARG_2018,http://purl.org/dmi-framework#Ind_X8,http://purl.org/dmi-framework#Country_ARG,http://purl.org/dmi-framework#Phase_Acquire,http://purl.org/dmi-framework#Source_world_bank,http://purl.org/dmi-framework#Prov_official
ARG,2019,developing,X8,0.47813,official,world_bank,official_api,acquire,http://purl.org/dmi-framework#SE_X8_ARG_2019,http://purl.org/dmi-framework#Ind_X8,http://purl.org/dmi-framework#Country_ARG,http://purl.org/dmi-framework#Phase_Acquire,http://purl.org/dmi-framework#Source_world_bank,http://purl.org/dmi-framework#Prov_official
ARG,2020,developing,X8,0.54126,official,world_bank,official_api,acquire,http://purl.org/dmi-framework#SE_X8_ARG_2020,http://purl.org/dmi-framework#Ind_X8,http://purl.org/dmi-framework#Country_ARG,http://purl.org/dmi-framework#Phase_Acquire,http://purl.org/dmi-framework#Source_world_bank,http://purl.org/dmi-framework#Prov_official
ARG,2021,developing,X8,0.5236,official,world_bank,official_api,acquire,http://purl.org/dmi-framework#SE_X8_ARG_2021,http://purl.org/dmi-framework#Ind_X8,http://purl.org/dmi-framework#Country_ARG,http://purl.org/dmi-framework#Phase_Acquire,http://purl.org/dmi-framework#Source_world_bank,http://purl.org/dmi-framework#Prov_official
ARG,2022,developing,X8,0.54951,official,world_bank,official_api,acquire,http://purl.org/dmi-framework#SE_X8_ARG_2022,http://purl.org/dmi-framework#Ind_X8,http://purl.org/dmi-framework#Country_ARG,http://purl.org/dmi-framework#Phase_Acquire,http://purl.org/dmi-framework#Source_world_bank,http://purl.org/dmi-framework#Prov_official
ARG,2023,developing,X8,0.60111,official,world_bank,official_api,acquire,http://purl.org/dmi-framework#SE_X8_ARG_2023,http://purl.org/dmi-framework#Ind_X8,http://purl.org/dmi-framework#Country_ARG,http://purl.org/dmi-framework#Phase_Acquire,http://purl.org/dmi-framework#Source_world_bank,http://purl.org/dmi-framework#Prov_official
ARG,2024,developing,X8,0.60111,carried_forward,world_bank,official_api,acquire,http://purl.org/dmi-framework#SE_X8_ARG_2024,http://purl.org/dmi-framework#Ind_X8,http://purl.org/dmi-framework#Country_ARG,http://purl.org/dmi-framework#Phase_Acquire,http://purl.org/dmi-framework#Source_world_bank,http://purl.org/dmi-framework#Prov_carried_forward
ARG,2025,developing,X8,0.60111,carried_forward,world_bank,official_api,acquire,http://purl.org/dmi-framework#SE_X8_ARG_2025,http://purl.org/dmi-framework#Ind_X8,http://purl.org/dmi-framework#Country_ARG,http://purl.org/dmi-framework#Phase_Acquire,http://purl.org/dmi-framework#Source_world_bank,http://purl.org/dmi-framework#Prov_carried_forward
AUS,2012,developed_non_eu,X8,2.17733,carried_forward,world_bank,official_api,acquire,http://purl.org/dmi-framework#SE_X8_AUS_2012,http://purl.org/dmi-framework#Ind_X8,http://purl.org/dmi-framework#Country_AUS,http://purl.org/dmi-framework#Phase_Acquire,http://purl.org/dmi-framework#Source_world_bank,http://purl.org/dmi-framework#Prov_carried_forward
AUS,2013,developed_non_eu,X8,2.17733,official,world_bank,official_api,acquire,http://purl.org/dmi-framework#SE_X8_AUS_2013,http://purl.org/dmi-framework#Ind_X8,http://purl.org/dmi-framework#Country_AUS,http://purl.org/dmi-framework#Phase_Acquire,http://purl.org/dmi-framework#Source_world_bank,http://purl.org/dmi-framework#Prov_official
AUS,2014,developed_non_eu,X8,2.17733,carried_forward,world_bank,official_api,acquire,http://purl.org/dmi-framework#SE_X8_AUS_2014,http://purl.org/dmi-framework#Ind_X8,http://purl.org/dmi-framework#Country_AUS,http://purl.org/dmi-framework#Phase_Acquire,http://purl.org/dmi-framework#Source_world_bank,http://purl.org/dmi-framework#Prov_carried_forward
AUS,2015,developed_non_eu,X8,1.91969,official,world_bank,official_api,acquire,http://purl.org/dmi-framework#SE_X8_AUS_2015,http://purl.org/dmi-framework#Ind_X8,http://purl.org/dmi-framework#Country_AUS,http://purl.org/dmi-framework#Phase_Acquire,http://purl.org/dmi-framework#Source_world_bank,http://purl.org/dmi-framework#Prov_official
AUS,2016,developed_non_eu,X8,1.91969,carried_forward,world_bank,official_api,acquire,http://purl.org/dmi-framework#SE_X8_AUS_2016,http://purl.org/dmi-framework#Ind_X8,http://purl.org/dmi-framework#Country_AUS,http://purl.org/dmi-framework#Phase_Acquire,http://purl.org/dmi-framework#Source_world_bank,http://purl.org/dmi-framework#Prov_carried_forward
AUS,2017,developed_non_eu,X8,1.88102,official,world_bank,official_api,acquire,http://purl.org/dmi-framework#SE_X8_AUS_2017,http://purl.org/dmi-framework#Ind_X8,http://purl.org/dmi-framework#Country_AUS,http://purl.org/dmi-framework#Phase_Acquire,http://purl.org/dmi-framework#Source_world_bank,http://purl.org/dmi-framework#Prov_official
AUS,2018,developed_non_eu,X8,1.88102,carried_forward,world_bank,official_api,acquire,http://purl.org/dmi-framework#SE_X8_AUS_2018,http://purl.org/dmi-framework#Ind_X8,http://purl.org/dmi-framework#Country_AUS,http://purl.org/dmi-framework#Phase_Acquire,http://purl.org/dmi-framework#Source_world_bank,http://purl.org/dmi-framework#Prov_carried_forward
AUS,2019,developed_non_eu,X8,1.82826,official,world_bank,official_api,acquire,http://purl.org/dmi-framework#SE_X8_AUS_2019,http://purl.org/dmi-framework#Ind_X8,http://purl.org/dmi-framework#Country_AUS,http://purl.org/dmi-framework#Phase_Acquire,http://purl.org/dmi-framework#Source_world_bank,http://purl.org/dmi-framework#Prov_official
AUS,2020,developed_non_eu,X8,1.82826,carried_forward,world_bank,official_api,acquire,http://purl.org/dmi-framework#SE_X8_AUS_2020,http://purl.org/dmi-framework#Ind_X8,http://purl.org/dmi-framework#Country_AUS,http://purl.org/dmi-framework#Phase_Acquire,http://purl.org/dmi-framework#Source_world_bank,http://purl.org/dmi-framework#Prov_carried_forward
AUS,2021,developed_non_eu,X8,1.85783,official,world_bank,official_api,acquire,http://purl.org/dmi-framework#SE_X8_AUS_2021,http://purl.org/dmi-framework#Ind_X8,http://purl.org/dmi-framework#Country_AUS,http://purl.org/dmi-framework#Phase_Acquire,http://purl.org/dmi-framework#Source_world_bank,http://purl.org/dmi-framework#Prov_official
AUS,2022,developed_non_eu,X8,1.85783,carried_forward,world_bank,official_api,acquire,http://purl.org/dmi-framework#SE_X8_AUS_2022,http://purl.org/dmi-framework#Ind_X8,http://purl.org/dmi-framework#Country_AUS,http://purl.org/dmi-framework#Phase_Acquire,http://purl.org/dmi-framework#Source_world_bank,http://purl.org/dmi-framework#Prov_carried_forward
AUS,2023,developed_non_eu,X8,1.85783,carried_forward,world_bank,official_api,acquire,http://purl.org/dmi-framework#SE_X8_AUS_2023,http://purl.org/dmi-framework#Ind_X8,http://purl.org/dmi-framework#Country_AUS,http://purl.org/dmi-framework#Phase_Acquire,http://purl.org/dmi-framework#Source_world_bank,http://purl.org/dmi-framework#Prov_carried_forward
AUS,2024,developed_non_eu,X8,,missing,world_bank,official_api,acquire,http://purl.org/dmi-framework#SE_X8_AUS_2024,http://purl.org/dmi-framework#Ind_X8,http://purl.org/dmi-framework#Country_AUS,http://purl.org/dmi-framework#Phase_Acquire,http://purl.org/dmi-framework#Source_world_bank,http://purl.org/dmi-framework#Prov_missing
AUS,2025,developed_non_eu,X8,,missing,world_bank,official_api,acquire,http://purl.org/dmi-framework#SE_X8_AUS_2025,http://purl.org/dmi-framework#Ind_X8,http://purl.org/dmi-framework#Country_AUS,http://purl.org/dmi-framework#Phase_Acquire,http://purl.org/dmi-framework#Source_world_bank,http://purl.org/dmi-framework#Prov_missing
BRA,2012,developing,X8,1.12684,official,world_bank,official_api,acquire,http://purl.org/dmi-framework#SE_X8_BRA_2012,http://purl.org/dmi-framework#Ind_X8,http://purl.org/dmi-framework#Country_BRA,http://purl.org/dmi-framework#Phase_Acquire,http://purl.org/dmi-framework#Source_world_bank,http://purl.org/dmi-framework#Prov_official
BRA,2013,developing,X8,1.19567,official,world_bank,official_api,acquire,http://purl.org/dmi-framework#SE_X8_BRA_2013,http://purl.org/dmi-framework#Ind_X8,http://purl.org/dmi-framework#Country_BRA,http://purl.org/dmi-framework#Phase_Acquire,http://purl.org/dmi-framework#Source_world_bank,http://purl.org/dmi-framework#Prov_official
BRA,2014,developing,X8,1.26971,official,world_bank,official_api,acquire,http://purl.org/dmi-framework#SE_X8_BRA_2014,http://purl.org/dmi-framework#Ind_X8,http://purl.org/dmi-framework#Country_BRA,http://purl.org/dmi-framework#Phase_Acquire,http://purl.org/dmi-framework#Source_world_bank,http://purl.org/dmi-framework#Prov_official
BRA,2015,developing,X8,1.28464,official,world_bank,official_api,acquire,http://purl.org/dmi-framework#SE_X8_BRA_2015,http://purl.org/dmi-framework#Ind_X8,http://purl.org/dmi-framework#Country_BRA,http://purl.org/dmi-framework#Phase_Acquire,http://purl.org/dmi-framework#Source_world_bank,http://purl.org/dmi-framework#Prov_official
BRA,2016,developing,X8,1.19584,official,world_bank,official_api,acquire,http://purl.org/dmi-framework#SE_X8_BRA_2016,http://purl.org/dmi-framework#Ind_X8,http://purl.org/dmi-framework#Country_BRA,http://purl.org/dmi-framework#Phase_Acquire,http://purl.org/dmi-framework#Source_world_bank,http://purl.org/dmi-framework#Prov_official
BRA,2017,developing,X8,1.1175,official,world_bank,official_api,acquire,http://purl.org/dmi-framework#SE_X8_BRA_2017,http://purl.org/dmi-framework#Ind_X8,http://purl.org/dmi-framework#Country_BRA,http://purl.org/dmi-framework#Phase_Acquire,http://purl.org/dmi-framework#Source_world_bank,http://purl.org/dmi-framework#Prov_official
BRA,2018,developing,X8,1.15016,official,world_bank,official_api,acquire,http://purl.org/dmi-framework#SE_X8_BRA_2018,http://purl.org/dmi-framework#Ind_X8,http://purl.org/dmi-framework#Country_BRA,http://purl.org/dmi-framework#Phase_Acquire,http://purl.org/dmi-framework#Source_world_bank,http://purl.org/dmi-framework#Prov_official
BRA,2019,developing,X8,1.15115,official,world_bank,official_api,acquire,http://purl.org/dmi-framework#SE_X8_BRA_2019,http://purl.org/dmi-framework#Ind_X8,http://purl.org/dmi-framework#Country_BRA,http://purl.org/dmi-framework#Phase_Acquire,http://purl.org/dmi-framework#Source_world_bank,http://purl.org/dmi-framework#Prov_official
BRA,2020,developing,X8,1.21907,official,world_bank,official_api,acquire,http://purl.org/dmi-framework#SE_X8_BRA_2020,http://purl.org/dmi-framework#Ind_X8,http://purl.org/dmi-framework#Country_BRA,http://purl.org/dmi-framework#Phase_Acquire,http://purl.org/dmi-framework#Source_world_bank,http://purl.org/dmi-framework#Prov_official
BRA,2021,developing,X8,1.13371,official,world_bank,official_api,acquire,http://purl.org/dmi-framework#SE_X8_BRA_2021,http://purl.org/dmi-framework#Ind_X8,http://purl.org/dmi-framework#Country_BRA,http://purl.org/dmi-framework#Phase_Acquire,http://purl.org/dmi-framework#Source_world_bank,http://purl.org/dmi-framework#Prov_official
BRA,2022,developing,X8,1.18873,official,world_bank,official_api,acquire,http://purl.org/dmi-framework#SE_X8_BRA_2022,http://purl.org/dmi-framework#Ind_X8,http://purl.org/dmi-framework#Country_BRA,http://purl.org/dmi-framework#Phase_Acquire,http://purl.org/dmi-framework#Source_world_bank,http://purl.org/dmi-framework#Prov_official
BRA,2023,developing,X8,1.1938,official,world_bank,official_api,acquire,http://purl.org/dmi-framework#SE_X8_BRA_2023,http://purl.org/dmi-framework#Ind_X8,http://purl.org/dmi-framework#Country_BRA,http://purl.org/dmi-framework#Phase_Acquire,http://purl.org/dmi-framework#Source_world_bank,http://purl.org/dmi-framework#Prov_official
BRA,2024,developing,X8,1.1938,carried_forward,world_bank,official_api,acquire,http://purl.org/dmi-framework#SE_X8_BRA_2024,http://purl.org/dmi-framework#Ind_X8,http://purl.org/dmi-framework#Country_BRA,http://purl.org/dmi-framework#Phase_Acquire,http://purl.org/dmi-framework#Source_world_bank,http://purl.org/dmi-framework#Prov_carried_forward
BRA,2025,developing,X8,1.1938,carried_forward,world_bank,official_api,acquire,http://purl.org/dmi-framework#SE_X8_BRA_2025,http://purl.org/dmi-framework#Ind_X8,http://purl.org/dmi-framework#Country_BRA,http://purl.org/dmi-framework#Phase_Acquire,http://purl.org/dmi-framework#Source_world_bank,http://purl.org/dmi-framework#Prov_carried_forward
CAN,2012,developed_non_eu,X8,1.77303,official,world_bank,official_api,acquire,http://purl.org/dmi-framework#SE_X8_CAN_2012,http://purl.org/dmi-framework#Ind_X8,http://purl.org/dmi-framework#Country_CAN,http://purl.org/dmi-framework#Phase_Acquire,http://purl.org/dmi-framework#Source_world_bank,http://purl.org/dmi-framework#Prov_official
CAN,2013,developed_non_eu,X8,1.70624,official,world_bank,official_api,acquire,http://purl.org/dmi-framework#SE_X8_CAN_2013,http://purl.org/dmi-framework#Ind_X8,http://purl.org/dmi-framework#Country_CAN,http://purl.org/dmi-framework#Phase_Acquire,http://purl.org/dmi-framework#Source_world_bank,http://purl.org/dmi-framework#Prov_official
CAN,2014,developed_non_eu,X8,1.71482,official,world_bank,official_api,acquire,http://purl.org/dmi-framework#SE_X8_CAN_2014,http://purl.org/dmi-framework#Ind_X8,http://purl.org/dmi-framework#Country_CAN,http://purl.org/dmi-framework#Phase_Acquire,http://purl.org/dmi-framework#Source_world_bank,http://purl.org/dmi-framework#Prov_official
CAN,2015,developed_non_eu,X8,1.6936,official,world_bank,official_api,acquire,http://purl.org/dmi-framework#SE_X8_CAN_2015,http://purl.org/dmi-framework#Ind_X8,http://purl.org/dmi-framework#Country_CAN,http://purl.org/dmi-framework#Phase_Acquire,http://purl.org/dmi-framework#Source_world_bank,http://purl.org/dmi-framework#Prov_official
CAN,2016,developed_non_eu,X8,1.72903,official,world_bank,official_api,acquire,http://purl.org/dmi-framework#SE_X8_CAN_2016,http://purl.org/dmi-framework#Ind_X8,http://purl.org/dmi-framework#Country_CAN,http://purl.org/dmi-framework#Phase_Acquire,http://purl.org/dmi-framework#Source_world_bank,http://purl.org/dmi-framework#Prov_official
CAN,2017,developed_non_eu,X8,1.68702,official,world_bank,official_api,acquire,http://purl.org/dmi-framework#SE_X8_CAN_2017,http://purl.org/dmi-framework#Ind_X8,http://purl.org/dmi-framework#Country_CAN,http://purl.org/dmi-framework#Phase_Acquire,http://purl.org/dmi-framework#Source_world_bank,http://purl.org/dmi-framework#Prov_official
CAN,2018,developed_non_eu,X8,1.7372,official,world_bank,official_api,acquire,http://purl.org/dmi-framework#SE_X8_CAN_2018,http://purl.org/dmi-framework#Ind_X8,http://purl.org/dmi-framework#Country_CAN,http://purl.org/dmi-framework#Phase_Acquire,http://purl.org/dmi-framework#Source_world_bank,http://purl.org/dmi-framework#Prov_official
CAN,2019,developed_non_eu,X8,1.75578,official,world_bank,official_api,acquire,http://purl.org/dmi-framework#SE_X8_CAN_2019,http://purl.org/dmi-framework#Ind_X8,http://purl.org/dmi-framework#Country_CAN,http://purl.org/dmi-framework#Phase_Acquire,http://purl.org/dmi-framework#Source_world_bank,http://purl.org/dmi-framework#Prov_official
CAN,2020,developed_non_eu,X8,1.93413,official,world_bank,official_api,acquire,http://purl.org/dmi-framework#SE_X8_CAN_2020,http://purl.org/dmi-framework#Ind_X8,http://purl.org/dmi-framework#Country_CAN,http://purl.org/dmi-framework#Phase_Acquire,http://purl.org/dmi-framework#Source_world_bank,http://purl.org/dmi-framework#Prov_official
CAN,2021,developed_non_eu,X8,1.87064,official,world_bank,official_api,acquire,http://purl.org/dmi-framework#SE_X8_CAN_2021,http://purl.org/dmi-framework#Ind_X8,http://purl.org/dmi-framework#Country_CAN,http://purl.org/dmi-framework#Phase_Acquire,http://purl.org/dmi-framework#Source_world_bank,http://purl.org/dmi-framework#Prov_official
CAN,2022,developed_non_eu,X8,1.81291,official,world_bank,official_api,acquire,http://purl.org/dmi-framework#SE_X8_CAN_2022,http://purl.org/dmi-framework#Ind_X8,http://purl.org/dmi-framework#Country_CAN,http://purl.org/dmi-framework#Phase_Acquire,http://purl.org/dmi-framework#Source_world_bank,http://purl.org/dmi-framework#Prov_official
CAN,2023,developed_non_eu,X8,1.81048,official,world_bank,official_api,acquire,http://purl.org/dmi-framework#SE_X8_CAN_2023,http://purl.org/dmi-framework#Ind_X8,http://purl.org/dmi-framework#Country_CAN,http://purl.org/dmi-framework#Phase_Acquire,http://purl.org/dmi-framework#Source_world_bank,http://purl.org/dmi-framework#Prov_official
CAN,2024,developed_non_eu,X8,1.7908,official,world_bank,official_api,acquire,http://purl.org/dmi-framework#SE_X8_CAN_2024,http://purl.org/dmi-framework#Ind_X8,http://purl.org/dmi-framework#Country_CAN,http://purl.org/dmi-framework#Phase_Acquire,http://purl.org/dmi-framework#Source_world_bank,http://purl.org/dmi-framework#Prov_official
CAN,2025,developed_non_eu,X8,1.7908,carried_forward,world_bank,official_api,acquire,http://purl.org/dmi-framework#SE_X8_CAN_2025,http://purl.org/dmi-framework#Ind_X8,http://purl.org/dmi-framework#Country_CAN,http://purl.org/dmi-framework#Phase_Acquire,http://purl.org/dmi-framework#Source_world_bank,http://purl.org/dmi-framework#Prov_carried_forward
DEU,2012,developed_eu,X8,2.82499,official,world_bank,official_api,acquire,http://purl.org/dmi-framework#SE_X8_DEU_2012,http://purl.org/dmi-framework#Ind_X8,http://purl.org/dmi-framework#Country_DEU,http://purl.org/dmi-framework#Phase_Acquire,http://purl.org/dmi-framework#Source_world_bank,http://purl.org/dmi-framework#Prov_official
DEU,2013,developed_eu,X8,2.78067,official,world_bank,official_api,acquire,http://purl.org/dmi-framework#SE_X8_DEU_2013,http://purl.org/dmi-framework#Ind_X8,http://purl.org/dmi-framework#Country_DEU,http://purl.org/dmi-framework#Phase_Acquire,http://purl.org/dmi-framework#Source_world_bank,http://purl.org/dmi-framework#Prov_official
DEU,2014,developed_eu,X8,2.82218,official,world_bank,official_api,acquire,http://purl.org/dmi-framework#SE_X8_DEU_2014,http://purl.org/dmi-framework#Ind_X8,http://purl.org/dmi-framework#Country_DEU,http://purl.org/dmi-framework#Phase_Acquire,http://purl.org/dmi-framework#Source_world_bank,http://purl.org/dmi-framework#Prov_official
DEU,2015,developed_eu,X8,2.87725,official,world_bank,official_api,acquire,http://purl.org/dmi-framework#SE_X8_DEU_2015,http://purl.org/dmi-framework#Ind_X8,http://purl.org/dmi-framework#Country_DEU,http://purl.org/dmi-framework#Phase_Acquire,http://purl.org/dmi-framework#Source_world_bank,http://purl.org/dmi-framework#Prov_official
DEU,2016,developed_eu,X8,2.88393,official,world_bank,official_api,acquire,http://purl.org/dmi-framework#SE_X8_DEU_2016,http://purl.org/dmi-framework#Ind_X8,http://purl.org/dmi-framework#Country_DEU,http://purl.org/dmi-framework#Phase_Acquire,http://purl.org/dmi-framework#Source_world_bank,http://purl.org/dmi-framework#Prov_official
DEU,2017,developed_eu,X8,2.9886,official,world_bank,official_api,acquire,http://purl.org/dmi-framework#SE_X8_DEU_2017,http://purl.org/dmi-framework#Ind_X8,http://purl.org/dmi-framework#Country_DEU,http://purl.org/dmi-framework#Phase_Acquire,http://purl.org/dmi-framework#Source_world_bank,http://purl.org/dmi-framework#Prov_official
DEU,2018,developed_eu,X8,3.05057,official,world_bank,official_api,acquire,http://purl.org/dmi-framework#SE_X8_DEU_2018,http://purl.org/dmi-framework#Ind_X8,http://purl.org/dmi-framework#Country_DEU,http://purl.org/dmi-framework#Phase_Acquire,http://purl.org/dmi-framework#Source_world_bank,http://purl.org/dmi-framework#Prov_official
DEU,2019,developed_eu,X8,3.11256,official,world_bank,official_api,acquire,http://purl.org/dmi-framework#SE_X8_DEU_2019,http://purl.org/dmi-framework#Ind_X8,http://purl.org/dmi-framework#Country_DEU,http://purl.org/dmi-framework#Phase_Acquire,http://purl.org/dmi-framework#Source_world_bank,http://purl.org/dmi-framework#Prov_official
DEU,2020,developed_eu,X8,3.0897,official,world_bank,official_api,acquire,http://purl.org/dmi-framework#SE_X8_DEU_2020,http://purl.org/dmi-framework#Ind_X8,http://purl.org/dmi-framework#Country_DEU,http://purl.org/dmi-framework#Phase_Acquire,http://purl.org/dmi-framework#Source_world_bank,http://purl.org/dmi-framework#Prov_official
DEU,2021,developed_eu,X8,3.0786,official,world_bank,official_api,acquire,http://purl.org/dmi-framework#SE_X8_DEU_2021,http://purl.org/dmi-framework#Ind_X8,http://purl.org/dmi-framework#Country_DEU,http://purl.org/dmi-framework#Phase_Acquire,http://purl.org/dmi-framework#Source_world_bank,http://purl.org/dmi-framework#Prov_official
DEU,2022,developed_eu,X8,3.07096,official,world_bank,official_api,acquire,http://purl.org/dmi-framework#SE_X8_DEU_2022,http://purl.org/dmi-framework#Ind_X8,http://purl.org/dmi-framework#Country_DEU,http://purl.org/dmi-framework#Phase_Acquire,http://purl.org/dmi-framework#Source_world_bank,http://purl.org/dmi-framework#Prov_official
DEU,2023,developed_eu,X8,3.1539,official,world_bank,official_api,acquire,http://purl.org/dmi-framework#SE_X8_DEU_2023,http://purl.org/dmi-framework#Ind_X8,http://purl.org/dmi-framework#Country_DEU,http://purl.org/dmi-framework#Phase_Acquire,http://purl.org/dmi-framework#Source_world_bank,http://purl.org/dmi-framework#Prov_official
DEU,2024,developed_eu,X8,3.1539,carried_forward,world_bank,official_api,acquire,http://purl.org/dmi-framework#SE_X8_DEU_2024,http://purl.org/dmi-framework#Ind_X8,http://purl.org/dmi-framework#Country_DEU,http://purl.org/dmi-framework#Phase_Acquire,http://purl.org/dmi-framework#Source_world_bank,http://purl.org/dmi-framework#Prov_carried_forward
DEU,2025,developed_eu,X8,3.1539,carried_forward,world_bank,official_api,acquire,http://purl.org/dmi-framework#SE_X8_DEU_2025,http://purl.org/dmi-framework#Ind_X8,http://purl.org/dmi-framework#Country_DEU,http://purl.org/dmi-framework#Phase_Acquire,http://purl.org/dmi-framework#Source_world_bank,http://purl.org/dmi-framework#Prov_carried_forward
FRA,2012,developed_eu,X8,2.22761,official,world_bank,official_api,acquire,http://purl.org/dmi-framework#SE_X8_FRA_2012,http://purl.org/dmi-framework#Ind_X8,http://purl.org/dmi-framework#Country_FRA,http://purl.org/dmi-framework#Phase_Acquire,http://purl.org/dmi-framework#Source_world_bank,http://purl.org/dmi-framework#Prov_official
FRA,2013,developed_eu,X8,2.23369,official,world_bank,official_api,acquire,http://purl.org/dmi-framework#SE_X8_FRA_2013,http://purl.org/dmi-framework#Ind_X8,http://purl.org/dmi-framework#Country_FRA,http://purl.org/dmi-framework#Phase_Acquire,http://purl.org/dmi-framework#Source_world_bank,http://purl.org/dmi-framework#Prov_official
FRA,2014,developed_eu,X8,2.27173,official,world_bank,official_api,acquire,http://purl.org/dmi-framework#SE_X8_FRA_2014,http://purl.org/dmi-framework#Ind_X8,http://purl.org/dmi-framework#Country_FRA,http://purl.org/dmi-framework#Phase_Acquire,http://purl.org/dmi-framework#Source_world_bank,http://purl.org/dmi-framework#Prov_official
FRA,2015,developed_eu,X8,2.22401,official,world_bank,official_api,acquire,http://purl.org/dmi-framework#SE_X8_FRA_2015,http://purl.org/dmi-framework#Ind_X8,http://purl.org/dmi-framework#Country_FRA,http://purl.org/dmi-framework#Phase_Acquire,http://purl.org/dmi-framework#Source_world_bank,http://purl.org/dmi-framework#Prov_official
FRA,2016,developed_eu,X8,2.22468,official,world_bank,official_api,acquire,http://purl.org/dmi-framework#SE_X8_FRA_2016,http://purl.org/dmi-framework#Ind_X8,http://purl.org/dmi-framework#Country_FRA,http://purl.org/dmi-framework#Phase_Acquire,http://purl.org/dmi-framework#Source_world_bank,http://purl.org/dmi-framework#Prov_official
FRA,2017,developed_eu,X8,2.20422,official,world_bank,official_api,acquire,http://purl.org/dmi-framework#SE_X8_FRA_2017,http://purl.org/dmi-framework#Ind_X8,http://purl.org/dmi-framework#Country_FRA,http://purl.org/dmi-framework#Phase_Acquire,http://purl.org/dmi-framework#Source_world_bank,http://purl.org/dmi-framework#Prov_official
FRA,2018,developed_eu,X8,2.20407,official,world_bank,official_api,acquire,http://purl.org/dmi-framework#SE_X8_FRA_2018,http://purl.org/dmi-framework#Ind_X8,http://purl.org/dmi-framework#Country_FRA,http://purl.org/dmi-framework#Phase_Acquire,http://purl.org/dmi-framework#Source_world_bank,http://purl.org/dmi-framework#Prov_official
FRA,2019,developed_eu,X8,2.19668,official,world_bank,official_api,acquire,http://purl.org/dmi-framework#SE_X8_FRA_2019,http://purl.org/dmi-framework#Ind_X8,http://purl.org/dmi-framework#Country_FRA,http://purl.org/dmi-framework#Phase_Acquire,http://purl.org/dmi-framework#Source_world_bank,http://purl.org/dmi-framework#Prov_official
FRA,2020,developed_eu,X8,2.2742,official,world_bank,official_api,acquire,http://purl.org/dmi-framework#SE_X8_FRA_2020,http://purl.org/dmi-framework#Ind_X8,http://purl.org/dmi-framework#Country_FRA,http://purl.org/dmi-framework#Phase_Acquire,http://purl.org/dmi-framework#Source_world_bank,http://purl.org/dmi-framework#Prov_official
FRA,2021,developed_eu,X8,2.21278,official,world_bank,official_api,acquire,http://purl.org/dmi-framework#SE_X8_FRA_2021,http://purl.org/dmi-framework#Ind_X8,http://purl.org/dmi-framework#Country_FRA,http://purl.org/dmi-framework#Phase_Acquire,http://purl.org/dmi-framework#Source_world_bank,http://purl.org/dmi-framework#Prov_official
FRA,2022,developed_eu,X8,2.21937,official,world_bank,official_api,acquire,http://purl.org/dmi-framework#SE_X8_FRA_2022,http://purl.org/dmi-framework#Ind_X8,http://purl.org/dmi-framework#Country_FRA,http://purl.org/dmi-framework#Phase_Acquire,http://purl.org/dmi-framework#Source_world_bank,http://purl.org/dmi-framework#Prov_official
FRA,2023,developed_eu,X8,2.17832,official,world_bank,official_api,acquire,http://purl.org/dmi-framework#SE_X8_FRA_2023,http://purl.org/dmi-framework#Ind_X8,http://purl.org/dmi-framework#Country_FRA,http://purl.org/dmi-framework#Phase_Acquire,http://purl.org/dmi-framework#Source_world_bank,http://purl.org/dmi-framework#Prov_official
FRA,2024,developed_eu,X8,2.17832,carried_forward,world_bank,official_api,acquire,http://purl.org/dmi-framework#SE_X8_FRA_2024,http://purl.org/dmi-framework#Ind_X8,http://purl.org/dmi-framework#Country_FRA,http://purl.org/dmi-framework#Phase_Acquire,http://purl.org/dmi-framework#Source_world_bank,http://purl.org/dmi-framework#Prov_carried_forward
FRA,2025,developed_eu,X8,2.17832,carried_forward,world_bank,official_api,acquire,http://purl.org/dmi-framework#SE_X8_FRA_2025,http://purl.org/dmi-framework#Ind_X8,http://purl.org/dmi-framework#Country_FRA,http://purl.org/dmi-framework#Phase_Acquire,http://purl.org/dmi-framework#Source_world_bank,http://purl.org/dmi-framework#Prov_carried_forward
GBR,2012,developed_eu,X8,1.57587,official,world_bank,official_api,acquire,http://purl.org/dmi-framework#SE_X8_GBR_2012,http://purl.org/dmi-framework#Ind_X8,http://purl.org/dmi-framework#Country_GBR,http://purl.org/dmi-framework#Phase_Acquire,http://purl.org/dmi-framework#Source_world_bank,http://purl.org/dmi-framework#Prov_official
GBR,2013,developed_eu,X8,1.62096,official,world_bank,official_api,acquire,http://purl.org/dmi-framework#SE_X8_GBR_2013,http://purl.org/dmi-framework#Ind_X8,http://purl.org/dmi-framework#Country_GBR,http://purl.org/dmi-framework#Phase_Acquire,http://purl.org/dmi-framework#Source_world_bank,http://purl.org/dmi-framework#Prov_official
GBR,2014,developed_eu,X8,2.26488,official,world_bank,official_api,acquire,http://purl.org/dmi-framework#SE_X8_GBR_2014,http://purl.org/dmi-framework#Ind_X8,http://purl.org/dmi-framework#Country_GBR,http://purl.org/dmi-framework#Phase_Acquire,http://purl.org/dmi-framework#Source_world_bank,http://purl.org/dmi-framework#Prov_official
GBR,2015,developed_eu,X8,2.27566,official,world_bank,official_api,acquire,http://purl.org/dmi-framework#SE_X8_GBR_2015,http://purl.org/dmi-framework#Ind_X8,http://purl.org/dmi-framework#Country_GBR,http://purl.org/dmi-framework#Phase_Acquire,http://purl.org/dmi-framework#Source_world_bank,http://purl.org/dmi-framework#Prov_official
GBR,2016,developed_eu,X8,2.32051,official,world_bank,official_api,acquire,http://purl.org/dmi-framework#SE_X8_GBR_2016,http://purl.org/dmi-framework#Ind_X8,http://purl.org/dmi-framework#Country_GBR,http://purl.org/dmi-framework#Phase_Acquire,http://purl.org/dmi-framework#Source_world_bank,http://purl.org/dmi-framework#Prov_official
GBR,2017,developed_eu,X8,2.32602,official,world_bank,official_api,acquire,http://purl.org/dmi-framework#SE_X8_GBR_2017,http://purl.org/dmi-framework#Ind_X8,http://purl.org/dmi-framework#Country_GBR,http://purl.org/dmi-framework#Phase_Acquire,http://purl.org/dmi-framework#Source_world_bank,http://purl.org/dmi-framework#Prov_official
GBR,2018,developed_eu,X8,2.70889,official,world_bank,official_api,acquire,http://purl.org/dmi-framework#SE_X8_GBR_2018,http://purl.org/dmi-framework#Ind_X8,http://purl.org/dmi-framework#Country_GBR,http://purl.org/dmi-framework#Phase_Acquire,http://purl.org/dmi-framework#Source_world_bank,http://purl.org/dmi-framework#Prov_official
GBR,2019,developed_eu,X8,2.6707,official,world_bank,official_api,acquire,http://purl.org/dmi-framework#SE_X8_GBR_2019,http://purl.org/dmi-framework#Ind_X8,http://purl.org/dmi-framework#Country_GBR,http://purl.org/dmi-framework#Phase_Acquire,http://purl.org/dmi-framework#Source_world_bank,http://purl.org/dmi-framework#Prov_official
GBR,2020,developed_eu,X8,2.93993,official,world_bank,official_api,acquire,http://purl.org/dmi-framework#SE_X8_GBR_2020,http://purl.org/dmi-framework#Ind_X8,http://purl.org/dmi-framework#Country_GBR,http://purl.org/dmi-framework#Phase_Acquire,http://purl.org/dmi-framework#Source_world_bank,http://purl.org/dmi-framework#Prov_official
GBR,2021,developed_eu,X8,2.89968,official,world_bank,official_api,acquire,http://purl.org/dmi-framework#SE_X8_GBR_2021,http://purl.org/dmi-framework#Ind_X8,http://purl.org/dmi-framework#Country_GBR,http://purl.org/dmi-framework#Phase_Acquire,http://purl.org/dmi-framework#Source_world_bank,http://purl.org/dmi-framework#Prov_official
GBR,2022,developed_eu,X8,2.75224,official,world_bank,official_api,acquire,http://purl.org/dmi-framework#SE_X8_GBR_2022,http://purl.org/dmi-framework#Ind_X8,http://purl.org/dmi-framework#Country_GBR,http://purl.org/dmi-framework#Phase_Acquire,http://purl.org/dmi-framework#Source_world_bank,http://purl.org/dmi-framework#Prov_official
GBR,2023,developed_eu,X8,2.67614,official,world_bank,official_api,acquire,http://purl.org/dmi-framework#SE_X8_GBR_2023,http://purl.org/dmi-framework#Ind_X8,http://purl.org/dmi-framework#Country_GBR,http://purl.org/dmi-framework#Phase_Acquire,http://purl.org/dmi-framework#Source_world_bank,http://purl.org/dmi-framework#Prov_official
GBR,2024,developed_eu,X8,2.67614,carried_forward,world_bank,official_api,acquire,http://purl.org/dmi-framework#SE_X8_GBR_2024,http://purl.org/dmi-framework#Ind_X8,http://purl.org/dmi-framework#Country_GBR,http://purl.org/dmi-framework#Phase_Acquire,http://purl.org/dmi-framework#Source_world_bank,http://purl.org/dmi-framework#Prov_carried_forward
GBR,2025,developed_eu,X8,2.67614,carried_forward,world_bank,official_api,acquire,http://purl.org/dmi-framework#SE_X8_GBR_2025,http://purl.org/dmi-framework#Ind_X8,http://purl.org/dmi-framework#Country_GBR,http://purl.org/dmi-framework#Phase_Acquire,http://purl.org/dmi-framework#Source_world_bank,http://purl.org/dmi-framework#Prov_carried_forward
IND,2012,developing,X8,0.74399,official,world_bank,official_api,acquire,http://purl.org/dmi-framework#SE_X8_IND_2012,http://purl.org/dmi-framework#Ind_X8,http://purl.org/dmi-framework#Country_IND,http://purl.org/dmi-framework#Phase_Acquire,http://purl.org/dmi-framework#Source_world_bank,http://purl.org/dmi-framework#Prov_official
IND,2013,developing,X8,0.70642,official,world_bank,official_api,acquire,http://purl.org/dmi-framework#SE_X8_IND_2013,http://purl.org/dmi-framework#Ind_X8,http://purl.org/dmi-framework#Country_IND,http://purl.org/dmi-framework#Phase_Acquire,http://purl.org/dmi-framework#Source_world_bank,http://purl.org/dmi-framework#Prov_official
IND,2014,developing,X8,0.70158,official,world_bank,official_api,acquire,http://purl.org/dmi-framework#SE_X8_IND_2014,http://purl.org/dmi-framework#Ind_X8,http://purl.org/dmi-framework#Country_IND,http://purl.org/dmi-framework#Phase_Acquire,http://purl.org/dmi-framework#Source_world_bank,http://purl.org/dmi-framework#Prov_official
IND,2015,developing,X8,0.6931,official,world_bank,official_api,acquire,http://purl.org/dmi-framework#SE_X8_IND_2015,http://purl.org/dmi-framework#Ind_X8,http://purl.org/dmi-framework#Country_IND,http://purl.org/dmi-framework#Phase_Acquire,http://purl.org/dmi-framework#Source_world_bank,http://purl.org/dmi-framework#Prov_official
IND,2016,developing,X8,0.66984,official,world_bank,official_api,acquire,http://purl.org/dmi-framework#SE_X8_IND_2016,http://purl.org/dmi-framework#Ind_X8,http://purl.org/dmi-framework#Country_IND,http://purl.org/dmi-framework#Phase_Acquire,http://purl.org/dmi-framework#Source_world_bank,http://purl.org/dmi-framework#Prov_official
IND,2017,developing,X8,0.66603,official,world_bank,official_api,acquire,http://purl.org/dmi-framework#SE_X8_IND_2017,http://purl.org/dmi-framework#Ind_X8,http://purl.org/dmi-framework#Country_IND,http://purl.org/dmi-framework#Phase_Acquire,http://purl.org/dmi-framework#Source_world_bank,http://purl.org/dmi-framework#Prov_official
IND,2018,developing,X8,0.66001,official,world_bank,official_api,acquire,http://purl.org/dmi-framework#SE_X8_IND_2018,http://purl.org/dmi-framework#Ind_X8,http://purl.org/dmi-framework#Country_IND,http://purl.org/dmi-framework#Phase_Acquire,http://purl.org/dmi-framework#Source_world_bank,http://purl.org/dmi-framework#Prov_official
IND,2019,developing,X8,0.65942,official,world_bank,official_api,acquire,http://purl.org/dmi-framework#SE_X8_IND_2019,http://purl.org/dmi-framework#Ind_X8,http://purl.org/dmi-framework#Country_IND,http://purl.org/dmi-framework#Phase_Acquire,http://purl.org/dmi-framework#Source_world_bank,http://purl.org/dmi-framework#Prov_official
IND,2020,developing,X8,0.64558,official,world_bank,official_api,acquire,http://purl.org/dmi-framework#SE_X8_IND_2020,http://purl.org/dmi-framework#Ind_X8,http://purl.org/dmi-framework#Country_IND,http://purl.org/dmi-framework#Phase_Acquire,http://purl.org/dmi-framework#Source_world_bank,http://purl.org/dmi-framework#Prov_official
IND,2021,developing,X8,0.64558,carried_forward,world_bank,official_api,acquire,http://purl.org/dmi-framework#SE_X8_IND_2021,http://purl.org/dmi-framework#Ind_X8,http://purl.org/dmi-framework#Country_IND,http://purl.org/dmi-framework#Phase_Acquire,http://purl.org/dmi-framework#Source_world_bank,http://purl.org/dmi-framework#Prov_carried_forward
IND,2022,developing,X8,0.64558,carried_forward,world_bank,official_api,acquire,http://purl.org/dmi-framework#SE_X8_IND_2022,http://purl.org/dmi-framework#Ind_X8,http://purl.org/dmi-framework#Country_IND,http://purl.org/dmi-framework#Phase_Acquire,http://purl.org/dmi-framework#Source_world_bank,http://purl.org/dmi-framework#Prov_carried_forward
IND,2023,developing,X8,,missing,world_bank,official_api,acquire,http://purl.org/dmi-framework#SE_X8_IND_2023,http://purl.org/dmi-framework#Ind_X8,http://purl.org/dmi-framework#Country_IND,http://purl.org/dmi-framework#Phase_Acquire,http://purl.org/dmi-framework#Source_world_bank,http://purl.org/dmi-framework#Prov_missing
IND,2024,developing,X8,,missing,world_bank,official_api,acquire,http://purl.org/dmi-framework#SE_X8_IND_2024,http://purl.org/dmi-framework#Ind_X8,http://purl.org/dmi-framework#Country_IND,http://purl.org/dmi-framework#Phase_Acquire,http://purl.org/dmi-framework#Source_world_bank,http://purl.org/dmi-framework#Prov_missing
IND,2025,developing,X8,,missing,world_bank,official_api,acquire,http://purl.org/dmi-framework#SE_X8_IND_2025,http://purl.org/dmi-framework#Ind_X8,http://purl.org/dmi-framework#Country_IND,http://purl.org/dmi-framework#Phase_Acquire,http://purl.org/dmi-framework#Source_world_bank,http://purl.org/dmi-framework#Prov_missing
MKD,2012,balkan,X8,0.32676,official,world_bank,official_api,acquire,http://purl.org/dmi-framework#SE_X8_MKD_2012,http://purl.org/dmi-framework#Ind_X8,http://purl.org/dmi-framework#Country_MKD,http://purl.org/dmi-framework#Phase_Acquire,http://purl.org/dmi-framework#Source_world_bank,http://purl.org/dmi-framework#Prov_official
MKD,2013,balkan,X8,0.43894,official,world_bank,official_api,acquire,http://purl.org/dmi-framework#SE_X8_MKD_2013,http://purl.org/dmi-framework#Ind_X8,http://purl.org/dmi-framework#Country_MKD,http://purl.org/dmi-framework#Phase_Acquire,http://purl.org/dmi-framework#Source_world_bank,http://purl.org/dmi-framework#Prov_official
MKD,2014,balkan,X8,0.51646,official,world_bank,official_api,acquire,http://purl.org/dmi-framework#SE_X8_MKD_2014,http://purl.org/dmi-framework#Ind_X8,http://purl.org/dmi-framework#Country_MKD,http://purl.org/dmi-framework#Phase_Acquire,http://purl.org/dmi-framework#Source_world_bank,http://purl.org/dmi-framework#Prov_official
MKD,2015,balkan,X8,0.44412,official,world_bank,official_api,acquire,http://purl.org/dmi-framework#SE_X8_MKD_2015,http://purl.org/dmi-framework#Ind_X8,http://purl.org/dmi-framework#Country_MKD,http://purl.org/dmi-framework#Phase_Acquire,http://purl.org/dmi-framework#Source_world_bank,http://purl.org/dmi-framework#Prov_official
MKD,2016,balkan,X8,0.43585,official,world_bank,official_api,acquire,http://purl.org/dmi-framework#SE_X8_MKD_2016,http://purl.org/dmi-framework#Ind_X8,http://purl.org/dmi-framework#Country_MKD,http://purl.org/dmi-framework#Phase_Acquire,http://purl.org/dmi-framework#Source_world_bank,http://purl.org/dmi-framework#Prov_official
MKD,2017,balkan,X8,0.35439,official,world_bank,official_api,acquire,http://purl.org/dmi-framework#SE_X8_MKD_2017,http://purl.org/dmi-framework#Ind_X8,http://purl.org/dmi-framework#Country_MKD,http://purl.org/dmi-framework#Phase_Acquire,http://purl.org/dmi-framework#Source_world_bank,http://purl.org/dmi-framework#Prov_official
MKD,2018,balkan,X8,0.36367,official,world_bank,official_api,acquire,http://purl.org/dmi-framework#SE_X8_MKD_2018,http://purl.org/dmi-framework#Ind_X8,http://purl.org/dmi-framework#Country_MKD,http://purl.org/dmi-framework#Phase_Acquire,http://purl.org/dmi-framework#Source_world_bank,http://purl.org/dmi-framework#Prov_official
MKD,2019,balkan,X8,0.36783,official,world_bank,official_api,acquire,http://purl.org/dmi-framework#SE_X8_MKD_2019,http://purl.org/dmi-framework#Ind_X8,http://purl.org/dmi-framework#Country_MKD,http://purl.org/dmi-framework#Phase_Acquire,http://purl.org/dmi-framework#Source_world_bank,http://purl.org/dmi-framework#Prov_official
MKD,2020,balkan,X8,0.37264,official,world_bank,official_api,acquire,http://purl.org/dmi-framework#SE_X8_MKD_2020,http://purl.org/dmi-framework#Ind_X8,http://purl.org/dmi-framework#Country_MKD,http://purl.org/dmi-framework#Phase_Acquire,http://purl.org/dmi-framework#Source_world_bank,http://purl.org/dmi-framework#Prov_official
MKD,2021,balkan,X8,0.37252,official,world_bank,official_api,acquire,http://purl.org/dmi-framework#SE_X8_MKD_2021,http://purl.org/dmi-framework#Ind_X8,http://purl.org/dmi-framework#Country_MKD,http://purl.org/dmi-framework#Phase_Acquire,http://purl.org/dmi-framework#Source_world_bank,http://purl.org/dmi-framework#Prov_official
MKD,2022,balkan,X8,0.37372,official,world_bank,official_api,acquire,http://purl.org/dmi-framework#SE_X8_MKD_2022,http://purl.org/dmi-framework#Ind_X8,http://purl.org/dmi-framework#Country_MKD,http://purl.org/dmi-framework#Phase_Acquire,http://purl.org/dmi-framework#Source_world_bank,http://purl.org/dmi-framework#Prov_official
MKD,2023,balkan,X8,0.3699,official,world_bank,official_api,acquire,http://purl.org/dmi-framework#SE_X8_MKD_2023,http://purl.org/dmi-framework#Ind_X8,http://purl.org/dmi-framework#Country_MKD,http://purl.org/dmi-framework#Phase_Acquire,http://purl.org/dmi-framework#Source_world_bank,http://purl.org/dmi-framework#Prov_official
MKD,2024,balkan,X8,0.37363,official,world_bank,official_api,acquire,http://purl.org/dmi-framework#SE_X8_MKD_2024,http://purl.org/dmi-framework#Ind_X8,http://purl.org/dmi-framework#Country_MKD,http://purl.org/dmi-framework#Phase_Acquire,http://purl.org/dmi-framework#Source_world_bank,http://purl.org/dmi-framework#Prov_official
MKD,2025,balkan,X8,0.37363,carried_forward,world_bank,official_api,acquire,http://purl.org/dmi-framework#SE_X8_MKD_2025,http://purl.org/dmi-framework#Ind_X8,http://purl.org/dmi-framework#Country_MKD,http://purl.org/dmi-framework#Phase_Acquire,http://purl.org/dmi-framework#Source_world_bank,http://purl.org/dmi-framework#Prov_carried_forward
SRB,2012,balkan,X8,0.81922,official,world_bank,official_api,acquire,http://purl.org/dmi-framework#SE_X8_SRB_2012,http://purl.org/dmi-framework#Ind_X8,http://purl.org/dmi-framework#Country_SRB,http://purl.org/dmi-framework#Phase_Acquire,http://purl.org/dmi-framework#Source_world_bank,http://purl.org/dmi-framework#Prov_official
SRB,2013,balkan,X8,0.65574,official,world_bank,official_api,acquire,http://purl.org/dmi-framework#SE_X8_SRB_2013,http://purl.org/dmi-framework#Ind_X8,http://purl.org/dmi-framework#Country_SRB,http://purl.org/dmi-framework#Phase_Acquire,http://purl.org/dmi-framework#Source_world_bank,http://purl.org/dmi-framework#Prov_official
SRB,2014,balkan,X8,0.69287,official,world_bank,official_api,acquire,http://purl.org/dmi-framework#SE_X8_SRB_2014,http://purl.org/dmi-framework#Ind_X8,http://purl.org/dmi-framework#Country_SRB,http://purl.org/dmi-framework#Phase_Acquire,http://purl.org/dmi-framework#Source_world_bank,http://purl.org/dmi-framework#Prov_official
SRB,2015,balkan,X8,0.77867,official,world_bank,official_api,acquire,http://purl.org/dmi-framework#SE_X8_SRB_2015,http://purl.org/dmi-framework#Ind_X8,http://purl.org/dmi-framework#Country_SRB,http://purl.org/dmi-framework#Phase_Acquire,http://purl.org/dmi-framework#Source_world_bank,http://purl.org/dmi-framework#Prov_official
SRB,2016,balkan,X8,0.80779,official,world_bank,official_api,acquire,http://purl.org/dmi-framework#SE_X8_SRB_2016,http://purl.org/dmi-framework#Ind_X8,http://purl.org/dmi-framework#Country_SRB,http://purl.org/dmi-framework#Phase_Acquire,http://purl.org/dmi-framework#Source_world_bank,http://purl.org/dmi-framework#Prov_official
SRB,2017,balkan,X8,0.83834,official,world_bank,official_api,acquire,http://purl.org/dmi-framework#SE_X8_SRB_2017,http://purl.org/dmi-framework#Ind_X8,http://purl.org/dmi-framework#Country_SRB,http://purl.org/dmi-framework#Phase_Acquire,http://purl.org/dmi-framework#Source_world_bank,http://purl.org/dmi-framework#Prov_official
SRB,2018,balkan,X8,0.88154,official,world_bank,official_api,acquire,http://purl.org/dmi-framework#SE_X8_SRB_2018,http://purl.org/dmi-framework#Ind_X8,http://purl.org/dmi-framework#Country_SRB,http://purl.org/dmi-framework#Phase_Acquire,http://purl.org/dmi-framework#Source_world_bank,http://purl.org/dmi-framework#Prov_official
SRB,2019,balkan,X8,0.84798,official,world_bank,official_api,acquire,http://purl.org/dmi-framework#SE_X8_SRB_2019,http://purl.org/dmi-framework#Ind_X8,http://purl.org/dmi-framework#Country_SRB,http://purl.org/dmi-framework#Phase_Acquire,http://purl.org/dmi-framework#Source_world_bank,http://purl.org/dmi-framework#Prov_official
SRB,2020,balkan,X8,0.86478,official,world_bank,official_api,acquire,http://purl.org/dmi-framework#SE_X8_SRB_2020,http://purl.org/dmi-framework#Ind_X8,http://purl.org/dmi-framework#Country_SRB,http://purl.org/dmi-framework#Phase_Acquire,http://purl.org/dmi-framework#Source_world_bank,http://purl.org/dmi-framework#Prov_official
SRB,2021,balkan,X8,0.94784,official,world_bank,official_api,acquire,http://purl.org/dmi-framework#SE_X8_SRB_2021,http://purl.org/dmi-framework#Ind_X8,http://purl.org/dmi-framework#Country_SRB,http://purl.org/dmi-framework#Phase_Acquire,http://purl.org/dmi-framework#Source_world_bank,http://purl.org/dmi-framework#Prov_official
SRB,2022,balkan,X8,0.91938,official,world_bank,official_api,acquire,http://purl.org/dmi-framework#SE_X8_SRB_2022,http://purl.org/dmi-framework#Ind_X8,http://purl.org/dmi-framework#Country_SRB,http://purl.org/dmi-framework#Phase_Acquire,http://purl.org/dmi-framework#Source_world_bank,http://purl.org/dmi-framework#Prov_official
SRB,2023,balkan,X8,0.87816,official,world_bank,official_api,acquire,http://purl.org/dmi-framework#SE_X8_SRB_2023,http://purl.org/dmi-framework#Ind_X8,http://purl.org/dmi-framework#Country_SRB,http://purl.org/dmi-framework#Phase_Acquire,http://purl.org/dmi-framework#Source_world_bank,http://purl.org/dmi-framework#Prov_official
SRB,2024,balkan,X8,0.93978,official,world_bank,official_api,acquire,http://purl.org/dmi-framework#SE_X8_SRB_2024,http://purl.org/dmi-framework#Ind_X8,http://purl.org/dmi-framework#Country_SRB,http://purl.org/dmi-framework#Phase_Acquire,http://purl.org/dmi-framework#Source_world_bank,http://purl.org/dmi-framework#Prov_official
SRB,2025,balkan,X8,0.93978,carried_forward,world_bank,official_api,acquire,http://purl.org/dmi-framework#SE_X8_SRB_2025,http://purl.org/dmi-framework#Ind_X8,http://purl.org/dmi-framework#Country_SRB,http://purl.org/dmi-framework#Phase_Acquire,http://purl.org/dmi-framework#Source_world_bank,http://purl.org/dmi-framework#Prov_carried_forward
SVN,2012,balkan,X8,2.58339,official,world_bank,official_api,acquire,http://purl.org/dmi-framework#SE_X8_SVN_2012,http://purl.org/dmi-framework#Ind_X8,http://purl.org/dmi-framework#Country_SVN,http://purl.org/dmi-framework#Phase_Acquire,http://purl.org/dmi-framework#Source_world_bank,http://purl.org/dmi-framework#Prov_official
SVN,2013,balkan,X8,2.59426,official,world_bank,official_api,acquire,http://purl.org/dmi-framework#SE_X8_SVN_2013,http://purl.org/dmi-framework#Ind_X8,http://purl.org/dmi-framework#Country_SVN,http://purl.org/dmi-framework#Phase_Acquire,http://purl.org/dmi-framework#Source_world_bank,http://purl.org/dmi-framework#Prov_official
SVN,2014,balkan,X8,2.38854,official,world_bank,official_api,acquire,http://purl.org/dmi-framework#SE_X8_SVN_2014,http://purl.org/dmi-framework#Ind_X8,http://purl.org/dmi-framework#Country_SVN,http://purl.org/dmi-framework#Phase_Acquire,http://purl.org/dmi-framework#Source_world_bank,http://purl.org/dmi-framework#Prov_official
SVN,2015,balkan,X8,2.21611,official,world_bank,official_api,acquire,http://purl.org/dmi-framework#SE_X8_SVN_2015,http://purl.org/dmi-framework#Ind_X8,http://purl.org/dmi-framework#Country_SVN,http://purl.org/dmi-framework#Phase_Acquire,http://purl.org/dmi-framework#Source_world_bank,http://purl.org/dmi-framework#Prov_official
SVN,2016,balkan,X8,2.02922,official,world_bank,official_api,acquire,http://purl.org/dmi-framework#SE_X8_SVN_2016,http://purl.org/dmi-framework#Ind_X8,http://purl.org/dmi-framework#Country_SVN,http://purl.org/dmi-framework#Phase_Acquire,http://purl.org/dmi-framework#Source_world_bank,http://purl.org/dmi-framework#Prov_official
SVN,2017,balkan,X8,1.88219,official,world_bank,official_api,acquire,http://purl.org/dmi-framework#SE_X8_SVN_2017,http://purl.org/dmi-framework#Ind_X8,http://purl.org/dmi-framework#Country_SVN,http://purl.org/dmi-framework#Phase_Acquire,http://purl.org/dmi-framework#Source_world_bank,http://purl.org/dmi-framework#Prov_official
SVN,2018,balkan,X8,1.96365,official,world_bank,official_api,acquire,http://purl.org/dmi-framework#SE_X8_SVN_2018,http://purl.org/dmi-framework#Ind_X8,http://purl.org/dmi-framework#Country_SVN,http://purl.org/dmi-framework#Phase_Acquire,http://purl.org/dmi-framework#Source_world_bank,http://purl.org/dmi-framework#Prov_official
SVN,2019,balkan,X8,2.05725,official,world_bank,official_api,acquire,http://purl.org/dmi-framework#SE_X8_SVN_2019,http://purl.org/dmi-framework#Ind_X8,http://purl.org/dmi-framework#Country_SVN,http://purl.org/dmi-framework#Phase_Acquire,http://purl.org/dmi-framework#Source_world_bank,http://purl.org/dmi-framework#Prov_official
SVN,2020,balkan,X8,2.15559,official,world_bank,official_api,acquire,http://purl.org/dmi-framework#SE_X8_SVN_2020,http://purl.org/dmi-framework#Ind_X8,http://purl.org/dmi-framework#Country_SVN,http://purl.org/dmi-framework#Phase_Acquire,http://purl.org/dmi-framework#Source_world_bank,http://purl.org/dmi-framework#Prov_official
SVN,2021,balkan,X8,2.13847,official,world_bank,official_api,acquire,http://purl.org/dmi-framework#SE_X8_SVN_2021,http://purl.org/dmi-framework#Ind_X8,http://purl.org/dmi-framework#Country_SVN,http://purl.org/dmi-framework#Phase_Acquire,http://purl.org/dmi-framework#Source_world_bank,http://purl.org/dmi-framework#Prov_official
SVN,2022,balkan,X8,2.1,official,world_bank,official_api,acquire,http://purl.org/dmi-framework#SE_X8_SVN_2022,http://purl.org/dmi-framework#Ind_X8,http://purl.org/dmi-framework#Country_SVN,http://purl.org/dmi-framework#Phase_Acquire,http://purl.org/dmi-framework#Source_world_bank,http://purl.org/dmi-framework#Prov_official
SVN,2023,balkan,X8,2.13385,official,world_bank,official_api,acquire,http://purl.org/dmi-framework#SE_X8_SVN_2023,http://purl.org/dmi-framework#Ind_X8,http://purl.org/dmi-framework#Country_SVN,http://purl.org/dmi-framework#Phase_Acquire,http://purl.org/dmi-framework#Source_world_bank,http://purl.org/dmi-framework#Prov_official
SVN,2024,balkan,X8,2.13385,carried_forward,world_bank,official_api,acquire,http://purl.org/dmi-framework#SE_X8_SVN_2024,http://purl.org/dmi-framework#Ind_X8,http://purl.org/dmi-framework#Country_SVN,http://purl.org/dmi-framework#Phase_Acquire,http://purl.org/dmi-framework#Source_world_bank,http://purl.org/dmi-framework#Prov_carried_forward
SVN,2025,balkan,X8,2.13385,carried_forward,world_bank,official_api,acquire,http://purl.org/dmi-framework#SE_X8_SVN_2025,http://purl.org/dmi-framework#Ind_X8,http://purl.org/dmi-framework#Country_SVN,http://purl.org/dmi-framework#Phase_Acquire,http://purl.org/dmi-framework#Source_world_bank,http://purl.org/dmi-framework#Prov_carried_forward
USA,2012,developed_non_eu,X8,2.67272,official,world_bank,official_api,acquire,http://purl.org/dmi-framework#SE_X8_USA_2012,http://purl.org/dmi-framework#Ind_X8,http://purl.org/dmi-framework#Country_USA,http://purl.org/dmi-framework#Phase_Acquire,http://purl.org/dmi-framework#Source_world_bank,http://purl.org/dmi-framework#Prov_official
USA,2013,developed_non_eu,X8,2.69591,official,world_bank,official_api,acquire,http://purl.org/dmi-framework#SE_X8_USA_2013,http://purl.org/dmi-framework#Ind_X8,http://purl.org/dmi-framework#Country_USA,http://purl.org/dmi-framework#Phase_Acquire,http://purl.org/dmi-framework#Source_world_bank,http://purl.org/dmi-framework#Prov_official
USA,2014,developed_non_eu,X8,2.70882,official,world_bank,official_api,acquire,http://purl.org/dmi-framework#SE_X8_USA_2014,http://purl.org/dmi-framework#Ind_X8,http://purl.org/dmi-framework#Country_USA,http://purl.org/dmi-framework#Phase_Acquire,http://purl.org/dmi-framework#Source_world_bank,http://purl.org/dmi-framework#Prov_official
USA,2015,developed_non_eu,X8,2.77328,official,world_bank,official_api,acquire,http://purl.org/dmi-framework#SE_X8_USA_2015,http://purl.org/dmi-framework#Ind_X8,http://purl.org/dmi-framework#Country_USA,http://purl.org/dmi-framework#Phase_Acquire,http://purl.org/dmi-framework#Source_world_bank,http://purl.org/dmi-framework#Prov_official
USA,2016,developed_non_eu,X8,2.83677,official,world_bank,official_api,acquire,http://purl.org/dmi-framework#SE_X8_USA_2016,http://purl.org/dmi-framework#Ind_X8,http://purl.org/dmi-framework#Country_USA,http://purl.org/dmi-framework#Phase_Acquire,http://purl.org/dmi-framework#Source_world_bank,http://purl.org/dmi-framework#Prov_official
USA,2017,developed_non_eu,X8,2.88315,official,world_bank,official_api,acquire,http://purl.org/dmi-framework#SE_X8_USA_2017,http://purl.org/dmi-framework#Ind_X8,http://purl.org/dmi-framework#Country_USA,http://purl.org/dmi-framework#Phase_Acquire,http://purl.org/dmi-framework#Source_world_bank,http://purl.org/dmi-framework#Prov_official
USA,2018,developed_non_eu,X8,2.98956,official,world_bank,official_api,acquire,http://purl.org/dmi-framework#SE_X8_USA_2018,http://purl.org/dmi-framework#Ind_X8,http://purl.org/dmi-framework#Country_USA,http://purl.org/dmi-framework#Phase_Acquire,http://purl.org/dmi-framework#Source_world_bank,http://purl.org/dmi-framework#Prov_official
USA,2019,developed_non_eu,X8,3.14297,official,world_bank,official_api,acquire,http://purl.org/dmi-framework#SE_X8_USA_2019,http://purl.org/dmi-framework#Ind_X8,http://purl.org/dmi-framework#Country_USA,http://purl.org/dmi-framework#Phase_Acquire,http://purl.org/dmi-framework#Source_world_bank,http://purl.org/dmi-framework#Prov_official
USA,2020,developed_non_eu,X8,3.41788,official,world_bank,official_api,acquire,http://purl.org/dmi-framework#SE_X8_USA_2020,http://purl.org/dmi-framework#Ind_X8,http://purl.org/dmi-framework#Country_USA,http://purl.org/dmi-framework#Phase_Acquire,http://purl.org/dmi-framework#Source_world_bank,http://purl.org/dmi-framework#Prov_official
USA,2021,developed_non_eu,X8,3.4689,official,world_bank,official_api,acquire,http://purl.org/dmi-framework#SE_X8_USA_2021,http://purl.org/dmi-framework#Ind_X8,http://purl.org/dmi-framework#Country_USA,http://purl.org/dmi-framework#Phase_Acquire,http://purl.org/dmi-framework#Source_world_bank,http://purl.org/dmi-framework#Prov_official
USA,2022,developed_non_eu,X8,3.48736,official,world_bank,official_api,acquire,http://purl.org/dmi-framework#SE_X8_USA_2022,http://purl.org/dmi-framework#Ind_X8,http://purl.org/dmi-framework#Country_USA,http://purl.org/dmi-framework#Phase_Acquire,http://purl.org/dmi-framework#Source_world_bank,http://purl.org/dmi-framework#Prov_official
USA,2023,developed_non_eu,X8,3.44716,official,world_bank,official_api,acquire,http://purl.org/dmi-framework#SE_X8_USA_2023,http://purl.org/dmi-framework#Ind_X8,http://purl.org/dmi-framework#Country_USA,http://purl.org/dmi-framework#Phase_Acquire,http://purl.org/dmi-framework#Source_world_bank,http://purl.org/dmi-framework#Prov_official
USA,2024,developed_non_eu,X8,3.44716,carried_forward,world_bank,official_api,acquire,http://purl.org/dmi-framework#SE_X8_USA_2024,http://purl.org/dmi-framework#Ind_X8,http://purl.org/dmi-framework#Country_USA,http://purl.org/dmi-framework#Phase_Acquire,http://purl.org/dmi-framework#Source_world_bank,http://purl.org/dmi-framework#Prov_carried_forward
USA,2025,developed_non_eu,X8,3.44716,carried_forward,world_bank,official_api,acquire,http://purl.org/dmi-framework#SE_X8_USA_2025,http://purl.org/dmi-framework#Ind_X8,http://purl.org/dmi-framework#Country_USA,http://purl.org/dmi-framework#Phase_Acquire,http://purl.org/dmi-framework#Source_world_bank,http://purl.org/dmi-framework#Prov_carried_forward
ARG,2012,developing,X9,12.3128038476996,official,world_bank,official_api,acquire,http://purl.org/dmi-framework#SE_X9_ARG_2012,http://purl.org/dmi-framework#Ind_X9,http://purl.org/dmi-framework#Country_ARG,http://purl.org/dmi-framework#Phase_Acquire,http://purl.org/dmi-framework#Source_world_bank,http://purl.org/dmi-framework#Prov_official
ARG,2013,developing,X9,12.6482552856751,official,world_bank,official_api,acquire,http://purl.org/dmi-framework#SE_X9_ARG_2013,http://purl.org/dmi-framework#Ind_X9,http://purl.org/dmi-framework#Country_ARG,http://purl.org/dmi-framework#Phase_Acquire,http://purl.org/dmi-framework#Source_world_bank,http://purl.org/dmi-framework#Prov_official
ARG,2014,developing,X9,10.7750437433971,official,world_bank,official_api,acquire,http://purl.org/dmi-framework#SE_X9_ARG_2014,http://purl.org/dmi-framework#Ind_X9,http://purl.org/dmi-framework#Country_ARG,http://purl.org/dmi-framework#Phase_Acquire,http://purl.org/dmi-framework#Source_world_bank,http://purl.org/dmi-framework#Prov_official
ARG,2015,developing,X9,11.1514403633977,official,world_bank,official_api,acquire,http://purl.org/dmi-framework#SE_X9_ARG_2015,http://purl.org/dmi-framework#Ind_X9,http://purl.org/dmi-framework#Country_ARG,http://purl.org/dmi-framework#Phase_Acquire,http://purl.org/dmi-framework#Source_world_bank,http://purl.org/dmi-framework#Prov_official
ARG,2016,developing,X9,12.1728743487956,official,world_bank,official_api,acquire,http://purl.org/dmi-framework#SE_X9_ARG_2016,http://purl.org/dmi-framework#Ind_X9,http://purl.org/dmi-framework#Country_ARG,http://purl.org/dmi-framework#Phase_Acquire,http://purl.org/dmi-framework#Source_world_bank,http://purl.org/dmi-framework#Prov_official
ARG,2017,developing,X9,14.3664294795696,official,world_bank,official_api,acquire,http://purl.org/dmi-framework#SE_X9_ARG_2017,http://purl.org/dmi-framework#Ind_X9,http://purl.org/dmi-framework#Country_ARG,http://purl.org/dmi-framework#Phase_Acquire,http://purl.org/dmi-framework#Source_world_bank,http://purl.org/dmi-framework#Prov_official
ARG,2018,developing,X9,14.601915980389,official,world_bank,official_api,acquire,http://purl.org/dmi-framework#SE_X9_ARG_2018,http://purl.org/dmi-framework#Ind_X9,http://purl.org/dmi-framework#Country_ARG,http://purl.org/dmi-framework#Phase_Acquire,http://purl.org/dmi-framework#Source_world_bank,http://purl.org/dmi-framework#Prov_official
ARG,2019,developing,X9,14.1219207494781,official,world_bank,official_api,acquire,http://purl.org/dmi-framework#SE_X9_ARG_2019,http://purl.org/dmi-framework#Ind_X9,http://purl.org/dmi-framework#Country_ARG,http://purl.org/dmi-framework#Phase_Acquire,http://purl.org/dmi-framework#Source_world_bank,http://purl.org/dmi-framework#Prov_official
ARG,2020,developing,X9,20.9927501850159,official,world_bank,official_api,acquire,http://purl.org/dmi-framework#SE_X9_ARG_2020,http://purl.org/dmi-framework#Ind_X9,http://purl.org/dmi-framework#Country_ARG,http://purl.org/dmi-framework#Phase_Acquire,http://purl.org/dmi-framework#Source_world_bank,http://purl.org/dmi-framework#Prov_official
ARG,2021,developing,X9,24.6135588460075,official,world_bank,official_api,acquire,http://purl.org/dmi-framework#SE_X9_ARG_2021,http://purl.org/dmi-framework#Ind_X9,http://purl.org/dmi-framework#Country_ARG,http://purl.org/dmi-framework#Phase_Acquire,http://purl.org/dmi-framework#Source_world_bank,http://purl.org/dmi-framework#Prov_official
ARG,2022,developing,X9,18.8253969663899,official,world_bank,official_api,acquire,http://purl.org/dmi-framework#SE_X9_ARG_2022,http://purl.org/dmi-framework#Ind_X9,http://purl.org/dmi-framework#Country_ARG,http://purl.org/dmi-framework#Phase_Acquire,http://purl.org/dmi-framework#Source_world_bank,http://purl.org/dmi-framework#Prov_official
ARG,2023,developing,X9,15.8712142708089,official,world_bank,official_api,acquire,http://purl.org/dmi-framework#SE_X9_ARG_2023,http://purl.org/dmi-framework#Ind_X9,http://purl.org/dmi-framework#Country_ARG,http://purl.org/dmi-framework#Phase_Acquire,http://purl.org/dmi-framework#Source_world_bank,http://purl.org/dmi-framework#Prov_official
ARG,2024,developing,X9,15.7406131318319,official,world_bank,official_api,acquire,http://purl.org/dmi-framework#SE_X9_ARG_2024,http://purl.org/dmi-framework#Ind_X9,http://purl.org/dmi-framework#Country_ARG,http://purl.org/dmi-framework#Phase_Acquire,http://purl.org/dmi-framework#Source_world_bank,http://purl.org/dmi-framework#Prov_official
ARG,2025,developing,X9,15.66326901765,official,world_bank,official_api,acquire,http://purl.org/dmi-framework#SE_X9_ARG_2025,http://purl.org/dmi-framework#Ind_X9,http://purl.org/dmi-framework#Country_ARG,http://purl.org/dmi-framework#Phase_Acquire,http://purl.org/dmi-framework#Source_world_bank,http://purl.org/dmi-framework#Prov_official
AUS,2012,developed_non_eu,X9,3.71502796948962,official,world_bank,official_api,acquire,http://purl.org/dmi-framework#SE_X9_AUS_2012,http://purl.org/dmi-framework#Ind_X9,http://purl.org/dmi-framework#Country_AUS,http://purl.org/dmi-framework#Phase_Acquire,http://purl.org/dmi-framework#Source_world_bank,http://purl.org/dmi-framework#Prov_official
AUS,2013,developed_non_eu,X9,3.97880538189997,official,world_bank,official_api,acquire,http://purl.org/dmi-framework#SE_X9_AUS_2013,http://purl.org/dmi-framework#Ind_X9,http://purl.org/dmi-framework#Country_AUS,http://purl.org/dmi-framework#Phase_Acquire,http://purl.org/dmi-framework#Source_world_bank,http://purl.org/dmi-framework#Prov_official
AUS,2014,developed_non_eu,X9,4.00269341940975,official,world_bank,official_api,acquire,http://purl.org/dmi-framework#SE_X9_AUS_2014,http://purl.org/dmi-framework#Ind_X9,http://purl.org/dmi-framework#Country_AUS,http://purl.org/dmi-framework#Phase_Acquire,http://purl.org/dmi-framework#Source_world_bank,http://purl.org/dmi-framework#Prov_official
AUS,2015,developed_non_eu,X9,3.48225072552904,official,world_bank,official_api,acquire,http://purl.org/dmi-framework#SE_X9_AUS_2015,http://purl.org/dmi-framework#Ind_X9,http://purl.org/dmi-framework#Country_AUS,http://purl.org/dmi-framework#Phase_Acquire,http://purl.org/dmi-framework#Source_world_bank,http://purl.org/dmi-framework#Prov_official
AUS,2016,developed_non_eu,X9,3.39104131793731,official,world_bank,official_api,acquire,http://purl.org/dmi-framework#SE_X9_AUS_2016,http://purl.org/dmi-framework#Ind_X9,http://purl.org/dmi-framework#Country_AUS,http://purl.org/dmi-framework#Phase_Acquire,http://purl.org/dmi-framework#Source_world_bank,http://purl.org/dmi-framework#Prov_official
AUS,2017,developed_non_eu,X9,3.12846845889695,official,world_bank,official_api,acquire,http://purl.org/dmi-framework#SE_X9_AUS_2017,http://purl.org/dmi-framework#Ind_X9,http://purl.org/dmi-framework#Country_AUS,http://purl.org/dmi-framework#Phase_Acquire,http://purl.org/dmi-framework#Source_world_bank,http://purl.org/dmi-framework#Prov_official
AUS,2018,developed_non_eu,X9,3.34590837120138,official,world_bank,official_api,acquire,http://purl.org/dmi-framework#SE_X9_AUS_2018,http://purl.org/dmi-framework#Ind_X9,http://purl.org/dmi-framework#Country_AUS,http://purl.org/dmi-framework#Phase_Acquire,http://purl.org/dmi-framework#Source_world_bank,http://purl.org/dmi-framework#Prov_official
AUS,2019,developed_non_eu,X9,3.28826166040525,official,world_bank,official_api,acquire,http://purl.org/dmi-framework#SE_X9_AUS_2019,http://purl.org/dmi-framework#Ind_X9,http://purl.org/dmi-framework#Country_AUS,http://purl.org/dmi-framework#Phase_Acquire,http://purl.org/dmi-framework#Source_world_bank,http://purl.org/dmi-framework#Prov_official
AUS,2020,developed_non_eu,X9,3.86127547831478,official,world_bank,official_api,acquire,http://purl.org/dmi-framework#SE_X9_AUS_2020,http://purl.org/dmi-framework#Ind_X9,http://purl.org/dmi-framework#Country_AUS,http://purl.org/dmi-framework#Phase_Acquire,http://purl.org/dmi-framework#Source_world_bank,http://purl.org/dmi-framework#Prov_official
AUS,2021,developed_non_eu,X9,5.18824275459088,official,world_bank,official_api,acquire,http://purl.org/dmi-framework#SE_X9_AUS_2021,http://purl.org/dmi-framework#Ind_X9,http://purl.org/dmi-framework#Country_AUS,http://purl.org/dmi-framework#Phase_Acquire,http://purl.org/dmi-framework#Source_world_bank,http://purl.org/dmi-framework#Prov_official
AUS,2022,developed_non_eu,X9,4.09783060678457,official,world_bank,official_api,acquire,http://purl.org/dmi-framework#SE_X9_AUS_2022,http://purl.org/dmi-framework#Ind_X9,http://purl.org/dmi-framework#Country_AUS,http://purl.org/dmi-framework#Phase_Acquire,http://purl.org/dmi-framework#Source_world_bank,http://purl.org/dmi-framework#Prov_official
AUS,2023,developed_non_eu,X9,3.2373078945217,official,world_bank,official_api,acquire,http://purl.org/dmi-framework#SE_X9_AUS_2023,http://purl.org/dmi-framework#Ind_X9,http://purl.org/dmi-framework#Country_AUS,http://purl.org/dmi-framework#Phase_Acquire,http://purl.org/dmi-framework#Source_world_bank,http://purl.org/dmi-framework#Prov_official
AUS,2024,developed_non_eu,X9,2.9841114443513,official,world_bank,official_api,acquire,http://purl.org/dmi-framework#SE_X9_AUS_2024,http://purl.org/dmi-framework#Ind_X9,http://purl.org/dmi-framework#Country_AUS,http://purl.org/dmi-framework#Phase_Acquire,http://purl.org/dmi-framework#Source_world_bank,http://purl.org/dmi-framework#Prov_official
AUS,2025,developed_non_eu,X9,3.38942347976281,official,world_bank,official_api,acquire,http://purl.org/dmi-framework#SE_X9_AUS_2025,http://purl.org/dmi-framework#Ind_X9,http://purl.org/dmi-framework#Country_AUS,http://purl.org/dmi-framework#Phase_Acquire,http://purl.org/dmi-framework#Source_world_bank,http://purl.org/dmi-framework#Prov_official
BRA,2012,developing,X9,1.91565975312062,official,world_bank,official_api,acquire,http://purl.org/dmi-framework#SE_X9_BRA_2012,http://purl.org/dmi-framework#Ind_X9,http://purl.org/dmi-framework#Country_BRA,http://purl.org/dmi-framework#Phase_Acquire,http://purl.org/dmi-framework#Source_world_bank,http://purl.org/dmi-framework#Prov_official
BRA,2013,developing,X9,1.8811391183743,official,world_bank,official_api,acquire,http://purl.org/dmi-framework#SE_X9_BRA_2013,http://purl.org/dmi-framework#Ind_X9,http://purl.org/dmi-framework#Country_BRA,http://purl.org/dmi-framework#Phase_Acquire,http://purl.org/dmi-framework#Source_world_bank,http://purl.org/dmi-framework#Prov_official
BRA,2014,developing,X9,3.66210415949383,official,world_bank,official_api,acquire,http://purl.org/dmi-framework#SE_X9_BRA_2014,http://purl.org/dmi-framework#Ind_X9,http://purl.org/dmi-framework#Country_BRA,http://purl.org/dmi-framework#Phase_Acquire,http://purl.org/dmi-framework#Source_world_bank,http://purl.org/dmi-framework#Prov_official
BRA,2015,developing,X9,4.66664170620766,official,world_bank,official_api,acquire,http://purl.org/dmi-framework#SE_X9_BRA_2015,http://purl.org/dmi-framework#Ind_X9,http://purl.org/dmi-framework#Country_BRA,http://purl.org/dmi-framework#Phase_Acquire,http://purl.org/dmi-framework#Source_world_bank,http://purl.org/dmi-framework#Prov_official
BRA,2016,developing,X9,5.45703084926473,official,world_bank,official_api,acquire,http://purl.org/dmi-framework#SE_X9_BRA_2016,http://purl.org/dmi-framework#Ind_X9,http://purl.org/dmi-framework#Country_BRA,http://purl.org/dmi-framework#Phase_Acquire,http://purl.org/dmi-framework#Source_world_bank,http://purl.org/dmi-framework#Prov_official
BRA,2017,developing,X9,6.57356373822204,official,world_bank,official_api,acquire,http://purl.org/dmi-framework#SE_X9_BRA_2017,http://purl.org/dmi-framework#Ind_X9,http://purl.org/dmi-framework#Country_BRA,http://purl.org/dmi-framework#Phase_Acquire,http://purl.org/dmi-framework#Source_world_bank,http://purl.org/dmi-framework#Prov_official
BRA,2018,developing,X9,7.68841772324128,official,world_bank,official_api,acquire,http://purl.org/dmi-framework#SE_X9_BRA_2018,http://purl.org/dmi-framework#Ind_X9,http://purl.org/dmi-framework#Country_BRA,http://purl.org/dmi-framework#Phase_Acquire,http://purl.org/dmi-framework#Source_world_bank,http://purl.org/dmi-framework#Prov_official
BRA,2019,developing,X9,7.79155072187296,official,world_bank,official_api,acquire,http://purl.org/dmi-framework#SE_X9_BRA_2019,http://purl.org/dmi-framework#Ind_X9,http://purl.org/dmi-framework#Country_BRA,http://purl.org/dmi-framework#Phase_Acquire,http://purl.org/dmi-framework#Source_world_bank,http://purl.org/dmi-framework#Prov_official
BRA,2020,developing,X9,9.27436242667849,official,world_bank,official_api,acquire,http://purl.org/dmi-framework#SE_X9_BRA_2020,http://purl.org/dmi-framework#Ind_X9,http://purl.org/dmi-framework#Country_BRA,http://purl.org/dmi-framework#Phase_Acquire,http://purl.org/dmi-framework#Source_world_bank,http://purl.org/dmi-framework#Prov_official
BRA,2021,developing,X9,10.4839137256087,official,world_bank,official_api,acquire,http://purl.org/dmi-framework#SE_X9_BRA_2021,http://purl.org/dmi-framework#Ind_X9,http://purl.org/dmi-framework#Country_BRA,http://purl.org/dmi-framework#Phase_Acquire,http://purl.org/dmi-framework#Source_world_bank,http://purl.org/dmi-framework#Prov_official
BRA,2022,developing,X9,11.6014480812492,official,world_bank,official_api,acquire,http://purl.org/dmi-framework#SE_X9_BRA_2022,http://purl.org/dmi-framework#Ind_X9,http://purl.org/dmi-framework#Country_BRA,http://purl.org/dmi-framework#Phase_Acquire,http://purl.org/dmi-framework#Source_world_bank,http://purl.org/dmi-framework#Prov_official
BRA,2023,developing,X9,12.7142674668203,official,world_bank,official_api,acquire,http://purl.org/dmi-framework#SE_X9_BRA_2023,http://purl.org/dmi-framework#Ind_X9,http://purl.org/dmi-framework#Country_BRA,http://purl.org/dmi-framework#Phase_Acquire,http://purl.org/dmi-framework#Source_world_bank,http://purl.org/dmi-framework#Prov_official
BRA,2024,developing,X9,12.5746509091821,official,world_bank,official_api,acquire,http://purl.org/dmi-framework#SE_X9_BRA_2024,http://purl.org/dmi-framework#Ind_X9,http://purl.org/dmi-framework#Country_BRA,http://purl.org/dmi-framework#Phase_Acquire,http://purl.org/dmi-framework#Source_world_bank,http://purl.org/dmi-framework#Prov_official
BRA,2025,developing,X9,13.6726278252098,official,world_bank,official_api,acquire,http://purl.org/dmi-framework#SE_X9_BRA_2025,http://purl.org/dmi-framework#Ind_X9,http://purl.org/dmi-framework#Country_BRA,http://purl.org/dmi-framework#Phase_Acquire,http://purl.org/dmi-framework#Source_world_bank,http://purl.org/dmi-framework#Prov_official
CAN,2012,developed_non_eu,X9,11.3219819190981,official,world_bank,official_api,acquire,http://purl.org/dmi-framework#SE_X9_CAN_2012,http://purl.org/dmi-framework#Ind_X9,http://purl.org/dmi-framework#Country_CAN,http://purl.org/dmi-framework#Phase_Acquire,http://purl.org/dmi-framework#Source_world_bank,http://purl.org/dmi-framework#Prov_official
CAN,2013,developed_non_eu,X9,9.55939580147429,official,world_bank,official_api,acquire,http://purl.org/dmi-framework#SE_X9_CAN_2013,http://purl.org/dmi-framework#Ind_X9,http://purl.org/dmi-framework#Country_CAN,http://purl.org/dmi-framework#Phase_Acquire,http://purl.org/dmi-framework#Source_world_bank,http://purl.org/dmi-framework#Prov_official
CAN,2014,developed_non_eu,X9,8.99388723512204,official,world_bank,official_api,acquire,http://purl.org/dmi-framework#SE_X9_CAN_2014,http://purl.org/dmi-framework#Ind_X9,http://purl.org/dmi-framework#Country_CAN,http://purl.org/dmi-framework#Phase_Acquire,http://purl.org/dmi-framework#Source_world_bank,http://purl.org/dmi-framework#Prov_official
CAN,2015,developed_non_eu,X9,8.60034408651586,official,world_bank,official_api,acquire,http://purl.org/dmi-framework#SE_X9_CAN_2015,http://purl.org/dmi-framework#Ind_X9,http://purl.org/dmi-framework#Country_CAN,http://purl.org/dmi-framework#Phase_Acquire,http://purl.org/dmi-framework#Source_world_bank,http://purl.org/dmi-framework#Prov_official
CAN,2016,developed_non_eu,X9,8.20562037854801,official,world_bank,official_api,acquire,http://purl.org/dmi-framework#SE_X9_CAN_2016,http://purl.org/dmi-framework#Ind_X9,http://purl.org/dmi-framework#Country_CAN,http://purl.org/dmi-framework#Phase_Acquire,http://purl.org/dmi-framework#Source_world_bank,http://purl.org/dmi-framework#Prov_official
CAN,2017,developed_non_eu,X9,8.49564421892629,official,world_bank,official_api,acquire,http://purl.org/dmi-framework#SE_X9_CAN_2017,http://purl.org/dmi-framework#Ind_X9,http://purl.org/dmi-framework#Country_CAN,http://purl.org/dmi-framework#Phase_Acquire,http://purl.org/dmi-framework#Source_world_bank,http://purl.org/dmi-framework#Prov_official
CAN,2018,developed_non_eu,X9,10.0062633713473,official,world_bank,official_api,acquire,http://purl.org/dmi-framework#SE_X9_CAN_2018,http://purl.org/dmi-framework#Ind_X9,http://purl.org/dmi-framework#Country_CAN,http://purl.org/dmi-framework#Phase_Acquire,http://purl.org/dmi-framework#Source_world_bank,http://purl.org/dmi-framework#Prov_official
CAN,2019,developed_non_eu,X9,11.6770691777618,official,world_bank,official_api,acquire,http://purl.org/dmi-framework#SE_X9_CAN_2019,http://purl.org/dmi-framework#Ind_X9,http://purl.org/dmi-framework#Country_CAN,http://purl.org/dmi-framework#Phase_Acquire,http://purl.org/dmi-framework#Source_world_bank,http://purl.org/dmi-framework#Prov_official
CAN,2020,developed_non_eu,X9,14.55803443525,official,world_bank,official_api,acquire,http://purl.org/dmi-framework#SE_X9_CAN_2020,http://purl.org/dmi-framework#Ind_X9,http://purl.org/dmi-framework#Country_CAN,http://purl.org/dmi-framework#Phase_Acquire,http://purl.org/dmi-framework#Source_world_bank,http://purl.org/dmi-framework#Prov_official
CAN,2021,developed_non_eu,X9,16.4399823293577,official,world_bank,official_api,acquire,http://purl.org/dmi-framework#SE_X9_CAN_2021,http://purl.org/dmi-framework#Ind_X9,http://purl.org/dmi-framework#Country_CAN,http://purl.org/dmi-framework#Phase_Acquire,http://purl.org/dmi-framework#Source_world_bank,http://purl.org/dmi-framework#Prov_official
CAN,2022,developed_non_eu,X9,15.1445109066633,official,world_bank,official_api,acquire,http://purl.org/dmi-framework#SE_X9_CAN_2022,http://purl.org/dmi-framework#Ind_X9,http://purl.org/dmi-framework#Country_CAN,http://purl.org/dmi-framework#Phase_Acquire,http://purl.org/dmi-framework#Source_world_bank,http://purl.org/dmi-framework#Prov_official
CAN,2023,developed_non_eu,X9,15.2209353083082,official,world_bank,official_api,acquire,http://purl.org/dmi-framework#SE_X9_CAN_2023,http://purl.org/dmi-framework#Ind_X9,http://purl.org/dmi-framework#Country_CAN,http://purl.org/dmi-framework#Phase_Acquire,http://purl.org/dmi-framework#Source_world_bank,http://purl.org/dmi-framework#Prov_official
CAN,2024,developed_non_eu,X9,14.4447899140379,official,world_bank,official_api,acquire,http://purl.org/dmi-framework#SE_X9_CAN_2024,http://purl.org/dmi-framework#Ind_X9,http://purl.org/dmi-framework#Country_CAN,http://purl.org/dmi-framework#Phase_Acquire,http://purl.org/dmi-framework#Source_world_bank,http://purl.org/dmi-framework#Prov_official
CAN,2025,developed_non_eu,X9,14.4011984941597,official,world_bank,official_api,acquire,http://purl.org/dmi-framework#SE_X9_CAN_2025,http://purl.org/dmi-framework#Ind_X9,http://purl.org/dmi-framework#Country_CAN,http://purl.org/dmi-framework#Phase_Acquire,http://purl.org/dmi-framework#Source_world_bank,http://purl.org/dmi-framework#Prov_official
DEU,2012,developed_eu,X9,9.65342295806253,official,world_bank,official_api,acquire,http://purl.org/dmi-framework#SE_X9_DEU_2012,http://purl.org/dmi-framework#Ind_X9,http://purl.org/dmi-framework#Country_DEU,http://purl.org/dmi-framework#Phase_Acquire,http://purl.org/dmi-framework#Source_world_bank,http://purl.org/dmi-framework#Prov_official
DEU,2013,developed_eu,X9,8.06193778631092,official,world_bank,official_api,acquire,http://purl.org/dmi-framework#SE_X9_DEU_2013,http://purl.org/dmi-framework#Ind_X9,http://purl.org/dmi-framework#Country_DEU,http://purl.org/dmi-framework#Phase_Acquire,http://purl.org/dmi-framework#Source_world_bank,http://purl.org/dmi-framework#Prov_official
DEU,2014,developed_eu,X9,6.89297104582556,official,world_bank,official_api,acquire,http://purl.org/dmi-framework#SE_X9_DEU_2014,http://purl.org/dmi-framework#Ind_X9,http://purl.org/dmi-framework#Country_DEU,http://purl.org/dmi-framework#Phase_Acquire,http://purl.org/dmi-framework#Source_world_bank,http://purl.org/dmi-framework#Prov_official
DEU,2015,developed_eu,X9,7.90651226650453,official,world_bank,official_api,acquire,http://purl.org/dmi-framework#SE_X9_DEU_2015,http://purl.org/dmi-framework#Ind_X9,http://purl.org/dmi-framework#Country_DEU,http://purl.org/dmi-framework#Phase_Acquire,http://purl.org/dmi-framework#Source_world_bank,http://purl.org/dmi-framework#Prov_official
DEU,2016,developed_eu,X9,8.54119625243337,official,world_bank,official_api,acquire,http://purl.org/dmi-framework#SE_X9_DEU_2016,http://purl.org/dmi-framework#Ind_X9,http://purl.org/dmi-framework#Country_DEU,http://purl.org/dmi-framework#Phase_Acquire,http://purl.org/dmi-framework#Source_world_bank,http://purl.org/dmi-framework#Prov_official
DEU,2017,developed_eu,X9,8.97652232797755,official,world_bank,official_api,acquire,http://purl.org/dmi-framework#SE_X9_DEU_2017,http://purl.org/dmi-framework#Ind_X9,http://purl.org/dmi-framework#Country_DEU,http://purl.org/dmi-framework#Phase_Acquire,http://purl.org/dmi-framework#Source_world_bank,http://purl.org/dmi-framework#Prov_official
DEU,2018,developed_eu,X9,9.23094018156375,official,world_bank,official_api,acquire,http://purl.org/dmi-framework#SE_X9_DEU_2018,http://purl.org/dmi-framework#Ind_X9,http://purl.org/dmi-framework#Country_DEU,http://purl.org/dmi-framework#Phase_Acquire,http://purl.org/dmi-framework#Source_world_bank,http://purl.org/dmi-framework#Prov_official
DEU,2019,developed_eu,X9,9.13282868187374,official,world_bank,official_api,acquire,http://purl.org/dmi-framework#SE_X9_DEU_2019,http://purl.org/dmi-framework#Ind_X9,http://purl.org/dmi-framework#Country_DEU,http://purl.org/dmi-framework#Phase_Acquire,http://purl.org/dmi-framework#Source_world_bank,http://purl.org/dmi-framework#Prov_official
DEU,2020,developed_eu,X9,10.7433868234345,official,world_bank,official_api,acquire,http://purl.org/dmi-framework#SE_X9_DEU_2020,http://purl.org/dmi-framework#Ind_X9,http://purl.org/dmi-framework#Country_DEU,http://purl.org/dmi-framework#Phase_Acquire,http://purl.org/dmi-framework#Source_world_bank,http://purl.org/dmi-framework#Prov_official
DEU,2021,developed_eu,X9,10.3615375526681,official,world_bank,official_api,acquire,http://purl.org/dmi-framework#SE_X9_DEU_2021,http://purl.org/dmi-framework#Ind_X9,http://purl.org/dmi-framework#Country_DEU,http://purl.org/dmi-framework#Phase_Acquire,http://purl.org/dmi-framework#Source_world_bank,http://purl.org/dmi-framework#Prov_official
DEU,2022,developed_eu,X9,9.85905983743837,official,world_bank,official_api,acquire,http://purl.org/dmi-framework#SE_X9_DEU_2022,http://purl.org/dmi-framework#Ind_X9,http://purl.org/dmi-framework#Country_DEU,http://purl.org/dmi-framework#Phase_Acquire,http://purl.org/dmi-framework#Source_world_bank,http://purl.org/dmi-framework#Prov_official
DEU,2023,developed_eu,X9,10.9812237720454,official,world_bank,official_api,acquire,http://purl.org/dmi-framework#SE_X9_DEU_2023,http://purl.org/dmi-framework#Ind_X9,http://purl.org/dmi-framework#Country_DEU,http://purl.org/dmi-framework#Phase_Acquire,http://purl.org/dmi-framework#Source_world_bank,http://purl.org/dmi-framework#Prov_official
DEU,2024,developed_eu,X9,11.3576255374221,official,world_bank,official_api,acquire,http://purl.org/dmi-framework#SE_X9_DEU_2024,http://purl.org/dmi-framework#Ind_X9,http://purl.org/dmi-framework#Country_DEU,http://purl.org/dmi-framework#Phase_Acquire,http://purl.org/dmi-framework#Source_world_bank,http://purl.org/dmi-framework#Prov_official
DEU,2025,developed_eu,X9,11.4732816343515,official,world_bank,official_api,acquire,http://purl.org/dmi-framework#SE_X9_DEU_2025,http://purl.org/dmi-framework#Ind_X9,http://purl.org/dmi-framework#Country_DEU,http://purl.org/dmi-framework#Phase_Acquire,http://purl.org/dmi-framework#Source_world_bank,http://purl.org/dmi-framework#Prov_official
FRA,2012,developed_eu,X9,6.76780005936378,official,world_bank,official_api,acquire,http://purl.org/dmi-framework#SE_X9_FRA_2012,http://purl.org/dmi-framework#Ind_X9,http://purl.org/dmi-framework#Country_FRA,http://purl.org/dmi-framework#Phase_Acquire,http://purl.org/dmi-framework#Source_world_bank,http://purl.org/dmi-framework#Prov_official
FRA,2013,developed_eu,X9,6.32715341306055,official,world_bank,official_api,acquire,http://purl.org/dmi-framework#SE_X9_FRA_2013,http://purl.org/dmi-framework#Ind_X9,http://purl.org/dmi-framework#Country_FRA,http://purl.org/dmi-framework#Phase_Acquire,http://purl.org/dmi-framework#Source_world_bank,http://purl.org/dmi-framework#Prov_official
FRA,2014,developed_eu,X9,6.64748813576127,official,world_bank,official_api,acquire,http://purl.org/dmi-framework#SE_X9_FRA_2014,http://purl.org/dmi-framework#Ind_X9,http://purl.org/dmi-framework#Country_FRA,http://purl.org/dmi-framework#Phase_Acquire,http://purl.org/dmi-framework#Source_world_bank,http://purl.org/dmi-framework#Prov_official
FRA,2015,developed_eu,X9,6.79391396716258,official,world_bank,official_api,acquire,http://purl.org/dmi-framework#SE_X9_FRA_2015,http://purl.org/dmi-framework#Ind_X9,http://purl.org/dmi-framework#Country_FRA,http://purl.org/dmi-framework#Phase_Acquire,http://purl.org/dmi-framework#Source_world_bank,http://purl.org/dmi-framework#Prov_official
FRA,2016,developed_eu,X9,7.0088538784033,official,world_bank,official_api,acquire,http://purl.org/dmi-framework#SE_X9_FRA_2016,http://purl.org/dmi-framework#Ind_X9,http://purl.org/dmi-framework#Country_FRA,http://purl.org/dmi-framework#Phase_Acquire,http://purl.org/dmi-framework#Source_world_bank,http://purl.org/dmi-framework#Prov_official
FRA,2017,developed_eu,X9,6.76063874125321,official,world_bank,official_api,acquire,http://purl.org/dmi-framework#SE_X9_FRA_2017,http://purl.org/dmi-framework#Ind_X9,http://purl.org/dmi-framework#Country_FRA,http://purl.org/dmi-framework#Phase_Acquire,http://purl.org/dmi-framework#Source_world_bank,http://purl.org/dmi-framework#Prov_official
FRA,2018,developed_eu,X9,7.31391010596127,official,world_bank,official_api,acquire,http://purl.org/dmi-framework#SE_X9_FRA_2018,http://purl.org/dmi-framework#Ind_X9,http://purl.org/dmi-framework#Country_FRA,http://purl.org/dmi-framework#Phase_Acquire,http://purl.org/dmi-framework#Source_world_bank,http://purl.org/dmi-framework#Prov_official
FRA,2019,developed_eu,X9,7.04616007879947,official,world_bank,official_api,acquire,http://purl.org/dmi-framework#SE_X9_FRA_2019,http://purl.org/dmi-framework#Ind_X9,http://purl.org/dmi-framework#Country_FRA,http://purl.org/dmi-framework#Phase_Acquire,http://purl.org/dmi-framework#Source_world_bank,http://purl.org/dmi-framework#Prov_official
FRA,2020,developed_eu,X9,8.54106478081594,official,world_bank,official_api,acquire,http://purl.org/dmi-framework#SE_X9_FRA_2020,http://purl.org/dmi-framework#Ind_X9,http://purl.org/dmi-framework#Country_FRA,http://purl.org/dmi-framework#Phase_Acquire,http://purl.org/dmi-framework#Source_world_bank,http://purl.org/dmi-framework#Prov_official
FRA,2021,developed_eu,X9,8.18235699481776,official,world_bank,official_api,acquire,http://purl.org/dmi-framework#SE_X9_FRA_2021,http://purl.org/dmi-framework#Ind_X9,http://purl.org/dmi-framework#Country_FRA,http://purl.org/dmi-framework#Phase_Acquire,http://purl.org/dmi-framework#Source_world_bank,http://purl.org/dmi-framework#Prov_official
FRA,2022,developed_eu,X9,7.18152368744248,official,world_bank,official_api,acquire,http://purl.org/dmi-framework#SE_X9_FRA_2022,http://purl.org/dmi-framework#Ind_X9,http://purl.org/dmi-framework#Country_FRA,http://purl.org/dmi-framework#Phase_Acquire,http://purl.org/dmi-framework#Source_world_bank,http://purl.org/dmi-framework#Prov_official
FRA,2023,developed_eu,X9,7.67735659155205,official,world_bank,official_api,acquire,http://purl.org/dmi-framework#SE_X9_FRA_2023,http://purl.org/dmi-framework#Ind_X9,http://purl.org/dmi-framework#Country_FRA,http://purl.org/dmi-framework#Phase_Acquire,http://purl.org/dmi-framework#Source_world_bank,http://purl.org/dmi-framework#Prov_official
FRA,2024,developed_eu,X9,7.56867927222552,official,world_bank,official_api,acquire,http://purl.org/dmi-framework#SE_X9_FRA_2024,http://purl.org/dmi-framework#Ind_X9,http://purl.org/dmi-framework#Country_FRA,http://purl.org/dmi-framework#Phase_Acquire,http://purl.org/dmi-framework#Source_world_bank,http://purl.org/dmi-framework#Prov_official
FRA,2025,developed_eu,X9,6.83711056149807,official,world_bank,official_api,acquire,http://purl.org/dmi-framework#SE_X9_FRA_2025,http://purl.org/dmi-framework#Ind_X9,http://purl.org/dmi-framework#Country_FRA,http://purl.org/dmi-framework#Phase_Acquire,http://purl.org/dmi-framework#Source_world_bank,http://purl.org/dmi-framework#Prov_official
GBR,2012,developed_eu,X9,7.26031989936611,official,world_bank,official_api,acquire,http://purl.org/dmi-framework#SE_X9_GBR_2012,http://purl.org/dmi-framework#Ind_X9,http://purl.org/dmi-framework#Country_GBR,http://purl.org/dmi-framework#Phase_Acquire,http://purl.org/dmi-framework#Source_world_bank,http://purl.org/dmi-framework#Prov_official
GBR,2013,developed_eu,X9,7.34578041685405,official,world_bank,official_api,acquire,http://purl.org/dmi-framework#SE_X9_GBR_2013,http://purl.org/dmi-framework#Ind_X9,http://purl.org/dmi-framework#Country_GBR,http://purl.org/dmi-framework#Phase_Acquire,http://purl.org/dmi-framework#Source_world_bank,http://purl.org/dmi-framework#Prov_official
GBR,2014,developed_eu,X9,7.52955682920943,official,world_bank,official_api,acquire,http://purl.org/dmi-framework#SE_X9_GBR_2014,http://purl.org/dmi-framework#Ind_X9,http://purl.org/dmi-framework#Country_GBR,http://purl.org/dmi-framework#Phase_Acquire,http://purl.org/dmi-framework#Source_world_bank,http://purl.org/dmi-framework#Prov_official
GBR,2015,developed_eu,X9,7.90452995284113,official,world_bank,official_api,acquire,http://purl.org/dmi-framework#SE_X9_GBR_2015,http://purl.org/dmi-framework#Ind_X9,http://purl.org/dmi-framework#Country_GBR,http://purl.org/dmi-framework#Phase_Acquire,http://purl.org/dmi-framework#Source_world_bank,http://purl.org/dmi-framework#Prov_official
GBR,2016,developed_eu,X9,7.77804452747647,official,world_bank,official_api,acquire,http://purl.org/dmi-framework#SE_X9_GBR_2016,http://purl.org/dmi-framework#Ind_X9,http://purl.org/dmi-framework#Country_GBR,http://purl.org/dmi-framework#Phase_Acquire,http://purl.org/dmi-framework#Source_world_bank,http://purl.org/dmi-framework#Prov_official
GBR,2017,developed_eu,X9,7.89307708064,official,world_bank,official_api,acquire,http://purl.org/dmi-framework#SE_X9_GBR_2017,http://purl.org/dmi-framework#Ind_X9,http://purl.org/dmi-framework#Country_GBR,http://purl.org/dmi-framework#Phase_Acquire,http://purl.org/dmi-framework#Source_world_bank,http://purl.org/dmi-framework#Prov_official
GBR,2018,developed_eu,X9,7.90063061407418,official,world_bank,official_api,acquire,http://purl.org/dmi-framework#SE_X9_GBR_2018,http://purl.org/dmi-framework#Ind_X9,http://purl.org/dmi-framework#Country_GBR,http://purl.org/dmi-framework#Phase_Acquire,http://purl.org/dmi-framework#Source_world_bank,http://purl.org/dmi-framework#Prov_official
GBR,2019,developed_eu,X9,7.74245208143597,official,world_bank,official_api,acquire,http://purl.org/dmi-framework#SE_X9_GBR_2019,http://purl.org/dmi-framework#Ind_X9,http://purl.org/dmi-framework#Country_GBR,http://purl.org/dmi-framework#Phase_Acquire,http://purl.org/dmi-framework#Source_world_bank,http://purl.org/dmi-framework#Prov_official
GBR,2020,developed_eu,X9,9.42077263731298,official,world_bank,official_api,acquire,http://purl.org/dmi-framework#SE_X9_GBR_2020,http://purl.org/dmi-framework#Ind_X9,http://purl.org/dmi-framework#Country_GBR,http://purl.org/dmi-framework#Phase_Acquire,http://purl.org/dmi-framework#Source_world_bank,http://purl.org/dmi-framework#Prov_official
GBR,2021,developed_eu,X9,8.95735209282168,official,world_bank,official_api,acquire,http://purl.org/dmi-framework#SE_X9_GBR_2021,http://purl.org/dmi-framework#Ind_X9,http://purl.org/dmi-framework#Country_GBR,http://purl.org/dmi-framework#Phase_Acquire,http://purl.org/dmi-framework#Source_world_bank,http://purl.org/dmi-framework#Prov_official
GBR,2022,developed_eu,X9,8.65599314370706,official,world_bank,official_api,acquire,http://purl.org/dmi-framework#SE_X9_GBR_2022,http://purl.org/dmi-framework#Ind_X9,http://purl.org/dmi-framework#Country_GBR,http://purl.org/dmi-framework#Phase_Acquire,http://purl.org/dmi-framework#Source_world_bank,http://purl.org/dmi-framework#Prov_official
GBR,2023,developed_eu,X9,8.91273931208281,official,world_bank,official_api,acquire,http://purl.org/dmi-framework#SE_X9_GBR_2023,http://purl.org/dmi-framework#Ind_X9,http://purl.org/dmi-framework#Country_GBR,http://purl.org/dmi-framework#Phase_Acquire,http://purl.org/dmi-framework#Source_world_bank,http://purl.org/dmi-framework#Prov_official
GBR,2024,developed_eu,X9,9.24867865376499,official,world_bank,official_api,acquire,http://purl.org/dmi-framework#SE_X9_GBR_2024,http://purl.org/dmi-framework#Ind_X9,http://purl.org/dmi-framework#Country_GBR,http://purl.org/dmi-framework#Phase_Acquire,http://purl.org/dmi-framework#Source_world_bank,http://purl.org/dmi-framework#Prov_official
GBR,2025,developed_eu,X9,9.02710007186112,official,world_bank,official_api,acquire,http://purl.org/dmi-framework#SE_X9_GBR_2025,http://purl.org/dmi-framework#Ind_X9,http://purl.org/dmi-framework#Country_GBR,http://purl.org/dmi-framework#Phase_Acquire,http://purl.org/dmi-framework#Source_world_bank,http://purl.org/dmi-framework#Prov_official
IND,2012,developing,X9,46.1653897891748,official,world_bank,official_api,acquire,http://purl.org/dmi-framework#SE_X9_IND_2012,http://purl.org/dmi-framework#Ind_X9,http://purl.org/dmi-framework#Country_IND,http://purl.org/dmi-framework#Phase_Acquire,http://purl.org/dmi-framework#Source_world_bank,http://purl.org/dmi-framework#Prov_official
IND,2013,developing,X9,48.4413845617866,official,world_bank,official_api,acquire,http://purl.org/dmi-framework#SE_X9_IND_2013,http://purl.org/dmi-framework#Ind_X9,http://purl.org/dmi-framework#Country_IND,http://purl.org/dmi-framework#Phase_Acquire,http://purl.org/dmi-framework#Source_world_bank,http://purl.org/dmi-framework#Prov_official
IND,2014,developing,X9,47.5793301671388,official,world_bank,official_api,acquire,http://purl.org/dmi-framework#SE_X9_IND_2014,http://purl.org/dmi-framework#Ind_X9,http://purl.org/dmi-framework#Country_IND,http://purl.org/dmi-framework#Phase_Acquire,http://purl.org/dmi-framework#Source_world_bank,http://purl.org/dmi-framework#Prov_official
IND,2015,developing,X9,48.867001424996,official,world_bank,official_api,acquire,http://purl.org/dmi-framework#SE_X9_IND_2015,http://purl.org/dmi-framework#Ind_X9,http://purl.org/dmi-framework#Country_IND,http://purl.org/dmi-framework#Phase_Acquire,http://purl.org/dmi-framework#Source_world_bank,http://purl.org/dmi-framework#Prov_official
IND,2016,developing,X9,47.300749949433,official,world_bank,official_api,acquire,http://purl.org/dmi-framework#SE_X9_IND_2016,http://purl.org/dmi-framework#Ind_X9,http://purl.org/dmi-framework#Country_IND,http://purl.org/dmi-framework#Phase_Acquire,http://purl.org/dmi-framework#Source_world_bank,http://purl.org/dmi-framework#Prov_official
IND,2017,developing,X9,42.3751022077089,official,world_bank,official_api,acquire,http://purl.org/dmi-framework#SE_X9_IND_2017,http://purl.org/dmi-framework#Ind_X9,http://purl.org/dmi-framework#Country_IND,http://purl.org/dmi-framework#Phase_Acquire,http://purl.org/dmi-framework#Source_world_bank,http://purl.org/dmi-framework#Prov_official
IND,2018,developing,X9,41.3042841946734,official,world_bank,official_api,acquire,http://purl.org/dmi-framework#SE_X9_IND_2018,http://purl.org/dmi-framework#Ind_X9,http://purl.org/dmi-framework#Country_IND,http://purl.org/dmi-framework#Phase_Acquire,http://purl.org/dmi-framework#Source_world_bank,http://purl.org/dmi-framework#Prov_official
IND,2019,developing,X9,43.95814821332,official,world_bank,official_api,acquire,http://purl.org/dmi-framework#SE_X9_IND_2019,http://purl.org/dmi-framework#Ind_X9,http://purl.org/dmi-framework#Country_IND,http://purl.org/dmi-framework#Phase_Acquire,http://purl.org/dmi-framework#Source_world_bank,http://purl.org/dmi-framework#Prov_official
IND,2020,developing,X9,48.9656874345531,official,world_bank,official_api,acquire,http://purl.org/dmi-framework#SE_X9_IND_2020,http://purl.org/dmi-framework#Ind_X9,http://purl.org/dmi-framework#Country_IND,http://purl.org/dmi-framework#Phase_Acquire,http://purl.org/dmi-framework#Source_world_bank,http://purl.org/dmi-framework#Prov_official
IND,2021,developing,X9,49.6661074598787,official,world_bank,official_api,acquire,http://purl.org/dmi-framework#SE_X9_IND_2021,http://purl.org/dmi-framework#Ind_X9,http://purl.org/dmi-framework#Country_IND,http://purl.org/dmi-framework#Phase_Acquire,http://purl.org/dmi-framework#Source_world_bank,http://purl.org/dmi-framework#Prov_official
IND,2022,developing,X9,46.8040630285382,official,world_bank,official_api,acquire,http://purl.org/dmi-framework#SE_X9_IND_2022,http://purl.org/dmi-framework#Ind_X9,http://purl.org/dmi-framework#Country_IND,http://purl.org/dmi-framework#Phase_Acquire,http://purl.org/dmi-framework#Source_world_bank,http://purl.org/dmi-framework#Prov_official
IND,2023,developing,X9,48.1688192762242,official,world_bank,official_api,acquire,http://purl.org/dmi-framework#SE_X9_IND_2023,http://purl.org/dmi-framework#Ind_X9,http://purl.org/dmi-framework#Country_IND,http://purl.org/dmi-framework#Phase_Acquire,http://purl.org/dmi-framework#Source_world_bank,http://purl.org/dmi-framework#Prov_official
IND,2024,developing,X9,47.4135569645014,official,world_bank,official_api,acquire,http://purl.org/dmi-framework#SE_X9_IND_2024,http://purl.org/dmi-framework#Ind_X9,http://purl.org/dmi-framework#Country_IND,http://purl.org/dmi-framework#Phase_Acquire,http://purl.org/dmi-framework#Source_world_bank,http://purl.org/dmi-framework#Prov_official
IND,2025,developing,X9,48.5955481655845,official,world_bank,official_api,acquire,http://purl.org/dmi-framework#SE_X9_IND_2025,http://purl.org/dmi-framework#Ind_X9,http://purl.org/dmi-framework#Country_IND,http://purl.org/dmi-framework#Phase_Acquire,http://purl.org/dmi-framework#Source_world_bank,http://purl.org/dmi-framework#Prov_official
MKD,2012,balkan,X9,9.95415320596921,official,world_bank,official_api,acquire,http://purl.org/dmi-framework#SE_X9_MKD_2012,http://purl.org/dmi-framework#Ind_X9,http://purl.org/dmi-framework#Country_MKD,http://purl.org/dmi-framework#Phase_Acquire,http://purl.org/dmi-framework#Source_world_bank,http://purl.org/dmi-framework#Prov_official
MKD,2013,balkan,X9,10.3525550234917,official,world_bank,official_api,acquire,http://purl.org/dmi-framework#SE_X9_MKD_2013,http://purl.org/dmi-framework#Ind_X9,http://purl.org/dmi-framework#Country_MKD,http://purl.org/dmi-framework#Phase_Acquire,http://purl.org/dmi-framework#Source_world_bank,http://purl.org/dmi-framework#Prov_official
MKD,2014,balkan,X9,9.35873233471654,official,world_bank,official_api,acquire,http://purl.org/dmi-framework#SE_X9_MKD_2014,http://purl.org/dmi-framework#Ind_X9,http://purl.org/dmi-framework#Country_MKD,http://purl.org/dmi-framework#Phase_Acquire,http://purl.org/dmi-framework#Source_world_bank,http://purl.org/dmi-framework#Prov_official
MKD,2015,balkan,X9,9.42666308795002,official,world_bank,official_api,acquire,http://purl.org/dmi-framework#SE_X9_MKD_2015,http://purl.org/dmi-framework#Ind_X9,http://purl.org/dmi-framework#Country_MKD,http://purl.org/dmi-framework#Phase_Acquire,http://purl.org/dmi-framework#Source_world_bank,http://purl.org/dmi-framework#Prov_official
MKD,2016,balkan,X9,10.790112215643,official,world_bank,official_api,acquire,http://purl.org/dmi-framework#SE_X9_MKD_2016,http://purl.org/dmi-framework#Ind_X9,http://purl.org/dmi-framework#Country_MKD,http://purl.org/dmi-framework#Phase_Acquire,http://purl.org/dmi-framework#Source_world_bank,http://purl.org/dmi-framework#Prov_official
MKD,2017,balkan,X9,10.2221203985445,official,world_bank,official_api,acquire,http://purl.org/dmi-framework#SE_X9_MKD_2017,http://purl.org/dmi-framework#Ind_X9,http://purl.org/dmi-framework#Country_MKD,http://purl.org/dmi-framework#Phase_Acquire,http://purl.org/dmi-framework#Source_world_bank,http://purl.org/dmi-framework#Prov_official
MKD,2018,balkan,X9,11.6284345131118,official,world_bank,official_api,acquire,http://purl.org/dmi-framework#SE_X9_MKD_2018,http://purl.org/dmi-framework#Ind_X9,http://purl.org/dmi-framework#Country_MKD,http://purl.org/dmi-framework#Phase_Acquire,http://purl.org/dmi-framework#Source_world_bank,http://purl.org/dmi-framework#Prov_official
MKD,2019,balkan,X9,13.4156199710591,official,world_bank,official_api,acquire,http://purl.org/dmi-framework#SE_X9_MKD_2019,http://purl.org/dmi-framework#Ind_X9,http://purl.org/dmi-framework#Country_MKD,http://purl.org/dmi-framework#Phase_Acquire,http://purl.org/dmi-framework#Source_world_bank,http://purl.org/dmi-framework#Prov_official
MKD,2020,balkan,X9,16.7447439543779,official,world_bank,official_api,acquire,http://purl.org/dmi-framework#SE_X9_MKD_2020,http://purl.org/dmi-framework#Ind_X9,http://purl.org/dmi-framework#Country_MKD,http://purl.org/dmi-framework#Phase_Acquire,http://purl.org/dmi-framework#Source_world_bank,http://purl.org/dmi-framework#Prov_official
MKD,2021,balkan,X9,18.9276582966113,official,world_bank,official_api,acquire,http://purl.org/dmi-framework#SE_X9_MKD_2021,http://purl.org/dmi-framework#Ind_X9,http://purl.org/dmi-framework#Country_MKD,http://purl.org/dmi-framework#Phase_Acquire,http://purl.org/dmi-framework#Source_world_bank,http://purl.org/dmi-framework#Prov_official
MKD,2022,balkan,X9,20.3007152180509,official,world_bank,official_api,acquire,http://purl.org/dmi-framework#SE_X9_MKD_2022,http://purl.org/dmi-framework#Ind_X9,http://purl.org/dmi-framework#Country_MKD,http://purl.org/dmi-framework#Phase_Acquire,http://purl.org/dmi-framework#Source_world_bank,http://purl.org/dmi-framework#Prov_official
MKD,2023,balkan,X9,21.0026748062036,official,world_bank,official_api,acquire,http://purl.org/dmi-framework#SE_X9_MKD_2023,http://purl.org/dmi-framework#Ind_X9,http://purl.org/dmi-framework#Country_MKD,http://purl.org/dmi-framework#Phase_Acquire,http://purl.org/dmi-framework#Source_world_bank,http://purl.org/dmi-framework#Prov_official
MKD,2024,balkan,X9,21.6117320275475,official,world_bank,official_api,acquire,http://purl.org/dmi-framework#SE_X9_MKD_2024,http://purl.org/dmi-framework#Ind_X9,http://purl.org/dmi-framework#Country_MKD,http://purl.org/dmi-framework#Phase_Acquire,http://purl.org/dmi-framework#Source_world_bank,http://purl.org/dmi-framework#Prov_official
MKD,2025,balkan,X9,21.5247930087355,official,world_bank,official_api,acquire,http://purl.org/dmi-framework#SE_X9_MKD_2025,http://purl.org/dmi-framework#Ind_X9,http://purl.org/dmi-framework#Country_MKD,http://purl.org/dmi-framework#Phase_Acquire,http://purl.org/dmi-framework#Source_world_bank,http://purl.org/dmi-framework#Prov_official
SRB,2012,balkan,X9,12.1306370282431,official,world_bank,official_api,acquire,http://purl.org/dmi-framework#SE_X9_SRB_2012,http://purl.org/dmi-framework#Ind_X9,http://purl.org/dmi-framework#Country_SRB,http://purl.org/dmi-framework#Phase_Acquire,http://purl.org/dmi-framework#Source_world_bank,http://purl.org/dmi-framework#Prov_official
SRB,2013,balkan,X9,12.764254671783,official,world_bank,official_api,acquire,http://purl.org/dmi-framework#SE_X9_SRB_2013,http://purl.org/dmi-framework#Ind_X9,http://purl.org/dmi-framework#Country_SRB,http://purl.org/dmi-framework#Phase_Acquire,http://purl.org/dmi-framework#Source_world_bank,http://purl.org/dmi-framework#Prov_official
SRB,2014,balkan,X9,12.7854987876277,official,world_bank,official_api,acquire,http://purl.org/dmi-framework#SE_X9_SRB_2014,http://purl.org/dmi-framework#Ind_X9,http://purl.org/dmi-framework#Country_SRB,http://purl.org/dmi-framework#Phase_Acquire,http://purl.org/dmi-framework#Source_world_bank,http://purl.org/dmi-framework#Prov_official
SRB,2015,balkan,X9,14.2871334982638,official,world_bank,official_api,acquire,http://purl.org/dmi-framework#SE_X9_SRB_2015,http://purl.org/dmi-framework#Ind_X9,http://purl.org/dmi-framework#Country_SRB,http://purl.org/dmi-framework#Phase_Acquire,http://purl.org/dmi-framework#Source_world_bank,http://purl.org/dmi-framework#Prov_official
SRB,2016,balkan,X9,16.1721884901003,official,world_bank,official_api,acquire,http://purl.org/dmi-framework#SE_X9_SRB_2016,http://purl.org/dmi-framework#Ind_X9,http://purl.org/dmi-framework#Country_SRB,http://purl.org/dmi-framework#Phase_Acquire,http://purl.org/dmi-framework#Source_world_bank,http://purl.org/dmi-framework#Prov_official
SRB,2017,balkan,X9,17.1263254131134,official,world_bank,official_api,acquire,http://purl.org/dmi-framework#SE_X9_SRB_2017,http://purl.org/dmi-framework#Ind_X9,http://purl.org/dmi-framework#Country_SRB,http://purl.org/dmi-framework#Phase_Acquire,http://purl.org/dmi-framework#Source_world_bank,http://purl.org/dmi-framework#Prov_official
SRB,2018,balkan,X9,18.729600792981,official,world_bank,official_api,acquire,http://purl.org/dmi-framework#SE_X9_SRB_2018,http://purl.org/dmi-framework#Ind_X9,http://purl.org/dmi-framework#Country_SRB,http://purl.org/dmi-framework#Phase_Acquire,http://purl.org/dmi-framework#Source_world_bank,http://purl.org/dmi-framework#Prov_official
SRB,2019,balkan,X9,20.523592320891,official,world_bank,official_api,acquire,http://purl.org/dmi-framework#SE_X9_SRB_2019,http://purl.org/dmi-framework#Ind_X9,http://purl.org/dmi-framework#Country_SRB,http://purl.org/dmi-framework#Phase_Acquire,http://purl.org/dmi-framework#Source_world_bank,http://purl.org/dmi-framework#Prov_official
SRB,2020,balkan,X9,23.218504976172,official,world_bank,official_api,acquire,http://purl.org/dmi-framework#SE_X9_SRB_2020,http://purl.org/dmi-framework#Ind_X9,http://purl.org/dmi-framework#Country_SRB,http://purl.org/dmi-framework#Phase_Acquire,http://purl.org/dmi-framework#Source_world_bank,http://purl.org/dmi-framework#Prov_official
SRB,2021,balkan,X9,23.8026092279962,official,world_bank,official_api,acquire,http://purl.org/dmi-framework#SE_X9_SRB_2021,http://purl.org/dmi-framework#Ind_X9,http://purl.org/dmi-framework#Country_SRB,http://purl.org/dmi-framework#Phase_Acquire,http://purl.org/dmi-framework#Source_world_bank,http://purl.org/dmi-framework#Prov_official
SRB,2022,balkan,X9,24.362916235069,official,world_bank,official_api,acquire,http://purl.org/dmi-framework#SE_X9_SRB_2022,http://purl.org/dmi-framework#Ind_X9,http://purl.org/dmi-framework#Country_SRB,http://purl.org/dmi-framework#Phase_Acquire,http://purl.org/dmi-framework#Source_world_bank,http://purl.org/dmi-framework#Prov_official
SRB,2023,balkan,X9,26.2535842010438,official,world_bank,official_api,acquire,http://purl.org/dmi-framework#SE_X9_SRB_2023,http://purl.org/dmi-framework#Ind_X9,http://purl.org/dmi-framework#Country_SRB,http://purl.org/dmi-framework#Phase_Acquire,http://purl.org/dmi-framework#Source_world_bank,http://purl.org/dmi-framework#Prov_official
SRB,2024,balkan,X9,28.5641919197405,official,world_bank,official_api,acquire,http://purl.org/dmi-framework#SE_X9_SRB_2024,http://purl.org/dmi-framework#Ind_X9,http://purl.org/dmi-framework#Country_SRB,http://purl.org/dmi-framework#Phase_Acquire,http://purl.org/dmi-framework#Source_world_bank,http://purl.org/dmi-framework#Prov_official
SRB,2025,balkan,X9,29.8640218665001,official,world_bank,official_api,acquire,http://purl.org/dmi-framework#SE_X9_SRB_2025,http://purl.org/dmi-framework#Ind_X9,http://purl.org/dmi-framework#Country_SRB,http://purl.org/dmi-framework#Phase_Acquire,http://purl.org/dmi-framework#Source_world_bank,http://purl.org/dmi-framework#Prov_official
SVN,2012,balkan,X9,8.06338948253598,official,world_bank,official_api,acquire,http://purl.org/dmi-framework#SE_X9_SVN_2012,http://purl.org/dmi-framework#Ind_X9,http://purl.org/dmi-framework#Country_SVN,http://purl.org/dmi-framework#Phase_Acquire,http://purl.org/dmi-framework#Source_world_bank,http://purl.org/dmi-framework#Prov_official
SVN,2013,balkan,X9,8.41706617492133,official,world_bank,official_api,acquire,http://purl.org/dmi-framework#SE_X9_SVN_2013,http://purl.org/dmi-framework#Ind_X9,http://purl.org/dmi-framework#Country_SVN,http://purl.org/dmi-framework#Phase_Acquire,http://purl.org/dmi-framework#Source_world_bank,http://purl.org/dmi-framework#Prov_official
SVN,2014,balkan,X9,8.012376577411,official,world_bank,official_api,acquire,http://purl.org/dmi-framework#SE_X9_SVN_2014,http://purl.org/dmi-framework#Ind_X9,http://purl.org/dmi-framework#Country_SVN,http://purl.org/dmi-framework#Phase_Acquire,http://purl.org/dmi-framework#Source_world_bank,http://purl.org/dmi-framework#Prov_official
SVN,2015,balkan,X9,8.71196277777616,official,world_bank,official_api,acquire,http://purl.org/dmi-framework#SE_X9_SVN_2015,http://purl.org/dmi-framework#Ind_X9,http://purl.org/dmi-framework#Country_SVN,http://purl.org/dmi-framework#Phase_Acquire,http://purl.org/dmi-framework#Source_world_bank,http://purl.org/dmi-framework#Prov_official
SVN,2016,balkan,X9,8.45885214600295,official,world_bank,official_api,acquire,http://purl.org/dmi-framework#SE_X9_SVN_2016,http://purl.org/dmi-framework#Ind_X9,http://purl.org/dmi-framework#Country_SVN,http://purl.org/dmi-framework#Phase_Acquire,http://purl.org/dmi-framework#Source_world_bank,http://purl.org/dmi-framework#Prov_official
SVN,2017,balkan,X9,7.33688541406128,official,world_bank,official_api,acquire,http://purl.org/dmi-framework#SE_X9_SVN_2017,http://purl.org/dmi-framework#Ind_X9,http://purl.org/dmi-framework#Country_SVN,http://purl.org/dmi-framework#Phase_Acquire,http://purl.org/dmi-framework#Source_world_bank,http://purl.org/dmi-framework#Prov_official
SVN,2018,balkan,X9,6.63656204377462,official,world_bank,official_api,acquire,http://purl.org/dmi-framework#SE_X9_SVN_2018,http://purl.org/dmi-framework#Ind_X9,http://purl.org/dmi-framework#Country_SVN,http://purl.org/dmi-framework#Phase_Acquire,http://purl.org/dmi-framework#Source_world_bank,http://purl.org/dmi-framework#Prov_official
SVN,2019,balkan,X9,7.27911941458538,official,world_bank,official_api,acquire,http://purl.org/dmi-framework#SE_X9_SVN_2019,http://purl.org/dmi-framework#Ind_X9,http://purl.org/dmi-framework#Country_SVN,http://purl.org/dmi-framework#Phase_Acquire,http://purl.org/dmi-framework#Source_world_bank,http://purl.org/dmi-framework#Prov_official
SVN,2020,balkan,X9,9.4334752728112,official,world_bank,official_api,acquire,http://purl.org/dmi-framework#SE_X9_SVN_2020,http://purl.org/dmi-framework#Ind_X9,http://purl.org/dmi-framework#Country_SVN,http://purl.org/dmi-framework#Phase_Acquire,http://purl.org/dmi-framework#Source_world_bank,http://purl.org/dmi-framework#Prov_official
SVN,2021,balkan,X9,8.74972258076989,official,world_bank,official_api,acquire,http://purl.org/dmi-framework#SE_X9_SVN_2021,http://purl.org/dmi-framework#Ind_X9,http://purl.org/dmi-framework#Country_SVN,http://purl.org/dmi-framework#Phase_Acquire,http://purl.org/dmi-framework#Source_world_bank,http://purl.org/dmi-framework#Prov_official
SVN,2022,balkan,X9,8.39680736516205,official,world_bank,official_api,acquire,http://purl.org/dmi-framework#SE_X9_SVN_2022,http://purl.org/dmi-framework#Ind_X9,http://purl.org/dmi-framework#Country_SVN,http://purl.org/dmi-framework#Phase_Acquire,http://purl.org/dmi-framework#Source_world_bank,http://purl.org/dmi-framework#Prov_official
SVN,2023,balkan,X9,8.36068302333236,official,world_bank,official_api,acquire,http://purl.org/dmi-framework#SE_X9_SVN_2023,http://purl.org/dmi-framework#Ind_X9,http://purl.org/dmi-framework#Country_SVN,http://purl.org/dmi-framework#Phase_Acquire,http://purl.org/dmi-framework#Source_world_bank,http://purl.org/dmi-framework#Prov_official
SVN,2024,balkan,X9,8.66604534266778,official,world_bank,official_api,acquire,http://purl.org/dmi-framework#SE_X9_SVN_2024,http://purl.org/dmi-framework#Ind_X9,http://purl.org/dmi-framework#Country_SVN,http://purl.org/dmi-framework#Phase_Acquire,http://purl.org/dmi-framework#Source_world_bank,http://purl.org/dmi-framework#Prov_official
SVN,2025,balkan,X9,9.0619602465748,official,world_bank,official_api,acquire,http://purl.org/dmi-framework#SE_X9_SVN_2025,http://purl.org/dmi-framework#Ind_X9,http://purl.org/dmi-framework#Country_SVN,http://purl.org/dmi-framework#Phase_Acquire,http://purl.org/dmi-framework#Source_world_bank,http://purl.org/dmi-framework#Prov_official
USA,2012,developed_non_eu,X9,4.89484858839231,official,world_bank,official_api,acquire,http://purl.org/dmi-framework#SE_X9_USA_2012,http://purl.org/dmi-framework#Ind_X9,http://purl.org/dmi-framework#Country_USA,http://purl.org/dmi-framework#Phase_Acquire,http://purl.org/dmi-framework#Source_world_bank,http://purl.org/dmi-framework#Prov_official
USA,2013,developed_non_eu,X9,5.04909537736164,official,world_bank,official_api,acquire,http://purl.org/dmi-framework#SE_X9_USA_2013,http://purl.org/dmi-framework#Ind_X9,http://purl.org/dmi-framework#Country_USA,http://purl.org/dmi-framework#Phase_Acquire,http://purl.org/dmi-framework#Source_world_bank,http://purl.org/dmi-framework#Prov_official
USA,2014,developed_non_eu,X9,5.10256918301301,official,world_bank,official_api,acquire,http://purl.org/dmi-framework#SE_X9_USA_2014,http://purl.org/dmi-framework#Ind_X9,http://purl.org/dmi-framework#Country_USA,http://purl.org/dmi-framework#Phase_Acquire,http://purl.org/dmi-framework#Source_world_bank,http://purl.org/dmi-framework#Prov_official
USA,2015,developed_non_eu,X9,5.3843044542327,official,world_bank,official_api,acquire,http://purl.org/dmi-framework#SE_X9_USA_2015,http://purl.org/dmi-framework#Ind_X9,http://purl.org/dmi-framework#Country_USA,http://purl.org/dmi-framework#Phase_Acquire,http://purl.org/dmi-framework#Source_world_bank,http://purl.org/dmi-framework#Prov_official
USA,2016,developed_non_eu,X9,5.50438456530896,official,world_bank,official_api,acquire,http://purl.org/dmi-framework#SE_X9_USA_2016,http://purl.org/dmi-framework#Ind_X9,http://purl.org/dmi-framework#Country_USA,http://purl.org/dmi-framework#Phase_Acquire,http://purl.org/dmi-framework#Source_world_bank,http://purl.org/dmi-framework#Prov_official
USA,2017,developed_non_eu,X9,5.69057151693249,official,world_bank,official_api,acquire,http://purl.org/dmi-framework#SE_X9_USA_2017,http://purl.org/dmi-framework#Ind_X9,http://purl.org/dmi-framework#Country_USA,http://purl.org/dmi-framework#Phase_Acquire,http://purl.org/dmi-framework#Source_world_bank,http://purl.org/dmi-framework#Prov_official
USA,2018,developed_non_eu,X9,5.7758266986912,official,world_bank,official_api,acquire,http://purl.org/dmi-framework#SE_X9_USA_2018,http://purl.org/dmi-framework#Ind_X9,http://purl.org/dmi-framework#Country_USA,http://purl.org/dmi-framework#Phase_Acquire,http://purl.org/dmi-framework#Source_world_bank,http://purl.org/dmi-framework#Prov_official
USA,2019,developed_non_eu,X9,6.72149072800021,official,world_bank,official_api,acquire,http://purl.org/dmi-framework#SE_X9_USA_2019,http://purl.org/dmi-framework#Ind_X9,http://purl.org/dmi-framework#Country_USA,http://purl.org/dmi-framework#Phase_Acquire,http://purl.org/dmi-framework#Source_world_bank,http://purl.org/dmi-framework#Prov_official
USA,2020,developed_non_eu,X9,8.15583930543226,official,world_bank,official_api,acquire,http://purl.org/dmi-framework#SE_X9_USA_2020,http://purl.org/dmi-framework#Ind_X9,http://purl.org/dmi-framework#Country_USA,http://purl.org/dmi-framework#Phase_Acquire,http://purl.org/dmi-framework#Source_world_bank,http://purl.org/dmi-framework#Prov_official
USA,2021,developed_non_eu,X9,7.80759603820996,official,world_bank,official_api,acquire,http://purl.org/dmi-framework#SE_X9_USA_2021,http://purl.org/dmi-framework#Ind_X9,http://purl.org/dmi-framework#Country_USA,http://purl.org/dmi-framework#Phase_Acquire,http://purl.org/dmi-framework#Source_world_bank,http://purl.org/dmi-framework#Prov_official
USA,2022,developed_non_eu,X9,7.41605824254572,official,world_bank,official_api,acquire,http://purl.org/dmi-framework#SE_X9_USA_2022,http://purl.org/dmi-framework#Ind_X9,http://purl.org/dmi-framework#Country_USA,http://purl.org/dmi-framework#Phase_Acquire,http://purl.org/dmi-framework#Source_world_bank,http://purl.org/dmi-framework#Prov_official
USA,2023,developed_non_eu,X9,7.50979594765926,official,world_bank,official_api,acquire,http://purl.org/dmi-framework#SE_X9_USA_2023,http://purl.org/dmi-framework#Ind_X9,http://purl.org/dmi-framework#Country_USA,http://purl.org/dmi-framework#Phase_Acquire,http://purl.org/dmi-framework#Source_world_bank,http://purl.org/dmi-framework#Prov_official
USA,2024,developed_non_eu,X9,7.87536206990779,official,world_bank,official_api,acquire,http://purl.org/dmi-framework#SE_X9_USA_2024,http://purl.org/dmi-framework#Ind_X9,http://purl.org/dmi-framework#Country_USA,http://purl.org/dmi-framework#Phase_Acquire,http://purl.org/dmi-framework#Source_world_bank,http://purl.org/dmi-framework#Prov_official
USA,2025,developed_non_eu,X9,8.29810402774419,official,world_bank,official_api,acquire,http://purl.org/dmi-framework#SE_X9_USA_2025,http://purl.org/dmi-framework#Ind_X9,http://purl.org/dmi-framework#Country_USA,http://purl.org/dmi-framework#Phase_Acquire,http://purl.org/dmi-framework#Source_world_bank,http://purl.org/dmi-framework#Prov_official
ARG,2012,developing,X10,0.52941,official,un_egdi,curated_snapshot,acquire,http://purl.org/dmi-framework#SE_X10_ARG_2012,http://purl.org/dmi-framework#Ind_X10,http://purl.org/dmi-framework#Country_ARG,http://purl.org/dmi-framework#Phase_Acquire,http://purl.org/dmi-framework#Source_un_egdi,http://purl.org/dmi-framework#Prov_official
ARG,2013,developing,X10,0.52941,carried_forward,un_egdi,curated_snapshot,acquire,http://purl.org/dmi-framework#SE_X10_ARG_2013,http://purl.org/dmi-framework#Ind_X10,http://purl.org/dmi-framework#Country_ARG,http://purl.org/dmi-framework#Phase_Acquire,http://purl.org/dmi-framework#Source_un_egdi,http://purl.org/dmi-framework#Prov_carried_forward
ARG,2014,developing,X10,0.55118,official,un_egdi,curated_snapshot,acquire,http://purl.org/dmi-framework#SE_X10_ARG_2014,http://purl.org/dmi-framework#Ind_X10,http://purl.org/dmi-framework#Country_ARG,http://purl.org/dmi-framework#Phase_Acquire,http://purl.org/dmi-framework#Source_un_egdi,http://purl.org/dmi-framework#Prov_official
ARG,2015,developing,X10,0.55118,carried_forward,un_egdi,curated_snapshot,acquire,http://purl.org/dmi-framework#SE_X10_ARG_2015,http://purl.org/dmi-framework#Ind_X10,http://purl.org/dmi-framework#Country_ARG,http://purl.org/dmi-framework#Phase_Acquire,http://purl.org/dmi-framework#Source_un_egdi,http://purl.org/dmi-framework#Prov_carried_forward
ARG,2016,developing,X10,0.71014,official,un_egdi,curated_snapshot,acquire,http://purl.org/dmi-framework#SE_X10_ARG_2016,http://purl.org/dmi-framework#Ind_X10,http://purl.org/dmi-framework#Country_ARG,http://purl.org/dmi-framework#Phase_Acquire,http://purl.org/dmi-framework#Source_un_egdi,http://purl.org/dmi-framework#Prov_official
ARG,2017,developing,X10,0.71014,carried_forward,un_egdi,curated_snapshot,acquire,http://purl.org/dmi-framework#SE_X10_ARG_2017,http://purl.org/dmi-framework#Ind_X10,http://purl.org/dmi-framework#Country_ARG,http://purl.org/dmi-framework#Phase_Acquire,http://purl.org/dmi-framework#Source_un_egdi,http://purl.org/dmi-framework#Prov_carried_forward
ARG,2018,developing,X10,0.75,official,un_egdi,curated_snapshot,acquire,http://purl.org/dmi-framework#SE_X10_ARG_2018,http://purl.org/dmi-framework#Ind_X10,http://purl.org/dmi-framework#Country_ARG,http://purl.org/dmi-framework#Phase_Acquire,http://purl.org/dmi-framework#Source_un_egdi,http://purl.org/dmi-framework#Prov_official
ARG,2019,developing,X10,0.75,carried_forward,un_egdi,curated_snapshot,acquire,http://purl.org/dmi-framework#SE_X10_ARG_2019,http://purl.org/dmi-framework#Ind_X10,http://purl.org/dmi-framework#Country_ARG,http://purl.org/dmi-framework#Phase_Acquire,http://purl.org/dmi-framework#Source_un_egdi,http://purl.org/dmi-framework#Prov_carried_forward
ARG,2020,developing,X10,0.8471,official,un_egdi,curated_snapshot,acquire,http://purl.org/dmi-framework#SE_X10_ARG_2020,http://purl.org/dmi-framework#Ind_X10,http://purl.org/dmi-framework#Country_ARG,http://purl.org/dmi-framework#Phase_Acquire,http://purl.org/dmi-framework#Source_un_egdi,http://purl.org/dmi-framework#Prov_official
ARG,2021,developing,X10,0.8471,carried_forward,un_egdi,curated_snapshot,acquire,http://purl.org/dmi-framework#SE_X10_ARG_2021,http://purl.org/dmi-framework#Ind_X10,http://purl.org/dmi-framework#Country_ARG,http://purl.org/dmi-framework#Phase_Acquire,http://purl.org/dmi-framework#Source_un_egdi,http://purl.org/dmi-framework#Prov_carried_forward
ARG,2022,developing,X10,0.8089,official,un_egdi,curated_snapshot,acquire,http://purl.org/dmi-framework#SE_X10_ARG_2022,http://purl.org/dmi-framework#Ind_X10,http://purl.org/dmi-framework#Country_ARG,http://purl.org/dmi-framework#Phase_Acquire,http://purl.org/dmi-framework#Source_un_egdi,http://purl.org/dmi-framework#Prov_official
ARG,2023,developing,X10,0.8089,carried_forward,un_egdi,curated_snapshot,acquire,http://purl.org/dmi-framework#SE_X10_ARG_2023,http://purl.org/dmi-framework#Ind_X10,http://purl.org/dmi-framework#Country_ARG,http://purl.org/dmi-framework#Phase_Acquire,http://purl.org/dmi-framework#Source_un_egdi,http://purl.org/dmi-framework#Prov_carried_forward
ARG,2024,developing,X10,0.7965,official,un_egdi,curated_snapshot,acquire,http://purl.org/dmi-framework#SE_X10_ARG_2024,http://purl.org/dmi-framework#Ind_X10,http://purl.org/dmi-framework#Country_ARG,http://purl.org/dmi-framework#Phase_Acquire,http://purl.org/dmi-framework#Source_un_egdi,http://purl.org/dmi-framework#Prov_official
ARG,2025,developing,X10,0.7965,carried_forward,un_egdi,curated_snapshot,acquire,http://purl.org/dmi-framework#SE_X10_ARG_2025,http://purl.org/dmi-framework#Ind_X10,http://purl.org/dmi-framework#Country_ARG,http://purl.org/dmi-framework#Phase_Acquire,http://purl.org/dmi-framework#Source_un_egdi,http://purl.org/dmi-framework#Prov_carried_forward
AUS,2012,developed_non_eu,X10,0.86274,official,un_egdi,curated_snapshot,acquire,http://purl.org/dmi-framework#SE_X10_AUS_2012,http://purl.org/dmi-framework#Ind_X10,http://purl.org/dmi-framework#Country_AUS,http://purl.org/dmi-framework#Phase_Acquire,http://purl.org/dmi-framework#Source_un_egdi,http://purl.org/dmi-framework#Prov_official
AUS,2013,developed_non_eu,X10,0.86274,carried_forward,un_egdi,curated_snapshot,acquire,http://purl.org/dmi-framework#SE_X10_AUS_2013,http://purl.org/dmi-framework#Ind_X10,http://purl.org/dmi-framework#Country_AUS,http://purl.org/dmi-framework#Phase_Acquire,http://purl.org/dmi-framework#Source_un_egdi,http://purl.org/dmi-framework#Prov_carried_forward
AUS,2014,developed_non_eu,X10,0.92913,official,un_egdi,curated_snapshot,acquire,http://purl.org/dmi-framework#SE_X10_AUS_2014,http://purl.org/dmi-framework#Ind_X10,http://purl.org/dmi-framework#Country_AUS,http://purl.org/dmi-framework#Phase_Acquire,http://purl.org/dmi-framework#Source_un_egdi,http://purl.org/dmi-framework#Prov_official
AUS,2015,developed_non_eu,X10,0.92913,carried_forward,un_egdi,curated_snapshot,acquire,http://purl.org/dmi-framework#SE_X10_AUS_2015,http://purl.org/dmi-framework#Ind_X10,http://purl.org/dmi-framework#Country_AUS,http://purl.org/dmi-framework#Phase_Acquire,http://purl.org/dmi-framework#Source_un_egdi,http://purl.org/dmi-framework#Prov_carried_forward
AUS,2016,developed_non_eu,X10,0.97826,official,un_egdi,curated_snapshot,acquire,http://purl.org/dmi-framework#SE_X10_AUS_2016,http://purl.org/dmi-framework#Ind_X10,http://purl.org/dmi-framework#Country_AUS,http://purl.org/dmi-framework#Phase_Acquire,http://purl.org/dmi-framework#Source_un_egdi,http://purl.org/dmi-framework#Prov_official
AUS,2017,developed_non_eu,X10,0.97826,carried_forward,un_egdi,curated_snapshot,acquire,http://purl.org/dmi-framework#SE_X10_AUS_2017,http://purl.org/dmi-framework#Ind_X10,http://purl.org/dmi-framework#Country_AUS,http://purl.org/dmi-framework#Phase_Acquire,http://purl.org/dmi-framework#Source_un_egdi,http://purl.org/dmi-framework#Prov_carried_forward
AUS,2018,developed_non_eu,X10,0.9722,official,un_egdi,curated_snapshot,acquire,http://purl.org/dmi-framework#SE_X10_AUS_2018,http://purl.org/dmi-framework#Ind_X10,http://purl.org/dmi-framework#Country_AUS,http://purl.org/dmi-framework#Phase_Acquire,http://purl.org/dmi-framework#Source_un_egdi,http://purl.org/dmi-framework#Prov_official
AUS,2019,developed_non_eu,X10,0.9722,carried_forward,un_egdi,curated_snapshot,acquire,http://purl.org/dmi-framework#SE_X10_AUS_2019,http://purl.org/dmi-framework#Ind_X10,http://purl.org/dmi-framework#Country_AUS,http://purl.org/dmi-framework#Phase_Acquire,http://purl.org/dmi-framework#Source_un_egdi,http://purl.org/dmi-framework#Prov_carried_forward
AUS,2020,developed_non_eu,X10,0.9471,official,un_egdi,curated_snapshot,acquire,http://purl.org/dmi-framework#SE_X10_AUS_2020,http://purl.org/dmi-framework#Ind_X10,http://purl.org/dmi-framework#Country_AUS,http://purl.org/dmi-framework#Phase_Acquire,http://purl.org/dmi-framework#Source_un_egdi,http://purl.org/dmi-framework#Prov_official
AUS,2021,developed_non_eu,X10,0.9471,carried_forward,un_egdi,curated_snapshot,acquire,http://purl.org/dmi-framework#SE_X10_AUS_2021,http://purl.org/dmi-framework#Ind_X10,http://purl.org/dmi-framework#Country_AUS,http://purl.org/dmi-framework#Phase_Acquire,http://purl.org/dmi-framework#Source_un_egdi,http://purl.org/dmi-framework#Prov_carried_forward
AUS,2022,developed_non_eu,X10,0.938,official,un_egdi,curated_snapshot,acquire,http://purl.org/dmi-framework#SE_X10_AUS_2022,http://purl.org/dmi-framework#Ind_X10,http://purl.org/dmi-framework#Country_AUS,http://purl.org/dmi-framework#Phase_Acquire,http://purl.org/dmi-framework#Source_un_egdi,http://purl.org/dmi-framework#Prov_official
AUS,2023,developed_non_eu,X10,0.938,carried_forward,un_egdi,curated_snapshot,acquire,http://purl.org/dmi-framework#SE_X10_AUS_2023,http://purl.org/dmi-framework#Ind_X10,http://purl.org/dmi-framework#Country_AUS,http://purl.org/dmi-framework#Phase_Acquire,http://purl.org/dmi-framework#Source_un_egdi,http://purl.org/dmi-framework#Prov_carried_forward
AUS,2024,developed_non_eu,X10,0.9222,official,un_egdi,curated_snapshot,acquire,http://purl.org/dmi-framework#SE_X10_AUS_2024,http://purl.org/dmi-framework#Ind_X10,http://purl.org/dmi-framework#Country_AUS,http://purl.org/dmi-framework#Phase_Acquire,http://purl.org/dmi-framework#Source_un_egdi,http://purl.org/dmi-framework#Prov_official
AUS,2025,developed_non_eu,X10,0.9222,carried_forward,un_egdi,curated_snapshot,acquire,http://purl.org/dmi-framework#SE_X10_AUS_2025,http://purl.org/dmi-framework#Ind_X10,http://purl.org/dmi-framework#Country_AUS,http://purl.org/dmi-framework#Phase_Acquire,http://purl.org/dmi-framework#Source_un_egdi,http://purl.org/dmi-framework#Prov_carried_forward
BRA,2012,developing,X10,0.6732,official,un_egdi,curated_snapshot,acquire,http://purl.org/dmi-framework#SE_X10_BRA_2012,http://purl.org/dmi-framework#Ind_X10,http://purl.org/dmi-framework#Country_BRA,http://purl.org/dmi-framework#Phase_Acquire,http://purl.org/dmi-framework#Source_un_egdi,http://purl.org/dmi-framework#Prov_official
BRA,2013,developing,X10,0.6732,carried_forward,un_egdi,curated_snapshot,acquire,http://purl.org/dmi-framework#SE_X10_BRA_2013,http://purl.org/dmi-framework#Ind_X10,http://purl.org/dmi-framework#Country_BRA,http://purl.org/dmi-framework#Phase_Acquire,http://purl.org/dmi-framework#Source_un_egdi,http://purl.org/dmi-framework#Prov_carried_forward
BRA,2014,developing,X10,0.59842,official,un_egdi,curated_snapshot,acquire,http://purl.org/dmi-framework#SE_X10_BRA_2014,http://purl.org/dmi-framework#Ind_X10,http://purl.org/dmi-framework#Country_BRA,http://purl.org/dmi-framework#Phase_Acquire,http://purl.org/dmi-framework#Source_un_egdi,http://purl.org/dmi-framework#Prov_official
BRA,2015,developing,X10,0.59842,carried_forward,un_egdi,curated_snapshot,acquire,http://purl.org/dmi-framework#SE_X10_BRA_2015,http://purl.org/dmi-framework#Ind_X10,http://purl.org/dmi-framework#Country_BRA,http://purl.org/dmi-framework#Phase_Acquire,http://purl.org/dmi-framework#Source_un_egdi,http://purl.org/dmi-framework#Prov_carried_forward
BRA,2016,developing,X10,0.73188,official,un_egdi,curated_snapshot,acquire,http://purl.org/dmi-framework#SE_X10_BRA_2016,http://purl.org/dmi-framework#Ind_X10,http://purl.org/dmi-framework#Country_BRA,http://purl.org/dmi-framework#Phase_Acquire,http://purl.org/dmi-framework#Source_un_egdi,http://purl.org/dmi-framework#Prov_official
BRA,2017,developing,X10,0.73188,carried_forward,un_egdi,curated_snapshot,acquire,http://purl.org/dmi-framework#SE_X10_BRA_2017,http://purl.org/dmi-framework#Ind_X10,http://purl.org/dmi-framework#Country_BRA,http://purl.org/dmi-framework#Phase_Acquire,http://purl.org/dmi-framework#Source_un_egdi,http://purl.org/dmi-framework#Prov_carried_forward
BRA,2018,developing,X10,0.9236,official,un_egdi,curated_snapshot,acquire,http://purl.org/dmi-framework#SE_X10_BRA_2018,http://purl.org/dmi-framework#Ind_X10,http://purl.org/dmi-framework#Country_BRA,http://purl.org/dmi-framework#Phase_Acquire,http://purl.org/dmi-framework#Source_un_egdi,http://purl.org/dmi-framework#Prov_official
BRA,2019,developing,X10,0.9236,carried_forward,un_egdi,curated_snapshot,acquire,http://purl.org/dmi-framework#SE_X10_BRA_2019,http://purl.org/dmi-framework#Ind_X10,http://purl.org/dmi-framework#Country_BRA,http://purl.org/dmi-framework#Phase_Acquire,http://purl.org/dmi-framework#Source_un_egdi,http://purl.org/dmi-framework#Prov_carried_forward
BRA,2020,developing,X10,0.8706,official,un_egdi,curated_snapshot,acquire,http://purl.org/dmi-framework#SE_X10_BRA_2020,http://purl.org/dmi-framework#Ind_X10,http://purl.org/dmi-framework#Country_BRA,http://purl.org/dmi-framework#Phase_Acquire,http://purl.org/dmi-framework#Source_un_egdi,http://purl.org/dmi-framework#Prov_official
BRA,2021,developing,X10,0.8706,carried_forward,un_egdi,curated_snapshot,acquire,http://purl.org/dmi-framework#SE_X10_BRA_2021,http://purl.org/dmi-framework#Ind_X10,http://purl.org/dmi-framework#Country_BRA,http://purl.org/dmi-framework#Phase_Acquire,http://purl.org/dmi-framework#Source_un_egdi,http://purl.org/dmi-framework#Prov_carried_forward
BRA,2022,developing,X10,0.8964,official,un_egdi,curated_snapshot,acquire,http://purl.org/dmi-framework#SE_X10_BRA_2022,http://purl.org/dmi-framework#Ind_X10,http://purl.org/dmi-framework#Country_BRA,http://purl.org/dmi-framework#Phase_Acquire,http://purl.org/dmi-framework#Source_un_egdi,http://purl.org/dmi-framework#Prov_official
BRA,2023,developing,X10,0.8964,carried_forward,un_egdi,curated_snapshot,acquire,http://purl.org/dmi-framework#SE_X10_BRA_2023,http://purl.org/dmi-framework#Ind_X10,http://purl.org/dmi-framework#Country_BRA,http://purl.org/dmi-framework#Phase_Acquire,http://purl.org/dmi-framework#Source_un_egdi,http://purl.org/dmi-framework#Prov_carried_forward
BRA,2024,developing,X10,0.9063,official,un_egdi,curated_snapshot,acquire,http://purl.org/dmi-framework#SE_X10_BRA_2024,http://purl.org/dmi-framework#Ind_X10,http://purl.org/dmi-framework#Country_BRA,http://purl.org/dmi-framework#Phase_Acquire,http://purl.org/dmi-framework#Source_un_egdi,http://purl.org/dmi-framework#Prov_official
BRA,2025,developing,X10,0.9063,carried_forward,un_egdi,curated_snapshot,acquire,http://purl.org/dmi-framework#SE_X10_BRA_2025,http://purl.org/dmi-framework#Ind_X10,http://purl.org/dmi-framework#Country_BRA,http://purl.org/dmi-framework#Phase_Acquire,http://purl.org/dmi-framework#Source_un_egdi,http://purl.org/dmi-framework#Prov_carried_forward
CAN,2012,developed_non_eu,X10,0.88888,official,un_egdi,curated_snapshot,acquire,http://purl.org/dmi-framework#SE_X10_CAN_2012,http://purl.org/dmi-framework#Ind_X10,http://purl.org/dmi-framework#Country_CAN,http://purl.org/dmi-framework#Phase_Acquire,http://purl.org/dmi-framework#Source_un_egdi,http://purl.org/dmi-framework#Prov_official
CAN,2013,developed_non_eu,X10,0.88888,carried_forward,un_egdi,curated_snapshot,acquire,http://purl.org/dmi-framework#SE_X10_CAN_2013,http://purl.org/dmi-framework#Ind_X10,http://purl.org/dmi-framework#Country_CAN,http://purl.org/dmi-framework#Phase_Acquire,http://purl.org/dmi-framework#Source_un_egdi,http://purl.org/dmi-framework#Prov_carried_forward
CAN,2014,developed_non_eu,X10,0.91338,official,un_egdi,curated_snapshot,acquire,http://purl.org/dmi-framework#SE_X10_CAN_2014,http://purl.org/dmi-framework#Ind_X10,http://purl.org/dmi-framework#Country_CAN,http://purl.org/dmi-framework#Phase_Acquire,http://purl.org/dmi-framework#Source_un_egdi,http://purl.org/dmi-framework#Prov_official
CAN,2015,developed_non_eu,X10,0.91338,carried_forward,un_egdi,curated_snapshot,acquire,http://purl.org/dmi-framework#SE_X10_CAN_2015,http://purl.org/dmi-framework#Ind_X10,http://purl.org/dmi-framework#Country_CAN,http://purl.org/dmi-framework#Phase_Acquire,http://purl.org/dmi-framework#Source_un_egdi,http://purl.org/dmi-framework#Prov_carried_forward
CAN,2016,developed_non_eu,X10,0.95652,official,un_egdi,curated_snapshot,acquire,http://purl.org/dmi-framework#SE_X10_CAN_2016,http://purl.org/dmi-framework#Ind_X10,http://purl.org/dmi-framework#Country_CAN,http://purl.org/dmi-framework#Phase_Acquire,http://purl.org/dmi-framework#Source_un_egdi,http://purl.org/dmi-framework#Prov_official
CAN,2017,developed_non_eu,X10,0.95652,carried_forward,un_egdi,curated_snapshot,acquire,http://purl.org/dmi-framework#SE_X10_CAN_2017,http://purl.org/dmi-framework#Ind_X10,http://purl.org/dmi-framework#Country_CAN,http://purl.org/dmi-framework#Phase_Acquire,http://purl.org/dmi-framework#Source_un_egdi,http://purl.org/dmi-framework#Prov_carried_forward
CAN,2018,developed_non_eu,X10,0.9306,official,un_egdi,curated_snapshot,acquire,http://purl.org/dmi-framework#SE_X10_CAN_2018,http://purl.org/dmi-framework#Ind_X10,http://purl.org/dmi-framework#Country_CAN,http://purl.org/dmi-framework#Phase_Acquire,http://purl.org/dmi-framework#Source_un_egdi,http://purl.org/dmi-framework#Prov_official
CAN,2019,developed_non_eu,X10,0.9306,carried_forward,un_egdi,curated_snapshot,acquire,http://purl.org/dmi-framework#SE_X10_CAN_2019,http://purl.org/dmi-framework#Ind_X10,http://purl.org/dmi-framework#Country_CAN,http://purl.org/dmi-framework#Phase_Acquire,http://purl.org/dmi-framework#Source_un_egdi,http://purl.org/dmi-framework#Prov_carried_forward
CAN,2020,developed_non_eu,X10,0.8412,official,un_egdi,curated_snapshot,acquire,http://purl.org/dmi-framework#SE_X10_CAN_2020,http://purl.org/dmi-framework#Ind_X10,http://purl.org/dmi-framework#Country_CAN,http://purl.org/dmi-framework#Phase_Acquire,http://purl.org/dmi-framework#Source_un_egdi,http://purl.org/dmi-framework#Prov_official
CAN,2021,developed_non_eu,X10,0.8412,carried_forward,un_egdi,curated_snapshot,acquire,http://purl.org/dmi-framework#SE_X10_CAN_2021,http://purl.org/dmi-framework#Ind_X10,http://purl.org/dmi-framework#Country_CAN,http://purl.org/dmi-framework#Phase_Acquire,http://purl.org/dmi-framework#Source_un_egdi,http://purl.org/dmi-framework#Prov_carried_forward
CAN,2022,developed_non_eu,X10,0.8504,official,un_egdi,curated_snapshot,acquire,http://purl.org/dmi-framework#SE_X10_CAN_2022,http://purl.org/dmi-framework#Ind_X10,http://purl.org/dmi-framework#Country_CAN,http://purl.org/dmi-framework#Phase_Acquire,http://purl.org/dmi-framework#Source_un_egdi,http://purl.org/dmi-framework#Prov_official
CAN,2023,developed_non_eu,X10,0.8504,carried_forward,un_egdi,curated_snapshot,acquire,http://purl.org/dmi-framework#SE_X10_CAN_2023,http://purl.org/dmi-framework#Ind_X10,http://purl.org/dmi-framework#Country_CAN,http://purl.org/dmi-framework#Phase_Acquire,http://purl.org/dmi-framework#Source_un_egdi,http://purl.org/dmi-framework#Prov_carried_forward
CAN,2024,developed_non_eu,X10,0.8552,official,un_egdi,curated_snapshot,acquire,http://purl.org/dmi-framework#SE_X10_CAN_2024,http://purl.org/dmi-framework#Ind_X10,http://purl.org/dmi-framework#Country_CAN,http://purl.org/dmi-framework#Phase_Acquire,http://purl.org/dmi-framework#Source_un_egdi,http://purl.org/dmi-framework#Prov_official
CAN,2025,developed_non_eu,X10,0.8552,carried_forward,un_egdi,curated_snapshot,acquire,http://purl.org/dmi-framework#SE_X10_CAN_2025,http://purl.org/dmi-framework#Ind_X10,http://purl.org/dmi-framework#Country_CAN,http://purl.org/dmi-framework#Phase_Acquire,http://purl.org/dmi-framework#Source_un_egdi,http://purl.org/dmi-framework#Prov_carried_forward
DEU,2012,developed_eu,X10,0.75163,official,un_egdi,curated_snapshot,acquire,http://purl.org/dmi-framework#SE_X10_DEU_2012,http://purl.org/dmi-framework#Ind_X10,http://purl.org/dmi-framework#Country_DEU,http://purl.org/dmi-framework#Phase_Acquire,http://purl.org/dmi-framework#Source_un_egdi,http://purl.org/dmi-framework#Prov_official
DEU,2013,developed_eu,X10,0.75163,carried_forward,un_egdi,curated_snapshot,acquire,http://purl.org/dmi-framework#SE_X10_DEU_2013,http://purl.org/dmi-framework#Ind_X10,http://purl.org/dmi-framework#Country_DEU,http://purl.org/dmi-framework#Phase_Acquire,http://purl.org/dmi-framework#Source_un_egdi,http://purl.org/dmi-framework#Prov_carried_forward
DEU,2014,developed_eu,X10,0.66929,official,un_egdi,curated_snapshot,acquire,http://purl.org/dmi-framework#SE_X10_DEU_2014,http://purl.org/dmi-framework#Ind_X10,http://purl.org/dmi-framework#Country_DEU,http://purl.org/dmi-framework#Phase_Acquire,http://purl.org/dmi-framework#Source_un_egdi,http://purl.org/dmi-framework#Prov_official
DEU,2015,developed_eu,X10,0.66929,carried_forward,un_egdi,curated_snapshot,acquire,http://purl.org/dmi-framework#SE_X10_DEU_2015,http://purl.org/dmi-framework#Ind_X10,http://purl.org/dmi-framework#Country_DEU,http://purl.org/dmi-framework#Phase_Acquire,http://purl.org/dmi-framework#Source_un_egdi,http://purl.org/dmi-framework#Prov_carried_forward
DEU,2016,developed_eu,X10,0.84058,official,un_egdi,curated_snapshot,acquire,http://purl.org/dmi-framework#SE_X10_DEU_2016,http://purl.org/dmi-framework#Ind_X10,http://purl.org/dmi-framework#Country_DEU,http://purl.org/dmi-framework#Phase_Acquire,http://purl.org/dmi-framework#Source_un_egdi,http://purl.org/dmi-framework#Prov_official
DEU,2017,developed_eu,X10,0.84058,carried_forward,un_egdi,curated_snapshot,acquire,http://purl.org/dmi-framework#SE_X10_DEU_2017,http://purl.org/dmi-framework#Ind_X10,http://purl.org/dmi-framework#Country_DEU,http://purl.org/dmi-framework#Phase_Acquire,http://purl.org/dmi-framework#Source_un_egdi,http://purl.org/dmi-framework#Prov_carried_forward
DEU,2018,developed_eu,X10,0.9306,official,un_egdi,curated_snapshot,acquire,http://purl.org/dmi-framework#SE_X10_DEU_2018,http://purl.org/dmi-framework#Ind_X10,http://purl.org/dmi-framework#Country_DEU,http://purl.org/dmi-framework#Phase_Acquire,http://purl.org/dmi-framework#Source_un_egdi,http://purl.org/dmi-framework#Prov_official
DEU,2019,developed_eu,X10,0.9306,carried_forward,un_egdi,curated_snapshot,acquire,http://purl.org/dmi-framework#SE_X10_DEU_2019,http://purl.org/dmi-framework#Ind_X10,http://purl.org/dmi-framework#Country_DEU,http://purl.org/dmi-framework#Phase_Acquire,http://purl.org/dmi-framework#Source_un_egdi,http://purl.org/dmi-framework#Prov_carried_forward
DEU,2020,developed_eu,X10,0.7353,official,un_egdi,curated_snapshot,acquire,http://purl.org/dmi-framework#SE_X10_DEU_2020,http://purl.org/dmi-framework#Ind_X10,http://purl.org/dmi-framework#Country_DEU,http://purl.org/dmi-framework#Phase_Acquire,http://purl.org/dmi-framework#Source_un_egdi,http://purl.org/dmi-framework#Prov_official
DEU,2021,developed_eu,X10,0.7353,carried_forward,un_egdi,curated_snapshot,acquire,http://purl.org/dmi-framework#SE_X10_DEU_2021,http://purl.org/dmi-framework#Ind_X10,http://purl.org/dmi-framework#Country_DEU,http://purl.org/dmi-framework#Phase_Acquire,http://purl.org/dmi-framework#Source_un_egdi,http://purl.org/dmi-framework#Prov_carried_forward
DEU,2022,developed_eu,X10,0.7905,official,un_egdi,curated_snapshot,acquire,http://purl.org/dmi-framework#SE_X10_DEU_2022,http://purl.org/dmi-framework#Ind_X10,http://purl.org/dmi-framework#Country_DEU,http://purl.org/dmi-framework#Phase_Acquire,http://purl.org/dmi-framework#Source_un_egdi,http://purl.org/dmi-framework#Prov_official
DEU,2023,developed_eu,X10,0.7905,carried_forward,un_egdi,curated_snapshot,acquire,http://purl.org/dmi-framework#SE_X10_DEU_2023,http://purl.org/dmi-framework#Ind_X10,http://purl.org/dmi-framework#Country_DEU,http://purl.org/dmi-framework#Phase_Acquire,http://purl.org/dmi-framework#Source_un_egdi,http://purl.org/dmi-framework#Prov_carried_forward
DEU,2024,developed_eu,X10,0.9238,official,un_egdi,curated_snapshot,acquire,http://purl.org/dmi-framework#SE_X10_DEU_2024,http://purl.org/dmi-framework#Ind_X10,http://purl.org/dmi-framework#Country_DEU,http://purl.org/dmi-framework#Phase_Acquire,http://purl.org/dmi-framework#Source_un_egdi,http://purl.org/dmi-framework#Prov_official
DEU,2025,developed_eu,X10,0.9238,carried_forward,un_egdi,curated_snapshot,acquire,http://purl.org/dmi-framework#SE_X10_DEU_2025,http://purl.org/dmi-framework#Ind_X10,http://purl.org/dmi-framework#Country_DEU,http://purl.org/dmi-framework#Phase_Acquire,http://purl.org/dmi-framework#Source_un_egdi,http://purl.org/dmi-framework#Prov_carried_forward
FRA,2012,developed_eu,X10,0.87581,official,un_egdi,curated_snapshot,acquire,http://purl.org/dmi-framework#SE_X10_FRA_2012,http://purl.org/dmi-framework#Ind_X10,http://purl.org/dmi-framework#Country_FRA,http://purl.org/dmi-framework#Phase_Acquire,http://purl.org/dmi-framework#Source_un_egdi,http://purl.org/dmi-framework#Prov_official
FRA,2013,developed_eu,X10,0.87581,carried_forward,un_egdi,curated_snapshot,acquire,http://purl.org/dmi-framework#SE_X10_FRA_2013,http://purl.org/dmi-framework#Ind_X10,http://purl.org/dmi-framework#Country_FRA,http://purl.org/dmi-framework#Phase_Acquire,http://purl.org/dmi-framework#Source_un_egdi,http://purl.org/dmi-framework#Prov_carried_forward
FRA,2014,developed_eu,X10,1.0,official,un_egdi,curated_snapshot,acquire,http://purl.org/dmi-framework#SE_X10_FRA_2014,http://purl.org/dmi-framework#Ind_X10,http://purl.org/dmi-framework#Country_FRA,http://purl.org/dmi-framework#Phase_Acquire,http://purl.org/dmi-framework#Source_un_egdi,http://purl.org/dmi-framework#Prov_official
FRA,2015,developed_eu,X10,1.0,carried_forward,un_egdi,curated_snapshot,acquire,http://purl.org/dmi-framework#SE_X10_FRA_2015,http://purl.org/dmi-framework#Ind_X10,http://purl.org/dmi-framework#Country_FRA,http://purl.org/dmi-framework#Phase_Acquire,http://purl.org/dmi-framework#Source_un_egdi,http://purl.org/dmi-framework#Prov_carried_forward
FRA,2016,developed_eu,X10,0.94203,official,un_egdi,curated_snapshot,acquire,http://purl.org/dmi-framework#SE_X10_FRA_2016,http://purl.org/dmi-framework#Ind_X10,http://purl.org/dmi-framework#Country_FRA,http://purl.org/dmi-framework#Phase_Acquire,http://purl.org/dmi-framework#Source_un_egdi,http://purl.org/dmi-framework#Prov_official
FRA,2017,developed_eu,X10,0.94203,carried_forward,un_egdi,curated_snapshot,acquire,http://purl.org/dmi-framework#SE_X10_FRA_2017,http://purl.org/dmi-framework#Ind_X10,http://purl.org/dmi-framework#Country_FRA,http://purl.org/dmi-framework#Phase_Acquire,http://purl.org/dmi-framework#Source_un_egdi,http://purl.org/dmi-framework#Prov_carried_forward
FRA,2018,developed_eu,X10,0.9792,official,un_egdi,curated_snapshot,acquire,http://purl.org/dmi-framework#SE_X10_FRA_2018,http://purl.org/dmi-framework#Ind_X10,http://purl.org/dmi-framework#Country_FRA,http://purl.org/dmi-framework#Phase_Acquire,http://purl.org/dmi-framework#Source_un_egdi,http://purl.org/dmi-framework#Prov_official
FRA,2019,developed_eu,X10,0.9792,carried_forward,un_egdi,curated_snapshot,acquire,http://purl.org/dmi-framework#SE_X10_FRA_2019,http://purl.org/dmi-framework#Ind_X10,http://purl.org/dmi-framework#Country_FRA,http://purl.org/dmi-framework#Phase_Acquire,http://purl.org/dmi-framework#Source_un_egdi,http://purl.org/dmi-framework#Prov_carried_forward
FRA,2020,developed_eu,X10,0.8824,official,un_egdi,curated_snapshot,acquire,http://purl.org/dmi-framework#SE_X10_FRA_2020,http://purl.org/dmi-framework#Ind_X10,http://purl.org/dmi-framework#Country_FRA,http://purl.org/dmi-framework#Phase_Acquire,http://purl.org/dmi-framework#Source_un_egdi,http://purl.org/dmi-framework#Prov_official
FRA,2021,developed_eu,X10,0.8824,carried_forward,un_egdi,curated_snapshot,acquire,http://purl.org/dmi-framework#SE_X10_FRA_2021,http://purl.org/dmi-framework#Ind_X10,http://purl.org/dmi-framework#Country_FRA,http://purl.org/dmi-framework#Phase_Acquire,http://purl.org/dmi-framework#Source_un_egdi,http://purl.org/dmi-framework#Prov_carried_forward
FRA,2022,developed_eu,X10,0.8768,official,un_egdi,curated_snapshot,acquire,http://purl.org/dmi-framework#SE_X10_FRA_2022,http://purl.org/dmi-framework#Ind_X10,http://purl.org/dmi-framework#Country_FRA,http://purl.org/dmi-framework#Phase_Acquire,http://purl.org/dmi-framework#Source_un_egdi,http://purl.org/dmi-framework#Prov_official
FRA,2023,developed_eu,X10,0.8768,carried_forward,un_egdi,curated_snapshot,acquire,http://purl.org/dmi-framework#SE_X10_FRA_2023,http://purl.org/dmi-framework#Ind_X10,http://purl.org/dmi-framework#Country_FRA,http://purl.org/dmi-framework#Phase_Acquire,http://purl.org/dmi-framework#Source_un_egdi,http://purl.org/dmi-framework#Prov_carried_forward
FRA,2024,developed_eu,X10,0.844,official,un_egdi,curated_snapshot,acquire,http://purl.org/dmi-framework#SE_X10_FRA_2024,http://purl.org/dmi-framework#Ind_X10,http://purl.org/dmi-framework#Country_FRA,http://purl.org/dmi-framework#Phase_Acquire,http://purl.org/dmi-framework#Source_un_egdi,http://purl.org/dmi-framework#Prov_official
FRA,2025,developed_eu,X10,0.844,carried_forward,un_egdi,curated_snapshot,acquire,http://purl.org/dmi-framework#SE_X10_FRA_2025,http://purl.org/dmi-framework#Ind_X10,http://purl.org/dmi-framework#Country_FRA,http://purl.org/dmi-framework#Phase_Acquire,http://purl.org/dmi-framework#Source_un_egdi,http://purl.org/dmi-framework#Prov_carried_forward
GBR,2012,developed_eu,X10,0.97385,official,un_egdi,curated_snapshot,acquire,http://purl.org/dmi-framework#SE_X10_GBR_2012,http://purl.org/dmi-framework#Ind_X10,http://purl.org/dmi-framework#Country_GBR,http://purl.org/dmi-framework#Phase_Acquire,http://purl.org/dmi-framework#Source_un_egdi,http://purl.org/dmi-framework#Prov_official
GBR,2013,developed_eu,X10,0.97385,carried_forward,un_egdi,curated_snapshot,acquire,http://purl.org/dmi-framework#SE_X10_GBR_2013,http://purl.org/dmi-framework#Ind_X10,http://purl.org/dmi-framework#Country_GBR,http://purl.org/dmi-framework#Phase_Acquire,http://purl.org/dmi-framework#Source_un_egdi,http://purl.org/dmi-framework#Prov_carried_forward
GBR,2014,developed_eu,X10,0.89763,official,un_egdi,curated_snapshot,acquire,http://purl.org/dmi-framework#SE_X10_GBR_2014,http://purl.org/dmi-framework#Ind_X10,http://purl.org/dmi-framework#Country_GBR,http://purl.org/dmi-framework#Phase_Acquire,http://purl.org/dmi-framework#Source_un_egdi,http://purl.org/dmi-framework#Prov_official
GBR,2015,developed_eu,X10,0.89763,carried_forward,un_egdi,curated_snapshot,acquire,http://purl.org/dmi-framework#SE_X10_GBR_2015,http://purl.org/dmi-framework#Ind_X10,http://purl.org/dmi-framework#Country_GBR,http://purl.org/dmi-framework#Phase_Acquire,http://purl.org/dmi-framework#Source_un_egdi,http://purl.org/dmi-framework#Prov_carried_forward
GBR,2016,developed_eu,X10,1.0,official,un_egdi,curated_snapshot,acquire,http://purl.org/dmi-framework#SE_X10_GBR_2016,http://purl.org/dmi-framework#Ind_X10,http://purl.org/dmi-framework#Country_GBR,http://purl.org/dmi-framework#Phase_Acquire,http://purl.org/dmi-framework#Source_un_egdi,http://purl.org/dmi-framework#Prov_official
GBR,2017,developed_eu,X10,1.0,carried_forward,un_egdi,curated_snapshot,acquire,http://purl.org/dmi-framework#SE_X10_GBR_2017,http://purl.org/dmi-framework#Ind_X10,http://purl.org/dmi-framework#Country_GBR,http://purl.org/dmi-framework#Phase_Acquire,http://purl.org/dmi-framework#Source_un_egdi,http://purl.org/dmi-framework#Prov_carried_forward
GBR,2018,developed_eu,X10,0.9792,official,un_egdi,curated_snapshot,acquire,http://purl.org/dmi-framework#SE_X10_GBR_2018,http://purl.org/dmi-framework#Ind_X10,http://purl.org/dmi-framework#Country_GBR,http://purl.org/dmi-framework#Phase_Acquire,http://purl.org/dmi-framework#Source_un_egdi,http://purl.org/dmi-framework#Prov_official
GBR,2019,developed_eu,X10,0.9792,carried_forward,un_egdi,curated_snapshot,acquire,http://purl.org/dmi-framework#SE_X10_GBR_2019,http://purl.org/dmi-framework#Ind_X10,http://purl.org/dmi-framework#Country_GBR,http://purl.org/dmi-framework#Phase_Acquire,http://purl.org/dmi-framework#Source_un_egdi,http://purl.org/dmi-framework#Prov_carried_forward
GBR,2020,developed_eu,X10,0.9588,official,un_egdi,curated_snapshot,acquire,http://purl.org/dmi-framework#SE_X10_GBR_2020,http://purl.org/dmi-framework#Ind_X10,http://purl.org/dmi-framework#Country_GBR,http://purl.org/dmi-framework#Phase_Acquire,http://purl.org/dmi-framework#Source_un_egdi,http://purl.org/dmi-framework#Prov_official
GBR,2021,developed_eu,X10,0.9588,carried_forward,un_egdi,curated_snapshot,acquire,http://purl.org/dmi-framework#SE_X10_GBR_2021,http://purl.org/dmi-framework#Ind_X10,http://purl.org/dmi-framework#Country_GBR,http://purl.org/dmi-framework#Phase_Acquire,http://purl.org/dmi-framework#Source_un_egdi,http://purl.org/dmi-framework#Prov_carried_forward
GBR,2022,developed_eu,X10,0.8859,official,un_egdi,curated_snapshot,acquire,http://purl.org/dmi-framework#SE_X10_GBR_2022,http://purl.org/dmi-framework#Ind_X10,http://purl.org/dmi-framework#Country_GBR,http://purl.org/dmi-framework#Phase_Acquire,http://purl.org/dmi-framework#Source_un_egdi,http://purl.org/dmi-framework#Prov_official
GBR,2023,developed_eu,X10,0.8859,carried_forward,un_egdi,curated_snapshot,acquire,http://purl.org/dmi-framework#SE_X10_GBR_2023,http://purl.org/dmi-framework#Ind_X10,http://purl.org/dmi-framework#Country_GBR,http://purl.org/dmi-framework#Phase_Acquire,http://purl.org/dmi-framework#Source_un_egdi,http://purl.org/dmi-framework#Prov_carried_forward
GBR,2024,developed_eu,X10,0.9535,official,un_egdi,curated_snapshot,acquire,http://purl.org/dmi-framework#SE_X10_GBR_2024,http://purl.org/dmi-framework#Ind_X10,http://purl.org/dmi-framework#Country_GBR,http://purl.org/dmi-framework#Phase_Acquire,http://purl.org/dmi-framework#Source_un_egdi,http://purl.org/dmi-framework#Prov_official
GBR,2025,developed_eu,X10,0.9535,carried_forward,un_egdi,curated_snapshot,acquire,http://purl.org/dmi-framework#SE_X10_GBR_2025,http://purl.org/dmi-framework#Ind_X10,http://purl.org/dmi-framework#Country_GBR,http://purl.org/dmi-framework#Phase_Acquire,http://purl.org/dmi-framework#Source_un_egdi,http://purl.org/dmi-framework#Prov_carried_forward
IND,2012,developing,X10,0.53594,official,un_egdi,curated_snapshot,acquire,http://purl.org/dmi-framework#SE_X10_IND_2012,http://purl.org/dmi-framework#Ind_X10,http://purl.org/dmi-framework#Country_IND,http://purl.org/dmi-framework#Phase_Acquire,http://purl.org/dmi-framework#Source_un_egdi,http://purl.org/dmi-framework#Prov_official
IND,2013,developing,X10,0.53594,carried_forward,un_egdi,curated_snapshot,acquire,http://purl.org/dmi-framework#SE_X10_IND_2013,http://purl.org/dmi-framework#Ind_X10,http://purl.org/dmi-framework#Country_IND,http://purl.org/dmi-framework#Phase_Acquire,http://purl.org/dmi-framework#Source_un_egdi,http://purl.org/dmi-framework#Prov_carried_forward
IND,2014,developing,X10,0.5433,official,un_egdi,curated_snapshot,acquire,http://purl.org/dmi-framework#SE_X10_IND_2014,http://purl.org/dmi-framework#Ind_X10,http://purl.org/dmi-framework#Country_IND,http://purl.org/dmi-framework#Phase_Acquire,http://purl.org/dmi-framework#Source_un_egdi,http://purl.org/dmi-framework#Prov_official
IND,2015,developing,X10,0.5433,carried_forward,un_egdi,curated_snapshot,acquire,http://purl.org/dmi-framework#SE_X10_IND_2015,http://purl.org/dmi-framework#Ind_X10,http://purl.org/dmi-framework#Country_IND,http://purl.org/dmi-framework#Phase_Acquire,http://purl.org/dmi-framework#Source_un_egdi,http://purl.org/dmi-framework#Prov_carried_forward
IND,2016,developing,X10,0.74638,official,un_egdi,curated_snapshot,acquire,http://purl.org/dmi-framework#SE_X10_IND_2016,http://purl.org/dmi-framework#Ind_X10,http://purl.org/dmi-framework#Country_IND,http://purl.org/dmi-framework#Phase_Acquire,http://purl.org/dmi-framework#Source_un_egdi,http://purl.org/dmi-framework#Prov_official
IND,2017,developing,X10,0.74638,carried_forward,un_egdi,curated_snapshot,acquire,http://purl.org/dmi-framework#SE_X10_IND_2017,http://purl.org/dmi-framework#Ind_X10,http://purl.org/dmi-framework#Country_IND,http://purl.org/dmi-framework#Phase_Acquire,http://purl.org/dmi-framework#Source_un_egdi,http://purl.org/dmi-framework#Prov_carried_forward
IND,2018,developing,X10,0.9514,official,un_egdi,curated_snapshot,acquire,http://purl.org/dmi-framework#SE_X10_IND_2018,http://purl.org/dmi-framework#Ind_X10,http://purl.org/dmi-framework#Country_IND,http://purl.org/dmi-framework#Phase_Acquire,http://purl.org/dmi-framework#Source_un_egdi,http://purl.org/dmi-framework#Prov_official
IND,2019,developing,X10,0.9514,carried_forward,un_egdi,curated_snapshot,acquire,http://purl.org/dmi-framework#SE_X10_IND_2019,http://purl.org/dmi-framework#Ind_X10,http://purl.org/dmi-framework#Country_IND,http://purl.org/dmi-framework#Phase_Acquire,http://purl.org/dmi-framework#Source_un_egdi,http://purl.org/dmi-framework#Prov_carried_forward
IND,2020,developing,X10,0.8529,official,un_egdi,curated_snapshot,acquire,http://purl.org/dmi-framework#SE_X10_IND_2020,http://purl.org/dmi-framework#Ind_X10,http://purl.org/dmi-framework#Country_IND,http://purl.org/dmi-framework#Phase_Acquire,http://purl.org/dmi-framework#Source_un_egdi,http://purl.org/dmi-framework#Prov_official
IND,2021,developing,X10,0.8529,carried_forward,un_egdi,curated_snapshot,acquire,http://purl.org/dmi-framework#SE_X10_IND_2021,http://purl.org/dmi-framework#Ind_X10,http://purl.org/dmi-framework#Country_IND,http://purl.org/dmi-framework#Phase_Acquire,http://purl.org/dmi-framework#Source_un_egdi,http://purl.org/dmi-framework#Prov_carried_forward
IND,2022,developing,X10,0.7934,official,un_egdi,curated_snapshot,acquire,http://purl.org/dmi-framework#SE_X10_IND_2022,http://purl.org/dmi-framework#Ind_X10,http://purl.org/dmi-framework#Country_IND,http://purl.org/dmi-framework#Phase_Acquire,http://purl.org/dmi-framework#Source_un_egdi,http://purl.org/dmi-framework#Prov_official
IND,2023,developing,X10,0.7934,carried_forward,un_egdi,curated_snapshot,acquire,http://purl.org/dmi-framework#SE_X10_IND_2023,http://purl.org/dmi-framework#Ind_X10,http://purl.org/dmi-framework#Country_IND,http://purl.org/dmi-framework#Phase_Acquire,http://purl.org/dmi-framework#Source_un_egdi,http://purl.org/dmi-framework#Prov_carried_forward
IND,2024,developing,X10,0.8184,official,un_egdi,curated_snapshot,acquire,http://purl.org/dmi-framework#SE_X10_IND_2024,http://purl.org/dmi-framework#Ind_X10,http://purl.org/dmi-framework#Country_IND,http://purl.org/dmi-framework#Phase_Acquire,http://purl.org/dmi-framework#Source_un_egdi,http://purl.org/dmi-framework#Prov_official
IND,2025,developing,X10,0.8184,carried_forward,un_egdi,curated_snapshot,acquire,http://purl.org/dmi-framework#SE_X10_IND_2025,http://purl.org/dmi-framework#Ind_X10,http://purl.org/dmi-framework#Country_IND,http://purl.org/dmi-framework#Phase_Acquire,http://purl.org/dmi-framework#Source_un_egdi,http://purl.org/dmi-framework#Prov_carried_forward
MKD,2012,balkan,X10,0.45098,official,un_egdi,curated_snapshot,acquire,http://purl.org/dmi-framework#SE_X10_MKD_2012,http://purl.org/dmi-framework#Ind_X10,http://purl.org/dmi-framework#Country_MKD,http://purl.org/dmi-framework#Phase_Acquire,http://purl.org/dmi-framework#Source_un_egdi,http://purl.org/dmi-framework#Prov_official
MKD,2013,balkan,X10,0.45098,carried_forward,un_egdi,curated_snapshot,acquire,http://purl.org/dmi-framework#SE_X10_MKD_2013,http://purl.org/dmi-framework#Ind_X10,http://purl.org/dmi-framework#Country_MKD,http://purl.org/dmi-framework#Phase_Acquire,http://purl.org/dmi-framework#Source_un_egdi,http://purl.org/dmi-framework#Prov_carried_forward
MKD,2014,balkan,X10,0.24409,official,un_egdi,curated_snapshot,acquire,http://purl.org/dmi-framework#SE_X10_MKD_2014,http://purl.org/dmi-framework#Ind_X10,http://purl.org/dmi-framework#Country_MKD,http://purl.org/dmi-framework#Phase_Acquire,http://purl.org/dmi-framework#Source_un_egdi,http://purl.org/dmi-framework#Prov_official
MKD,2015,balkan,X10,0.24409,carried_forward,un_egdi,curated_snapshot,acquire,http://purl.org/dmi-framework#SE_X10_MKD_2015,http://purl.org/dmi-framework#Ind_X10,http://purl.org/dmi-framework#Country_MKD,http://purl.org/dmi-framework#Phase_Acquire,http://purl.org/dmi-framework#Source_un_egdi,http://purl.org/dmi-framework#Prov_carried_forward
MKD,2016,balkan,X10,0.6087,official,un_egdi,curated_snapshot,acquire,http://purl.org/dmi-framework#SE_X10_MKD_2016,http://purl.org/dmi-framework#Ind_X10,http://purl.org/dmi-framework#Country_MKD,http://purl.org/dmi-framework#Phase_Acquire,http://purl.org/dmi-framework#Source_un_egdi,http://purl.org/dmi-framework#Prov_official
MKD,2017,balkan,X10,0.6087,carried_forward,un_egdi,curated_snapshot,acquire,http://purl.org/dmi-framework#SE_X10_MKD_2017,http://purl.org/dmi-framework#Ind_X10,http://purl.org/dmi-framework#Country_MKD,http://purl.org/dmi-framework#Phase_Acquire,http://purl.org/dmi-framework#Source_un_egdi,http://purl.org/dmi-framework#Prov_carried_forward
MKD,2018,balkan,X10,0.7153,official,un_egdi,curated_snapshot,acquire,http://purl.org/dmi-framework#SE_X10_MKD_2018,http://purl.org/dmi-framework#Ind_X10,http://purl.org/dmi-framework#Country_MKD,http://purl.org/dmi-framework#Phase_Acquire,http://purl.org/dmi-framework#Source_un_egdi,http://purl.org/dmi-framework#Prov_official
MKD,2019,balkan,X10,0.7153,carried_forward,un_egdi,curated_snapshot,acquire,http://purl.org/dmi-framework#SE_X10_MKD_2019,http://purl.org/dmi-framework#Ind_X10,http://purl.org/dmi-framework#Country_MKD,http://purl.org/dmi-framework#Phase_Acquire,http://purl.org/dmi-framework#Source_un_egdi,http://purl.org/dmi-framework#Prov_carried_forward
MKD,2020,balkan,X10,0.7412,official,un_egdi,curated_snapshot,acquire,http://purl.org/dmi-framework#SE_X10_MKD_2020,http://purl.org/dmi-framework#Ind_X10,http://purl.org/dmi-framework#Country_MKD,http://purl.org/dmi-framework#Phase_Acquire,http://purl.org/dmi-framework#Source_un_egdi,http://purl.org/dmi-framework#Prov_official
MKD,2021,balkan,X10,0.7412,carried_forward,un_egdi,curated_snapshot,acquire,http://purl.org/dmi-framework#SE_X10_MKD_2021,http://purl.org/dmi-framework#Ind_X10,http://purl.org/dmi-framework#Country_MKD,http://purl.org/dmi-framework#Phase_Acquire,http://purl.org/dmi-framework#Source_un_egdi,http://purl.org/dmi-framework#Prov_carried_forward
MKD,2022,balkan,X10,0.702,official,un_egdi,curated_snapshot,acquire,http://purl.org/dmi-framework#SE_X10_MKD_2022,http://purl.org/dmi-framework#Ind_X10,http://purl.org/dmi-framework#Country_MKD,http://purl.org/dmi-framework#Phase_Acquire,http://purl.org/dmi-framework#Source_un_egdi,http://purl.org/dmi-framework#Prov_official
MKD,2023,balkan,X10,0.702,carried_forward,un_egdi,curated_snapshot,acquire,http://purl.org/dmi-framework#SE_X10_MKD_2023,http://purl.org/dmi-framework#Ind_X10,http://purl.org/dmi-framework#Country_MKD,http://purl.org/dmi-framework#Phase_Acquire,http://purl.org/dmi-framework#Source_un_egdi,http://purl.org/dmi-framework#Prov_carried_forward
MKD,2024,balkan,X10,0.6642,official,un_egdi,curated_snapshot,acquire,http://purl.org/dmi-framework#SE_X10_MKD_2024,http://purl.org/dmi-framework#Ind_X10,http://purl.org/dmi-framework#Country_MKD,http://purl.org/dmi-framework#Phase_Acquire,http://purl.org/dmi-framework#Source_un_egdi,http://purl.org/dmi-framework#Prov_official
MKD,2025,balkan,X10,0.6642,carried_forward,un_egdi,curated_snapshot,acquire,http://purl.org/dmi-framework#SE_X10_MKD_2025,http://purl.org/dmi-framework#Ind_X10,http://purl.org/dmi-framework#Country_MKD,http://purl.org/dmi-framework#Phase_Acquire,http://purl.org/dmi-framework#Source_un_egdi,http://purl.org/dmi-framework#Prov_carried_forward
SRB,2012,balkan,X10,0.57516,official,un_egdi,curated_snapshot,acquire,http://purl.org/dmi-framework#SE_X10_SRB_2012,http://purl.org/dmi-framework#Ind_X10,http://purl.org/dmi-framework#Country_SRB,http://purl.org/dmi-framework#Phase_Acquire,http://purl.org/dmi-framework#Source_un_egdi,http://purl.org/dmi-framework#Prov_official
SRB,2013,balkan,X10,0.57516,carried_forward,un_egdi,curated_snapshot,acquire,http://purl.org/dmi-framework#SE_X10_SRB_2013,http://purl.org/dmi-framework#Ind_X10,http://purl.org/dmi-framework#Country_SRB,http://purl.org/dmi-framework#Phase_Acquire,http://purl.org/dmi-framework#Source_un_egdi,http://purl.org/dmi-framework#Prov_carried_forward
SRB,2014,balkan,X10,0.3937,official,un_egdi,curated_snapshot,acquire,http://purl.org/dmi-framework#SE_X10_SRB_2014,http://purl.org/dmi-framework#Ind_X10,http://purl.org/dmi-framework#Country_SRB,http://purl.org/dmi-framework#Phase_Acquire,http://purl.org/dmi-framework#Source_un_egdi,http://purl.org/dmi-framework#Prov_official
SRB,2015,balkan,X10,0.3937,carried_forward,un_egdi,curated_snapshot,acquire,http://purl.org/dmi-framework#SE_X10_SRB_2015,http://purl.org/dmi-framework#Ind_X10,http://purl.org/dmi-framework#Country_SRB,http://purl.org/dmi-framework#Phase_Acquire,http://purl.org/dmi-framework#Source_un_egdi,http://purl.org/dmi-framework#Prov_carried_forward
SRB,2016,balkan,X10,0.81884,official,un_egdi,curated_snapshot,acquire,http://purl.org/dmi-framework#SE_X10_SRB_2016,http://purl.org/dmi-framework#Ind_X10,http://purl.org/dmi-framework#Country_SRB,http://purl.org/dmi-framework#Phase_Acquire,http://purl.org/dmi-framework#Source_un_egdi,http://purl.org/dmi-framework#Prov_official
SRB,2017,balkan,X10,0.81884,carried_forward,un_egdi,curated_snapshot,acquire,http://purl.org/dmi-framework#SE_X10_SRB_2017,http://purl.org/dmi-framework#Ind_X10,http://purl.org/dmi-framework#Country_SRB,http://purl.org/dmi-framework#Phase_Acquire,http://purl.org/dmi-framework#Source_un_egdi,http://purl.org/dmi-framework#Prov_carried_forward
SRB,2018,balkan,X10,0.7361,official,un_egdi,curated_snapshot,acquire,http://purl.org/dmi-framework#SE_X10_SRB_2018,http://purl.org/dmi-framework#Ind_X10,http://purl.org/dmi-framework#Country_SRB,http://purl.org/dmi-framework#Phase_Acquire,http://purl.org/dmi-framework#Source_un_egdi,http://purl.org/dmi-framework#Prov_official
SRB,2019,balkan,X10,0.7361,carried_forward,un_egdi,curated_snapshot,acquire,http://purl.org/dmi-framework#SE_X10_SRB_2019,http://purl.org/dmi-framework#Ind_X10,http://purl.org/dmi-framework#Country_SRB,http://purl.org/dmi-framework#Phase_Acquire,http://purl.org/dmi-framework#Source_un_egdi,http://purl.org/dmi-framework#Prov_carried_forward
SRB,2020,balkan,X10,0.7941,official,un_egdi,curated_snapshot,acquire,http://purl.org/dmi-framework#SE_X10_SRB_2020,http://purl.org/dmi-framework#Ind_X10,http://purl.org/dmi-framework#Country_SRB,http://purl.org/dmi-framework#Phase_Acquire,http://purl.org/dmi-framework#Source_un_egdi,http://purl.org/dmi-framework#Prov_official
SRB,2021,balkan,X10,0.7941,carried_forward,un_egdi,curated_snapshot,acquire,http://purl.org/dmi-framework#SE_X10_SRB_2021,http://purl.org/dmi-framework#Ind_X10,http://purl.org/dmi-framework#Country_SRB,http://purl.org/dmi-framework#Phase_Acquire,http://purl.org/dmi-framework#Source_un_egdi,http://purl.org/dmi-framework#Prov_carried_forward
SRB,2022,balkan,X10,0.8514,official,un_egdi,curated_snapshot,acquire,http://purl.org/dmi-framework#SE_X10_SRB_2022,http://purl.org/dmi-framework#Ind_X10,http://purl.org/dmi-framework#Country_SRB,http://purl.org/dmi-framework#Phase_Acquire,http://purl.org/dmi-framework#Source_un_egdi,http://purl.org/dmi-framework#Prov_official
SRB,2023,balkan,X10,0.8514,carried_forward,un_egdi,curated_snapshot,acquire,http://purl.org/dmi-framework#SE_X10_SRB_2023,http://purl.org/dmi-framework#Ind_X10,http://purl.org/dmi-framework#Country_SRB,http://purl.org/dmi-framework#Phase_Acquire,http://purl.org/dmi-framework#Source_un_egdi,http://purl.org/dmi-framework#Prov_carried_forward
SRB,2024,balkan,X10,0.854,official,un_egdi,curated_snapshot,acquire,http://purl.org/dmi-framework#SE_X10_SRB_2024,http://purl.org/dmi-framework#Ind_X10,http://purl.org/dmi-framework#Country_SRB,http://purl.org/dmi-framework#Phase_Acquire,http://purl.org/dmi-framework#Source_un_egdi,http://purl.org/dmi-framework#Prov_official
SRB,2025,balkan,X10,0.854,carried_forward,un_egdi,curated_snapshot,acquire,http://purl.org/dmi-framework#SE_X10_SRB_2025,http://purl.org/dmi-framework#Ind_X10,http://purl.org/dmi-framework#Country_SRB,http://purl.org/dmi-framework#Phase_Acquire,http://purl.org/dmi-framework#Source_un_egdi,http://purl.org/dmi-framework#Prov_carried_forward
SVN,2012,balkan,X10,0.66666,official,un_egdi,curated_snapshot,acquire,http://purl.org/dmi-framework#SE_X10_SVN_2012,http://purl.org/dmi-framework#Ind_X10,http://purl.org/dmi-framework#Country_SVN,http://purl.org/dmi-framework#Phase_Acquire,http://purl.org/dmi-framework#Source_un_egdi,http://purl.org/dmi-framework#Prov_official
SVN,2013,balkan,X10,0.66666,carried_forward,un_egdi,curated_snapshot,acquire,http://purl.org/dmi-framework#SE_X10_SVN_2013,http://purl.org/dmi-framework#Ind_X10,http://purl.org/dmi-framework#Country_SVN,http://purl.org/dmi-framework#Phase_Acquire,http://purl.org/dmi-framework#Source_un_egdi,http://purl.org/dmi-framework#Prov_carried_forward
SVN,2014,balkan,X10,0.42519,official,un_egdi,curated_snapshot,acquire,http://purl.org/dmi-framework#SE_X10_SVN_2014,http://purl.org/dmi-framework#Ind_X10,http://purl.org/dmi-framework#Country_SVN,http://purl.org/dmi-framework#Phase_Acquire,http://purl.org/dmi-framework#Source_un_egdi,http://purl.org/dmi-framework#Prov_official
SVN,2015,balkan,X10,0.42519,carried_forward,un_egdi,curated_snapshot,acquire,http://purl.org/dmi-framework#SE_X10_SVN_2015,http://purl.org/dmi-framework#Ind_X10,http://purl.org/dmi-framework#Country_SVN,http://purl.org/dmi-framework#Phase_Acquire,http://purl.org/dmi-framework#Source_un_egdi,http://purl.org/dmi-framework#Prov_carried_forward
SVN,2016,balkan,X10,0.84783,official,un_egdi,curated_snapshot,acquire,http://purl.org/dmi-framework#SE_X10_SVN_2016,http://purl.org/dmi-framework#Ind_X10,http://purl.org/dmi-framework#Country_SVN,http://purl.org/dmi-framework#Phase_Acquire,http://purl.org/dmi-framework#Source_un_egdi,http://purl.org/dmi-framework#Prov_official
SVN,2017,balkan,X10,0.84783,carried_forward,un_egdi,curated_snapshot,acquire,http://purl.org/dmi-framework#SE_X10_SVN_2017,http://purl.org/dmi-framework#Ind_X10,http://purl.org/dmi-framework#Country_SVN,http://purl.org/dmi-framework#Phase_Acquire,http://purl.org/dmi-framework#Source_un_egdi,http://purl.org/dmi-framework#Prov_carried_forward
SVN,2018,balkan,X10,0.7986,official,un_egdi,curated_snapshot,acquire,http://purl.org/dmi-framework#SE_X10_SVN_2018,http://purl.org/dmi-framework#Ind_X10,http://purl.org/dmi-framework#Country_SVN,http://purl.org/dmi-framework#Phase_Acquire,http://purl.org/dmi-framework#Source_un_egdi,http://purl.org/dmi-framework#Prov_official
SVN,2019,balkan,X10,0.7986,carried_forward,un_egdi,curated_snapshot,acquire,http://purl.org/dmi-framework#SE_X10_SVN_2019,http://purl.org/dmi-framework#Ind_X10,http://purl.org/dmi-framework#Country_SVN,http://purl.org/dmi-framework#Phase_Acquire,http://purl.org/dmi-framework#Source_un_egdi,http://purl.org/dmi-framework#Prov_carried_forward
SVN,2020,balkan,X10,0.8529,official,un_egdi,curated_snapshot,acquire,http://purl.org/dmi-framework#SE_X10_SVN_2020,http://purl.org/dmi-framework#Ind_X10,http://purl.org/dmi-framework#Country_SVN,http://purl.org/dmi-framework#Phase_Acquire,http://purl.org/dmi-framework#Source_un_egdi,http://purl.org/dmi-framework#Prov_official
SVN,2021,balkan,X10,0.8529,carried_forward,un_egdi,curated_snapshot,acquire,http://purl.org/dmi-framework#SE_X10_SVN_2021,http://purl.org/dmi-framework#Ind_X10,http://purl.org/dmi-framework#Country_SVN,http://purl.org/dmi-framework#Phase_Acquire,http://purl.org/dmi-framework#Source_un_egdi,http://purl.org/dmi-framework#Prov_carried_forward
SVN,2022,balkan,X10,0.8666,official,un_egdi,curated_snapshot,acquire,http://purl.org/dmi-framework#SE_X10_SVN_2022,http://purl.org/dmi-framework#Ind_X10,http://purl.org/dmi-framework#Country_SVN,http://purl.org/dmi-framework#Phase_Acquire,http://purl.org/dmi-framework#Source_un_egdi,http://purl.org/dmi-framework#Prov_official
SVN,2023,balkan,X10,0.8666,carried_forward,un_egdi,curated_snapshot,acquire,http://purl.org/dmi-framework#SE_X10_SVN_2023,http://purl.org/dmi-framework#Ind_X10,http://purl.org/dmi-framework#Country_SVN,http://purl.org/dmi-framework#Phase_Acquire,http://purl.org/dmi-framework#Source_un_egdi,http://purl.org/dmi-framework#Prov_carried_forward
SVN,2024,balkan,X10,0.864,official,un_egdi,curated_snapshot,acquire,http://purl.org/dmi-framework#SE_X10_SVN_2024,http://purl.org/dmi-framework#Ind_X10,http://purl.org/dmi-framework#Country_SVN,http://purl.org/dmi-framework#Phase_Acquire,http://purl.org/dmi-framework#Source_un_egdi,http://purl.org/dmi-framework#Prov_official
SVN,2025,balkan,X10,0.864,carried_forward,un_egdi,curated_snapshot,acquire,http://purl.org/dmi-framework#SE_X10_SVN_2025,http://purl.org/dmi-framework#Ind_X10,http://purl.org/dmi-framework#Country_SVN,http://purl.org/dmi-framework#Phase_Acquire,http://purl.org/dmi-framework#Source_un_egdi,http://purl.org/dmi-framework#Prov_carried_forward
USA,2012,developed_non_eu,X10,1.0,official,un_egdi,curated_snapshot,acquire,http://purl.org/dmi-framework#SE_X10_USA_2012,http://purl.org/dmi-framework#Ind_X10,http://purl.org/dmi-framework#Country_USA,http://purl.org/dmi-framework#Phase_Acquire,http://purl.org/dmi-framework#Source_un_egdi,http://purl.org/dmi-framework#Prov_official
USA,2013,developed_non_eu,X10,1.0,carried_forward,un_egdi,curated_snapshot,acquire,http://purl.org/dmi-framework#SE_X10_USA_2013,http://purl.org/dmi-framework#Ind_X10,http://purl.org/dmi-framework#Country_USA,http://purl.org/dmi-framework#Phase_Acquire,http://purl.org/dmi-framework#Source_un_egdi,http://purl.org/dmi-framework#Prov_carried_forward
USA,2014,developed_non_eu,X10,0.94488,official,un_egdi,curated_snapshot,acquire,http://purl.org/dmi-framework#SE_X10_USA_2014,http://purl.org/dmi-framework#Ind_X10,http://purl.org/dmi-framework#Country_USA,http://purl.org/dmi-framework#Phase_Acquire,http://purl.org/dmi-framework#Source_un_egdi,http://purl.org/dmi-framework#Prov_official
USA,2015,developed_non_eu,X10,0.94488,carried_forward,un_egdi,curated_snapshot,acquire,http://purl.org/dmi-framework#SE_X10_USA_2015,http://purl.org/dmi-framework#Ind_X10,http://purl.org/dmi-framework#Country_USA,http://purl.org/dmi-framework#Phase_Acquire,http://purl.org/dmi-framework#Source_un_egdi,http://purl.org/dmi-framework#Prov_carried_forward
USA,2016,developed_non_eu,X10,0.92754,official,un_egdi,curated_snapshot,acquire,http://purl.org/dmi-framework#SE_X10_USA_2016,http://purl.org/dmi-framework#Ind_X10,http://purl.org/dmi-framework#Country_USA,http://purl.org/dmi-framework#Phase_Acquire,http://purl.org/dmi-framework#Source_un_egdi,http://purl.org/dmi-framework#Prov_official
USA,2017,developed_non_eu,X10,0.92754,carried_forward,un_egdi,curated_snapshot,acquire,http://purl.org/dmi-framework#SE_X10_USA_2017,http://purl.org/dmi-framework#Ind_X10,http://purl.org/dmi-framework#Country_USA,http://purl.org/dmi-framework#Phase_Acquire,http://purl.org/dmi-framework#Source_un_egdi,http://purl.org/dmi-framework#Prov_carried_forward
USA,2018,developed_non_eu,X10,0.9861,official,un_egdi,curated_snapshot,acquire,http://purl.org/dmi-framework#SE_X10_USA_2018,http://purl.org/dmi-framework#Ind_X10,http://purl.org/dmi-framework#Country_USA,http://purl.org/dmi-framework#Phase_Acquire,http://purl.org/dmi-framework#Source_un_egdi,http://purl.org/dmi-framework#Prov_official
USA,2019,developed_non_eu,X10,0.9861,carried_forward,un_egdi,curated_snapshot,acquire,http://purl.org/dmi-framework#SE_X10_USA_2019,http://purl.org/dmi-framework#Ind_X10,http://purl.org/dmi-framework#Country_USA,http://purl.org/dmi-framework#Phase_Acquire,http://purl.org/dmi-framework#Source_un_egdi,http://purl.org/dmi-framework#Prov_carried_forward
USA,2020,developed_non_eu,X10,0.9471,official,un_egdi,curated_snapshot,acquire,http://purl.org/dmi-framework#SE_X10_USA_2020,http://purl.org/dmi-framework#Ind_X10,http://purl.org/dmi-framework#Country_USA,http://purl.org/dmi-framework#Phase_Acquire,http://purl.org/dmi-framework#Source_un_egdi,http://purl.org/dmi-framework#Prov_official
USA,2021,developed_non_eu,X10,0.9471,carried_forward,un_egdi,curated_snapshot,acquire,http://purl.org/dmi-framework#SE_X10_USA_2021,http://purl.org/dmi-framework#Ind_X10,http://purl.org/dmi-framework#Country_USA,http://purl.org/dmi-framework#Phase_Acquire,http://purl.org/dmi-framework#Source_un_egdi,http://purl.org/dmi-framework#Prov_carried_forward
USA,2022,developed_non_eu,X10,0.9304,official,un_egdi,curated_snapshot,acquire,http://purl.org/dmi-framework#SE_X10_USA_2022,http://purl.org/dmi-framework#Ind_X10,http://purl.org/dmi-framework#Country_USA,http://purl.org/dmi-framework#Phase_Acquire,http://purl.org/dmi-framework#Source_un_egdi,http://purl.org/dmi-framework#Prov_official
USA,2023,developed_non_eu,X10,0.9304,carried_forward,un_egdi,curated_snapshot,acquire,http://purl.org/dmi-framework#SE_X10_USA_2023,http://purl.org/dmi-framework#Ind_X10,http://purl.org/dmi-framework#Country_USA,http://purl.org/dmi-framework#Phase_Acquire,http://purl.org/dmi-framework#Source_un_egdi,http://purl.org/dmi-framework#Prov_carried_forward
USA,2024,developed_non_eu,X10,0.9136,official,un_egdi,curated_snapshot,acquire,http://purl.org/dmi-framework#SE_X10_USA_2024,http://purl.org/dmi-framework#Ind_X10,http://purl.org/dmi-framework#Country_USA,http://purl.org/dmi-framework#Phase_Acquire,http://purl.org/dmi-framework#Source_un_egdi,http://purl.org/dmi-framework#Prov_official
USA,2025,developed_non_eu,X10,0.9136,carried_forward,un_egdi,curated_snapshot,acquire,http://purl.org/dmi-framework#SE_X10_USA_2025,http://purl.org/dmi-framework#Ind_X10,http://purl.org/dmi-framework#Country_USA,http://purl.org/dmi-framework#Phase_Acquire,http://purl.org/dmi-framework#Source_un_egdi,http://purl.org/dmi-framework#Prov_carried_forward
ARG,2012,developing,C1,10.269031880968202,official,world_bank,official_api,acquire,http://purl.org/dmi-framework#SE_C1_ARG_2012,http://purl.org/dmi-framework#Ind_C1,http://purl.org/dmi-framework#Country_ARG,http://purl.org/dmi-framework#Phase_Acquire,http://purl.org/dmi-framework#Source_world_bank,http://purl.org/dmi-framework#Prov_official
ARG,2013,developing,C1,10.282870806384087,official,world_bank,official_api,acquire,http://purl.org/dmi-framework#SE_C1_ARG_2013,http://purl.org/dmi-framework#Ind_C1,http://purl.org/dmi-framework#Country_ARG,http://purl.org/dmi-framework#Phase_Acquire,http://purl.org/dmi-framework#Source_world_bank,http://purl.org/dmi-framework#Prov_official
ARG,2014,developing,C1,10.247106166335692,official,world_bank,official_api,acquire,http://purl.org/dmi-framework#SE_C1_ARG_2014,http://purl.org/dmi-framework#Ind_C1,http://purl.org/dmi-framework#Country_ARG,http://purl.org/dmi-framework#Phase_Acquire,http://purl.org/dmi-framework#Source_world_bank,http://purl.org/dmi-framework#Prov_official
ARG,2015,developing,C1,10.263578868702613,official,world_bank,official_api,acquire,http://purl.org/dmi-framework#SE_C1_ARG_2015,http://purl.org/dmi-framework#Ind_C1,http://purl.org/dmi-framework#Country_ARG,http://purl.org/dmi-framework#Phase_Acquire,http://purl.org/dmi-framework#Source_world_bank,http://purl.org/dmi-framework#Prov_official
ARG,2016,developing,C1,10.232867042139326,official,world_bank,official_api,acquire,http://purl.org/dmi-framework#SE_C1_ARG_2016,http://purl.org/dmi-framework#Ind_C1,http://purl.org/dmi-framework#Country_ARG,http://purl.org/dmi-framework#Phase_Acquire,http://purl.org/dmi-framework#Source_world_bank,http://purl.org/dmi-framework#Prov_official
ARG,2017,developing,C1,10.251849687081927,official,world_bank,official_api,acquire,http://purl.org/dmi-framework#SE_C1_ARG_2017,http://purl.org/dmi-framework#Ind_C1,http://purl.org/dmi-framework#Country_ARG,http://purl.org/dmi-framework#Phase_Acquire,http://purl.org/dmi-framework#Source_world_bank,http://purl.org/dmi-framework#Prov_official
ARG,2018,developing,C1,10.217097392537358,official,world_bank,official_api,acquire,http://purl.org/dmi-framework#SE_C1_ARG_2018,http://purl.org/dmi-framework#Ind_C1,http://purl.org/dmi-framework#Country_ARG,http://purl.org/dmi-framework#Phase_Acquire,http://purl.org/dmi-framework#Source_world_bank,http://purl.org/dmi-framework#Prov_official
ARG,2019,developing,C1,10.189776890907021,official,world_bank,official_api,acquire,http://purl.org/dmi-framework#SE_C1_ARG_2019,http://purl.org/dmi-framework#Ind_C1,http://purl.org/dmi-framework#Country_ARG,http://purl.org/dmi-framework#Phase_Acquire,http://purl.org/dmi-framework#Source_world_bank,http://purl.org/dmi-framework#Prov_official
ARG,2020,developing,C1,10.080674832311747,official,world_bank,official_api,acquire,http://purl.org/dmi-framework#SE_C1_ARG_2020,http://purl.org/dmi-framework#Ind_C1,http://purl.org/dmi-framework#Country_ARG,http://purl.org/dmi-framework#Phase_Acquire,http://purl.org/dmi-framework#Source_world_bank,http://purl.org/dmi-framework#Prov_official
ARG,2021,developing,C1,10.177334646293042,official,world_bank,official_api,acquire,http://purl.org/dmi-framework#SE_C1_ARG_2021,http://purl.org/dmi-framework#Ind_C1,http://purl.org/dmi-framework#Country_ARG,http://purl.org/dmi-framework#Phase_Acquire,http://purl.org/dmi-framework#Source_world_bank,http://purl.org/dmi-framework#Prov_official
ARG,2022,developing,C1,10.23369115904557,official,world_bank,official_api,acquire,http://purl.org/dmi-framework#SE_C1_ARG_2022,http://purl.org/dmi-framework#Ind_C1,http://purl.org/dmi-framework#Country_ARG,http://purl.org/dmi-framework#Phase_Acquire,http://purl.org/dmi-framework#Source_world_bank,http://purl.org/dmi-framework#Prov_official
ARG,2023,developing,C1,10.212089159548686,official,world_bank,official_api,acquire,http://purl.org/dmi-framework#SE_C1_ARG_2023,http://purl.org/dmi-framework#Ind_C1,http://purl.org/dmi-framework#Country_ARG,http://purl.org/dmi-framework#Phase_Acquire,http://purl.org/dmi-framework#Source_world_bank,http://purl.org/dmi-framework#Prov_official
ARG,2024,developing,C1,10.195110565460455,official,world_bank,official_api,acquire,http://purl.org/dmi-framework#SE_C1_ARG_2024,http://purl.org/dmi-framework#Ind_C1,http://purl.org/dmi-framework#Country_ARG,http://purl.org/dmi-framework#Phase_Acquire,http://purl.org/dmi-framework#Source_world_bank,http://purl.org/dmi-framework#Prov_official
ARG,2025,developing,C1,10.23446610000457,official,world_bank,official_api,acquire,http://purl.org/dmi-framework#SE_C1_ARG_2025,http://purl.org/dmi-framework#Ind_C1,http://purl.org/dmi-framework#Country_ARG,http://purl.org/dmi-framework#Phase_Acquire,http://purl.org/dmi-framework#Source_world_bank,http://purl.org/dmi-framework#Prov_official
AUS,2012,developed_non_eu,C1,10.904190821660558,official,world_bank,official_api,acquire,http://purl.org/dmi-framework#SE_C1_AUS_2012,http://purl.org/dmi-framework#Ind_C1,http://purl.org/dmi-framework#Country_AUS,http://purl.org/dmi-framework#Phase_Acquire,http://purl.org/dmi-framework#Source_world_bank,http://purl.org/dmi-framework#Prov_official
AUS,2013,developed_non_eu,C1,10.913177644468051,official,world_bank,official_api,acquire,http://purl.org/dmi-framework#SE_C1_AUS_2013,http://purl.org/dmi-framework#Ind_C1,http://purl.org/dmi-framework#Country_AUS,http://purl.org/dmi-framework#Phase_Acquire,http://purl.org/dmi-framework#Source_world_bank,http://purl.org/dmi-framework#Prov_official
AUS,2014,developed_non_eu,C1,10.923941322572663,official,world_bank,official_api,acquire,http://purl.org/dmi-framework#SE_C1_AUS_2014,http://purl.org/dmi-framework#Ind_C1,http://purl.org/dmi-framework#Country_AUS,http://purl.org/dmi-framework#Phase_Acquire,http://purl.org/dmi-framework#Source_world_bank,http://purl.org/dmi-framework#Prov_official
AUS,2015,developed_non_eu,C1,10.930961739672082,official,world_bank,official_api,acquire,http://purl.org/dmi-framework#SE_C1_AUS_2015,http://purl.org/dmi-framework#Ind_C1,http://purl.org/dmi-framework#Country_AUS,http://purl.org/dmi-framework#Phase_Acquire,http://purl.org/dmi-framework#Source_world_bank,http://purl.org/dmi-framework#Prov_official
AUS,2016,developed_non_eu,C1,10.942525897461065,official,world_bank,official_api,acquire,http://purl.org/dmi-framework#SE_C1_AUS_2016,http://purl.org/dmi-framework#Ind_C1,http://purl.org/dmi-framework#Country_AUS,http://purl.org/dmi-framework#Phase_Acquire,http://purl.org/dmi-framework#Source_world_bank,http://purl.org/dmi-framework#Prov_official
AUS,2017,developed_non_eu,C1,10.948731711375824,official,world_bank,official_api,acquire,http://purl.org/dmi-framework#SE_C1_AUS_2017,http://purl.org/dmi-framework#Ind_C1,http://purl.org/dmi-framework#Country_AUS,http://purl.org/dmi-framework#Phase_Acquire,http://purl.org/dmi-framework#Source_world_bank,http://purl.org/dmi-framework#Prov_official
AUS,2018,developed_non_eu,C1,10.962108153044138,official,world_bank,official_api,acquire,http://purl.org/dmi-framework#SE_C1_AUS_2018,http://purl.org/dmi-framework#Ind_C1,http://purl.org/dmi-framework#Country_AUS,http://purl.org/dmi-framework#Phase_Acquire,http://purl.org/dmi-framework#Source_world_bank,http://purl.org/dmi-framework#Prov_official
AUS,2019,developed_non_eu,C1,10.969036194286282,official,world_bank,official_api,acquire,http://purl.org/dmi-framework#SE_C1_AUS_2019,http://purl.org/dmi-framework#Ind_C1,http://purl.org/dmi-framework#Country_AUS,http://purl.org/dmi-framework#Phase_Acquire,http://purl.org/dmi-framework#Source_world_bank,http://purl.org/dmi-framework#Prov_official
AUS,2020,developed_non_eu,C1,10.955365700397168,official,world_bank,official_api,acquire,http://purl.org/dmi-framework#SE_C1_AUS_2020,http://purl.org/dmi-framework#Ind_C1,http://purl.org/dmi-framework#Country_AUS,http://purl.org/dmi-framework#Phase_Acquire,http://purl.org/dmi-framework#Source_world_bank,http://purl.org/dmi-framework#Prov_official
AUS,2021,developed_non_eu,C1,10.973827496533854,official,world_bank,official_api,acquire,http://purl.org/dmi-framework#SE_C1_AUS_2021,http://purl.org/dmi-framework#Ind_C1,http://purl.org/dmi-framework#Country_AUS,http://purl.org/dmi-framework#Phase_Acquire,http://purl.org/dmi-framework#Source_world_bank,http://purl.org/dmi-framework#Prov_official
AUS,2022,developed_non_eu,C1,11.002585272014857,official,world_bank,official_api,acquire,http://purl.org/dmi-framework#SE_C1_AUS_2022,http://purl.org/dmi-framework#Ind_C1,http://purl.org/dmi-framework#Country_AUS,http://purl.org/dmi-framework#Phase_Acquire,http://purl.org/dmi-framework#Source_world_bank,http://purl.org/dmi-framework#Prov_official
AUS,2023,developed_non_eu,C1,11.013451164144975,official,world_bank,official_api,acquire,http://purl.org/dmi-framework#SE_C1_AUS_2023,http://purl.org/dmi-framework#Ind_C1,http://purl.org/dmi-framework#Country_AUS,http://purl.org/dmi-framework#Phase_Acquire,http://purl.org/dmi-framework#Source_world_bank,http://purl.org/dmi-framework#Prov_official
AUS,2024,developed_non_eu,C1,11.007246295083625,official,world_bank,official_api,acquire,http://purl.org/dmi-framework#SE_C1_AUS_2024,http://purl.org/dmi-framework#Ind_C1,http://purl.org/dmi-framework#Country_AUS,http://purl.org/dmi-framework#Phase_Acquire,http://purl.org/dmi-framework#Source_world_bank,http://purl.org/dmi-framework#Prov_official
AUS,2025,developed_non_eu,C1,11.005329011065262,official,world_bank,official_api,acquire,http://purl.org/dmi-framework#SE_C1_AUS_2025,http://purl.org/dmi-framework#Ind_C1,http://purl.org/dmi-framework#Country_AUS,http://purl.org/dmi-framework#Phase_Acquire,http://purl.org/dmi-framework#Source_world_bank,http://purl.org/dmi-framework#Prov_official
BRA,2012,developing,C1,9.843324487923363,official,world_bank,official_api,acquire,http://purl.org/dmi-framework#SE_C1_BRA_2012,http://purl.org/dmi-framework#Ind_C1,http://purl.org/dmi-framework#Country_BRA,http://purl.org/dmi-framework#Phase_Acquire,http://purl.org/dmi-framework#Source_world_bank,http://purl.org/dmi-framework#Prov_official
BRA,2013,developing,C1,9.864824994626998,official,world_bank,official_api,acquire,http://purl.org/dmi-framework#SE_C1_BRA_2013,http://purl.org/dmi-framework#Ind_C1,http://purl.org/dmi-framework#Country_BRA,http://purl.org/dmi-framework#Phase_Acquire,http://purl.org/dmi-framework#Source_world_bank,http://purl.org/dmi-framework#Prov_official
BRA,2014,developing,C1,9.861788754185508,official,world_bank,official_api,acquire,http://purl.org/dmi-framework#SE_C1_BRA_2014,http://purl.org/dmi-framework#Ind_C1,http://purl.org/dmi-framework#Country_BRA,http://purl.org/dmi-framework#Phase_Acquire,http://purl.org/dmi-framework#Source_world_bank,http://purl.org/dmi-framework#Prov_official
BRA,2015,developing,C1,9.817770014274203,official,world_bank,official_api,acquire,http://purl.org/dmi-framework#SE_C1_BRA_2015,http://purl.org/dmi-framework#Ind_C1,http://purl.org/dmi-framework#Country_BRA,http://purl.org/dmi-framework#Phase_Acquire,http://purl.org/dmi-framework#Source_world_bank,http://purl.org/dmi-framework#Prov_official
BRA,2016,developing,C1,9.776842522589865,official,world_bank,official_api,acquire,http://purl.org/dmi-framework#SE_C1_BRA_2016,http://purl.org/dmi-framework#Ind_C1,http://purl.org/dmi-framework#Country_BRA,http://purl.org/dmi-framework#Phase_Acquire,http://purl.org/dmi-framework#Source_world_bank,http://purl.org/dmi-framework#Prov_official
BRA,2017,developing,C1,9.782702011493381,official,world_bank,official_api,acquire,http://purl.org/dmi-framework#SE_C1_BRA_2017,http://purl.org/dmi-framework#Ind_C1,http://purl.org/dmi-framework#Country_BRA,http://purl.org/dmi-framework#Phase_Acquire,http://purl.org/dmi-framework#Source_world_bank,http://purl.org/dmi-framework#Prov_official
BRA,2018,developing,C1,9.793547076650146,official,world_bank,official_api,acquire,http://purl.org/dmi-framework#SE_C1_BRA_2018,http://purl.org/dmi-framework#Ind_C1,http://purl.org/dmi-framework#Country_BRA,http://purl.org/dmi-framework#Phase_Acquire,http://purl.org/dmi-framework#Source_world_bank,http://purl.org/dmi-framework#Prov_official
BRA,2019,developing,C1,9.79916099744301,official,world_bank,official_api,acquire,http://purl.org/dmi-framework#SE_C1_BRA_2019,http://purl.org/dmi-framework#Ind_C1,http://purl.org/dmi-framework#Country_BRA,http://purl.org/dmi-framework#Phase_Acquire,http://purl.org/dmi-framework#Source_world_bank,http://purl.org/dmi-framework#Prov_official
BRA,2020,developing,C1,9.7600510213056,official,world_bank,official_api,acquire,http://purl.org/dmi-framework#SE_C1_BRA_2020,http://purl.org/dmi-framework#Ind_C1,http://purl.org/dmi-framework#Country_BRA,http://purl.org/dmi-framework#Phase_Acquire,http://purl.org/dmi-framework#Source_world_bank,http://purl.org/dmi-framework#Prov_official
BRA,2021,developing,C1,9.802324106010035,official,world_bank,official_api,acquire,http://purl.org/dmi-framework#SE_C1_BRA_2021,http://purl.org/dmi-framework#Ind_C1,http://purl.org/dmi-framework#Country_BRA,http://purl.org/dmi-framework#Phase_Acquire,http://purl.org/dmi-framework#Source_world_bank,http://purl.org/dmi-framework#Prov_official
BRA,2022,developing,C1,9.82844316731525,official,world_bank,official_api,acquire,http://purl.org/dmi-framework#SE_C1_BRA_2022,http://purl.org/dmi-framework#Ind_C1,http://purl.org/dmi-framework#Country_BRA,http://purl.org/dmi-framework#Phase_Acquire,http://purl.org/dmi-framework#Source_world_bank,http://purl.org/dmi-framework#Prov_official
BRA,2023,developing,C1,9.856386102889001,official,world_bank,official_api,acquire,http://purl.org/dmi-framework#SE_C1_BRA_2023,http://purl.org/dmi-framework#Ind_C1,http://purl.org/dmi-framework#Country_BRA,http://purl.org/dmi-framework#Phase_Acquire,http://purl.org/dmi-framework#Source_world_bank,http://purl.org/dmi-framework#Prov_official
BRA,2024,developing,C1,9.88595299168932,official,world_bank,official_api,acquire,http://purl.org/dmi-framework#SE_C1_BRA_2024,http://purl.org/dmi-framework#Ind_C1,http://purl.org/dmi-framework#Country_BRA,http://purl.org/dmi-framework#Phase_Acquire,http://purl.org/dmi-framework#Source_world_bank,http://purl.org/dmi-framework#Prov_official
BRA,2025,developing,C1,9.904721632031206,official,world_bank,official_api,acquire,http://purl.org/dmi-framework#SE_C1_BRA_2025,http://purl.org/dmi-framework#Ind_C1,http://purl.org/dmi-framework#Country_BRA,http://purl.org/dmi-framework#Phase_Acquire,http://purl.org/dmi-framework#Source_world_bank,http://purl.org/dmi-framework#Prov_official
CAN,2012,developed_non_eu,C1,10.897383232416692,official,world_bank,official_api,acquire,http://purl.org/dmi-framework#SE_C1_CAN_2012,http://purl.org/dmi-framework#Ind_C1,http://purl.org/dmi-framework#Country_CAN,http://purl.org/dmi-framework#Phase_Acquire,http://purl.org/dmi-framework#Source_world_bank,http://purl.org/dmi-framework#Prov_official
CAN,2013,developed_non_eu,C1,10.909841209774987,official,world_bank,official_api,acquire,http://purl.org/dmi-framework#SE_C1_CAN_2013,http://purl.org/dmi-framework#Ind_C1,http://purl.org/dmi-framework#Country_CAN,http://purl.org/dmi-framework#Phase_Acquire,http://purl.org/dmi-framework#Source_world_bank,http://purl.org/dmi-framework#Prov_official
CAN,2014,developed_non_eu,C1,10.928156550250732,official,world_bank,official_api,acquire,http://purl.org/dmi-framework#SE_C1_CAN_2014,http://purl.org/dmi-framework#Ind_C1,http://purl.org/dmi-framework#Country_CAN,http://purl.org/dmi-framework#Phase_Acquire,http://purl.org/dmi-framework#Source_world_bank,http://purl.org/dmi-framework#Prov_official
CAN,2015,developed_non_eu,C1,10.92703222691698,official,world_bank,official_api,acquire,http://purl.org/dmi-framework#SE_C1_CAN_2015,http://purl.org/dmi-framework#Ind_C1,http://purl.org/dmi-framework#Country_CAN,http://purl.org/dmi-framework#Phase_Acquire,http://purl.org/dmi-framework#Source_world_bank,http://purl.org/dmi-framework#Prov_official
CAN,2016,developed_non_eu,C1,10.926048779817654,official,world_bank,official_api,acquire,http://purl.org/dmi-framework#SE_C1_CAN_2016,http://purl.org/dmi-framework#Ind_C1,http://purl.org/dmi-framework#Country_CAN,http://purl.org/dmi-framework#Phase_Acquire,http://purl.org/dmi-framework#Source_world_bank,http://purl.org/dmi-framework#Prov_official
CAN,2017,developed_non_eu,C1,10.943981664925118,official,world_bank,official_api,acquire,http://purl.org/dmi-framework#SE_C1_CAN_2017,http://purl.org/dmi-framework#Ind_C1,http://purl.org/dmi-framework#Country_CAN,http://purl.org/dmi-framework#Phase_Acquire,http://purl.org/dmi-framework#Source_world_bank,http://purl.org/dmi-framework#Prov_official
CAN,2018,developed_non_eu,C1,10.956709585811806,official,world_bank,official_api,acquire,http://purl.org/dmi-framework#SE_C1_CAN_2018,http://purl.org/dmi-framework#Ind_C1,http://purl.org/dmi-framework#Country_CAN,http://purl.org/dmi-framework#Phase_Acquire,http://purl.org/dmi-framework#Source_world_bank,http://purl.org/dmi-framework#Prov_official
CAN,2019,developed_non_eu,C1,10.960996957827296,official,world_bank,official_api,acquire,http://purl.org/dmi-framework#SE_C1_CAN_2019,http://purl.org/dmi-framework#Ind_C1,http://purl.org/dmi-framework#Country_CAN,http://purl.org/dmi-framework#Phase_Acquire,http://purl.org/dmi-framework#Source_world_bank,http://purl.org/dmi-framework#Prov_official
CAN,2020,developed_non_eu,C1,10.898457435584596,official,world_bank,official_api,acquire,http://purl.org/dmi-framework#SE_C1_CAN_2020,http://purl.org/dmi-framework#Ind_C1,http://purl.org/dmi-framework#Country_CAN,http://purl.org/dmi-framework#Phase_Acquire,http://purl.org/dmi-framework#Source_world_bank,http://purl.org/dmi-framework#Prov_official
CAN,2021,developed_non_eu,C1,10.950720494027781,official,world_bank,official_api,acquire,http://purl.org/dmi-framework#SE_C1_CAN_2021,http://purl.org/dmi-framework#Ind_C1,http://purl.org/dmi-framework#Country_CAN,http://purl.org/dmi-framework#Phase_Acquire,http://purl.org/dmi-framework#Source_world_bank,http://purl.org/dmi-framework#Prov_official
CAN,2022,developed_non_eu,C1,10.978202049920776,official,world_bank,official_api,acquire,http://purl.org/dmi-framework#SE_C1_CAN_2022,http://purl.org/dmi-framework#Ind_C1,http://purl.org/dmi-framework#Country_CAN,http://purl.org/dmi-framework#Phase_Acquire,http://purl.org/dmi-framework#Source_world_bank,http://purl.org/dmi-framework#Prov_official
CAN,2023,developed_non_eu,C1,10.969720885098281,official,world_bank,official_api,acquire,http://purl.org/dmi-framework#SE_C1_CAN_2023,http://purl.org/dmi-framework#Ind_C1,http://purl.org/dmi-framework#Country_CAN,http://purl.org/dmi-framework#Phase_Acquire,http://purl.org/dmi-framework#Source_world_bank,http://purl.org/dmi-framework#Prov_official
CAN,2024,developed_non_eu,C1,10.960132947066562,official,world_bank,official_api,acquire,http://purl.org/dmi-framework#SE_C1_CAN_2024,http://purl.org/dmi-framework#Ind_C1,http://purl.org/dmi-framework#Country_CAN,http://purl.org/dmi-framework#Phase_Acquire,http://purl.org/dmi-framework#Source_world_bank,http://purl.org/dmi-framework#Prov_official
CAN,2025,developed_non_eu,C1,10.968018591752081,official,world_bank,official_api,acquire,http://purl.org/dmi-framework#SE_C1_CAN_2025,http://purl.org/dmi-framework#Ind_C1,http://purl.org/dmi-framework#Country_CAN,http://purl.org/dmi-framework#Phase_Acquire,http://purl.org/dmi-framework#Source_world_bank,http://purl.org/dmi-framework#Prov_official
DEU,2012,developed_eu,C1,10.970099530183633,official,world_bank,official_api,acquire,http://purl.org/dmi-framework#SE_C1_DEU_2012,http://purl.org/dmi-framework#Ind_C1,http://purl.org/dmi-framework#Country_DEU,http://purl.org/dmi-framework#Phase_Acquire,http://purl.org/dmi-framework#Source_world_bank,http://purl.org/dmi-framework#Prov_official
DEU,2013,developed_eu,C1,10.971332624394257,official,world_bank,official_api,acquire,http://purl.org/dmi-framework#SE_C1_DEU_2013,http://purl.org/dmi-framework#Ind_C1,http://purl.org/dmi-framework#Country_DEU,http://purl.org/dmi-framework#Phase_Acquire,http://purl.org/dmi-framework#Source_world_bank,http://purl.org/dmi-framework#Prov_official
DEU,2014,developed_eu,C1,10.988731449244742,official,world_bank,official_api,acquire,http://purl.org/dmi-framework#SE_C1_DEU_2014,http://purl.org/dmi-framework#Ind_C1,http://purl.org/dmi-framework#Country_DEU,http://purl.org/dmi-framework#Phase_Acquire,http://purl.org/dmi-framework#Source_world_bank,http://purl.org/dmi-framework#Prov_official
DEU,2015,developed_eu,C1,10.996567717780481,official,world_bank,official_api,acquire,http://purl.org/dmi-framework#SE_C1_DEU_2015,http://purl.org/dmi-framework#Ind_C1,http://purl.org/dmi-framework#Country_DEU,http://purl.org/dmi-framework#Phase_Acquire,http://purl.org/dmi-framework#Source_world_bank,http://purl.org/dmi-framework#Prov_official
DEU,2016,developed_eu,C1,11.010474438530194,official,world_bank,official_api,acquire,http://purl.org/dmi-framework#SE_C1_DEU_2016,http://purl.org/dmi-framework#Ind_C1,http://purl.org/dmi-framework#Country_DEU,http://purl.org/dmi-framework#Phase_Acquire,http://purl.org/dmi-framework#Source_world_bank,http://purl.org/dmi-framework#Prov_official
DEU,2017,developed_eu,C1,11.034331997116333,official,world_bank,official_api,acquire,http://purl.org/dmi-framework#SE_C1_DEU_2017,http://purl.org/dmi-framework#Ind_C1,http://purl.org/dmi-framework#Country_DEU,http://purl.org/dmi-framework#Phase_Acquire,http://purl.org/dmi-framework#Source_world_bank,http://purl.org/dmi-framework#Prov_official
DEU,2018,developed_eu,C1,11.042619684435062,official,world_bank,official_api,acquire,http://purl.org/dmi-framework#SE_C1_DEU_2018,http://purl.org/dmi-framework#Ind_C1,http://purl.org/dmi-framework#Country_DEU,http://purl.org/dmi-framework#Phase_Acquire,http://purl.org/dmi-framework#Source_world_bank,http://purl.org/dmi-framework#Prov_official
DEU,2019,developed_eu,C1,11.050094343699579,official,world_bank,official_api,acquire,http://purl.org/dmi-framework#SE_C1_DEU_2019,http://purl.org/dmi-framework#Ind_C1,http://purl.org/dmi-framework#Country_DEU,http://purl.org/dmi-framework#Phase_Acquire,http://purl.org/dmi-framework#Source_world_bank,http://purl.org/dmi-framework#Prov_official
DEU,2020,developed_eu,C1,11.007080363968935,official,world_bank,official_api,acquire,http://purl.org/dmi-framework#SE_C1_DEU_2020,http://purl.org/dmi-framework#Ind_C1,http://purl.org/dmi-framework#Country_DEU,http://purl.org/dmi-framework#Phase_Acquire,http://purl.org/dmi-framework#Source_world_bank,http://purl.org/dmi-framework#Prov_official
DEU,2021,developed_eu,C1,11.045012046715069,official,world_bank,official_api,acquire,http://purl.org/dmi-framework#SE_C1_DEU_2021,http://purl.org/dmi-framework#Ind_C1,http://purl.org/dmi-framework#Country_DEU,http://purl.org/dmi-framework#Phase_Acquire,http://purl.org/dmi-framework#Source_world_bank,http://purl.org/dmi-framework#Prov_official
DEU,2022,developed_eu,C1,11.063162470656692,official,world_bank,official_api,acquire,http://purl.org/dmi-framework#SE_C1_DEU_2022,http://purl.org/dmi-framework#Ind_C1,http://purl.org/dmi-framework#Country_DEU,http://purl.org/dmi-framework#Phase_Acquire,http://purl.org/dmi-framework#Source_world_bank,http://purl.org/dmi-framework#Prov_official
DEU,2023,developed_eu,C1,11.05311284905633,official,world_bank,official_api,acquire,http://purl.org/dmi-framework#SE_C1_DEU_2023,http://purl.org/dmi-framework#Ind_C1,http://purl.org/dmi-framework#Country_DEU,http://purl.org/dmi-framework#Phase_Acquire,http://purl.org/dmi-framework#Source_world_bank,http://purl.org/dmi-framework#Prov_official
DEU,2024,developed_eu,C1,11.045392417546726,official,world_bank,official_api,acquire,http://purl.org/dmi-framework#SE_C1_DEU_2024,http://purl.org/dmi-framework#Ind_C1,http://purl.org/dmi-framework#Country_DEU,http://purl.org/dmi-framework#Phase_Acquire,http://purl.org/dmi-framework#Source_world_bank,http://purl.org/dmi-framework#Prov_official
DEU,2025,developed_eu,C1,11.048088842362658,official,world_bank,official_api,acquire,http://purl.org/dmi-framework#SE_C1_DEU_2025,http://purl.org/dmi-framework#Ind_C1,http://purl.org/dmi-framework#Country_DEU,http://purl.org/dmi-framework#Phase_Acquire,http://purl.org/dmi-framework#Source_world_bank,http://purl.org/dmi-framework#Prov_official
FRA,2012,developed_eu,C1,10.818489993082492,official,world_bank,official_api,acquire,http://purl.org/dmi-framework#SE_C1_FRA_2012,http://purl.org/dmi-framework#Ind_C1,http://purl.org/dmi-framework#Country_FRA,http://purl.org/dmi-framework#Phase_Acquire,http://purl.org/dmi-framework#Source_world_bank,http://purl.org/dmi-framework#Prov_official
FRA,2013,developed_eu,C1,10.821108008584666,official,world_bank,official_api,acquire,http://purl.org/dmi-framework#SE_C1_FRA_2013,http://purl.org/dmi-framework#Ind_C1,http://purl.org/dmi-framework#Country_FRA,http://purl.org/dmi-framework#Phase_Acquire,http://purl.org/dmi-framework#Source_world_bank,http://purl.org/dmi-framework#Prov_official
FRA,2014,developed_eu,C1,10.826288404778559,official,world_bank,official_api,acquire,http://purl.org/dmi-framework#SE_C1_FRA_2014,http://purl.org/dmi-framework#Ind_C1,http://purl.org/dmi-framework#Country_FRA,http://purl.org/dmi-framework#Phase_Acquire,http://purl.org/dmi-framework#Source_world_bank,http://purl.org/dmi-framework#Prov_official
FRA,2015,developed_eu,C1,10.833343763005127,official,world_bank,official_api,acquire,http://purl.org/dmi-framework#SE_C1_FRA_2015,http://purl.org/dmi-framework#Ind_C1,http://purl.org/dmi-framework#Country_FRA,http://purl.org/dmi-framework#Phase_Acquire,http://purl.org/dmi-framework#Source_world_bank,http://purl.org/dmi-framework#Prov_official
FRA,2016,developed_eu,C1,10.839268613884457,official,world_bank,official_api,acquire,http://purl.org/dmi-framework#SE_C1_FRA_2016,http://purl.org/dmi-framework#Ind_C1,http://purl.org/dmi-framework#Country_FRA,http://purl.org/dmi-framework#Phase_Acquire,http://purl.org/dmi-framework#Source_world_bank,http://purl.org/dmi-framework#Prov_official
FRA,2017,developed_eu,C1,10.856988637731869,official,world_bank,official_api,acquire,http://purl.org/dmi-framework#SE_C1_FRA_2017,http://purl.org/dmi-framework#Ind_C1,http://purl.org/dmi-framework#Country_FRA,http://purl.org/dmi-framework#Phase_Acquire,http://purl.org/dmi-framework#Source_world_bank,http://purl.org/dmi-framework#Prov_official
FRA,2018,developed_eu,C1,10.86972879653241,official,world_bank,official_api,acquire,http://purl.org/dmi-framework#SE_C1_FRA_2018,http://purl.org/dmi-framework#Ind_C1,http://purl.org/dmi-framework#Country_FRA,http://purl.org/dmi-framework#Phase_Acquire,http://purl.org/dmi-framework#Source_world_bank,http://purl.org/dmi-framework#Prov_official
FRA,2019,developed_eu,C1,10.886474879324254,official,world_bank,official_api,acquire,http://purl.org/dmi-framework#SE_C1_FRA_2019,http://purl.org/dmi-framework#Ind_C1,http://purl.org/dmi-framework#Country_FRA,http://purl.org/dmi-framework#Phase_Acquire,http://purl.org/dmi-framework#Source_world_bank,http://purl.org/dmi-framework#Prov_official
FRA,2020,developed_eu,C1,10.805909220216158,official,world_bank,official_api,acquire,http://purl.org/dmi-framework#SE_C1_FRA_2020,http://purl.org/dmi-framework#Ind_C1,http://purl.org/dmi-framework#Country_FRA,http://purl.org/dmi-framework#Phase_Acquire,http://purl.org/dmi-framework#Source_world_bank,http://purl.org/dmi-framework#Prov_official
FRA,2021,developed_eu,C1,10.868898593896429,official,world_bank,official_api,acquire,http://purl.org/dmi-framework#SE_C1_FRA_2021,http://purl.org/dmi-framework#Ind_C1,http://purl.org/dmi-framework#Country_FRA,http://purl.org/dmi-framework#Phase_Acquire,http://purl.org/dmi-framework#Source_world_bank,http://purl.org/dmi-framework#Prov_official
FRA,2022,developed_eu,C1,10.890680521722919,official,world_bank,official_api,acquire,http://purl.org/dmi-framework#SE_C1_FRA_2022,http://purl.org/dmi-framework#Ind_C1,http://purl.org/dmi-framework#Country_FRA,http://purl.org/dmi-framework#Phase_Acquire,http://purl.org/dmi-framework#Source_world_bank,http://purl.org/dmi-framework#Prov_official
FRA,2023,developed_eu,C1,10.902219155846359,official,world_bank,official_api,acquire,http://purl.org/dmi-framework#SE_C1_FRA_2023,http://purl.org/dmi-framework#Ind_C1,http://purl.org/dmi-framework#Country_FRA,http://purl.org/dmi-framework#Phase_Acquire,http://purl.org/dmi-framework#Source_world_bank,http://purl.org/dmi-framework#Prov_official
FRA,2024,developed_eu,C1,10.91143357996281,official,world_bank,official_api,acquire,http://purl.org/dmi-framework#SE_C1_FRA_2024,http://purl.org/dmi-framework#Ind_C1,http://purl.org/dmi-framework#Country_FRA,http://purl.org/dmi-framework#Phase_Acquire,http://purl.org/dmi-framework#Source_world_bank,http://purl.org/dmi-framework#Prov_official
FRA,2025,developed_eu,C1,10.917350254554389,official,world_bank,official_api,acquire,http://purl.org/dmi-framework#SE_C1_FRA_2025,http://purl.org/dmi-framework#Ind_C1,http://purl.org/dmi-framework#Country_FRA,http://purl.org/dmi-framework#Phase_Acquire,http://purl.org/dmi-framework#Source_world_bank,http://purl.org/dmi-framework#Prov_official
GBR,2012,developed_eu,C1,10.781030375823345,official,world_bank,official_api,acquire,http://purl.org/dmi-framework#SE_C1_GBR_2012,http://purl.org/dmi-framework#Ind_C1,http://purl.org/dmi-framework#Country_GBR,http://purl.org/dmi-framework#Phase_Acquire,http://purl.org/dmi-framework#Source_world_bank,http://purl.org/dmi-framework#Prov_official
GBR,2013,developed_eu,C1,10.79138930532171,official,world_bank,official_api,acquire,http://purl.org/dmi-framework#SE_C1_GBR_2013,http://purl.org/dmi-framework#Ind_C1,http://purl.org/dmi-framework#Country_GBR,http://purl.org/dmi-framework#Phase_Acquire,http://purl.org/dmi-framework#Source_world_bank,http://purl.org/dmi-framework#Prov_official
GBR,2014,developed_eu,C1,10.81503050913861,official,world_bank,official_api,acquire,http://purl.org/dmi-framework#SE_C1_GBR_2014,http://purl.org/dmi-framework#Ind_C1,http://purl.org/dmi-framework#Country_GBR,http://purl.org/dmi-framework#Phase_Acquire,http://purl.org/dmi-framework#Source_world_bank,http://purl.org/dmi-framework#Prov_official
GBR,2015,developed_eu,C1,10.828992364084138,official,world_bank,official_api,acquire,http://purl.org/dmi-framework#SE_C1_GBR_2015,http://purl.org/dmi-framework#Ind_C1,http://purl.org/dmi-framework#Country_GBR,http://purl.org/dmi-framework#Phase_Acquire,http://purl.org/dmi-framework#Source_world_bank,http://purl.org/dmi-framework#Prov_official
GBR,2016,developed_eu,C1,10.842875333637998,official,world_bank,official_api,acquire,http://purl.org/dmi-framework#SE_C1_GBR_2016,http://purl.org/dmi-framework#Ind_C1,http://purl.org/dmi-framework#Country_GBR,http://purl.org/dmi-framework#Phase_Acquire,http://purl.org/dmi-framework#Source_world_bank,http://purl.org/dmi-framework#Prov_official
GBR,2017,developed_eu,C1,10.86721758522021,official,world_bank,official_api,acquire,http://purl.org/dmi-framework#SE_C1_GBR_2017,http://purl.org/dmi-framework#Ind_C1,http://purl.org/dmi-framework#Country_GBR,http://purl.org/dmi-framework#Phase_Acquire,http://purl.org/dmi-framework#Source_world_bank,http://purl.org/dmi-framework#Prov_official
GBR,2018,developed_eu,C1,10.877727132663901,official,world_bank,official_api,acquire,http://purl.org/dmi-framework#SE_C1_GBR_2018,http://purl.org/dmi-framework#Ind_C1,http://purl.org/dmi-framework#Country_GBR,http://purl.org/dmi-framework#Phase_Acquire,http://purl.org/dmi-framework#Source_world_bank,http://purl.org/dmi-framework#Prov_official
GBR,2019,developed_eu,C1,10.885080752969104,official,world_bank,official_api,acquire,http://purl.org/dmi-framework#SE_C1_GBR_2019,http://purl.org/dmi-framework#Ind_C1,http://purl.org/dmi-framework#Country_GBR,http://purl.org/dmi-framework#Phase_Acquire,http://purl.org/dmi-framework#Source_world_bank,http://purl.org/dmi-framework#Prov_official
GBR,2020,developed_eu,C1,10.777508347082708,official,world_bank,official_api,acquire,http://purl.org/dmi-framework#SE_C1_GBR_2020,http://purl.org/dmi-framework#Ind_C1,http://purl.org/dmi-framework#Country_GBR,http://purl.org/dmi-framework#Phase_Acquire,http://purl.org/dmi-framework#Source_world_bank,http://purl.org/dmi-framework#Prov_official
GBR,2021,developed_eu,C1,10.855925865413957,official,world_bank,official_api,acquire,http://purl.org/dmi-framework#SE_C1_GBR_2021,http://purl.org/dmi-framework#Ind_C1,http://purl.org/dmi-framework#Country_GBR,http://purl.org/dmi-framework#Phase_Acquire,http://purl.org/dmi-framework#Source_world_bank,http://purl.org/dmi-framework#Prov_official
GBR,2022,developed_eu,C1,10.896364587037436,official,world_bank,official_api,acquire,http://purl.org/dmi-framework#SE_C1_GBR_2022,http://purl.org/dmi-framework#Ind_C1,http://purl.org/dmi-framework#Country_GBR,http://purl.org/dmi-framework#Phase_Acquire,http://purl.org/dmi-framework#Source_world_bank,http://purl.org/dmi-framework#Prov_official
GBR,2023,developed_eu,C1,10.886004554881648,official,world_bank,official_api,acquire,http://purl.org/dmi-framework#SE_C1_GBR_2023,http://purl.org/dmi-framework#Ind_C1,http://purl.org/dmi-framework#Country_GBR,http://purl.org/dmi-framework#Phase_Acquire,http://purl.org/dmi-framework#Source_world_bank,http://purl.org/dmi-framework#Prov_official
GBR,2024,developed_eu,C1,10.885791930447674,official,world_bank,official_api,acquire,http://purl.org/dmi-framework#SE_C1_GBR_2024,http://purl.org/dmi-framework#Ind_C1,http://purl.org/dmi-framework#Country_GBR,http://purl.org/dmi-framework#Phase_Acquire,http://purl.org/dmi-framework#Source_world_bank,http://purl.org/dmi-framework#Prov_official
GBR,2025,developed_eu,C1,10.896611859289386,official,world_bank,official_api,acquire,http://purl.org/dmi-framework#SE_C1_GBR_2025,http://purl.org/dmi-framework#Ind_C1,http://purl.org/dmi-framework#Country_GBR,http://purl.org/dmi-framework#Phase_Acquire,http://purl.org/dmi-framework#Source_world_bank,http://purl.org/dmi-framework#Prov_official
IND,2012,developing,C1,8.576122631845719,official,world_bank,official_api,acquire,http://purl.org/dmi-framework#SE_C1_IND_2012,http://purl.org/dmi-framework#Ind_C1,http://purl.org/dmi-framework#Country_IND,http://purl.org/dmi-framework#Phase_Acquire,http://purl.org/dmi-framework#Source_world_bank,http://purl.org/dmi-framework#Prov_official
IND,2013,developing,C1,8.624700392249503,official,world_bank,official_api,acquire,http://purl.org/dmi-framework#SE_C1_IND_2013,http://purl.org/dmi-framework#Ind_C1,http://purl.org/dmi-framework#Country_IND,http://purl.org/dmi-framework#Phase_Acquire,http://purl.org/dmi-framework#Source_world_bank,http://purl.org/dmi-framework#Prov_official
IND,2014,developing,C1,8.683572710188054,official,world_bank,official_api,acquire,http://purl.org/dmi-framework#SE_C1_IND_2014,http://purl.org/dmi-framework#Ind_C1,http://purl.org/dmi-framework#Country_IND,http://purl.org/dmi-framework#Phase_Acquire,http://purl.org/dmi-framework#Source_world_bank,http://purl.org/dmi-framework#Prov_official
IND,2015,developing,C1,8.748570507214504,official,world_bank,official_api,acquire,http://purl.org/dmi-framework#SE_C1_IND_2015,http://purl.org/dmi-framework#Ind_C1,http://purl.org/dmi-framework#Country_IND,http://purl.org/dmi-framework#Phase_Acquire,http://purl.org/dmi-framework#Source_world_bank,http://purl.org/dmi-framework#Prov_official
IND,2016,developing,C1,8.815985639211323,official,world_bank,official_api,acquire,http://purl.org/dmi-framework#SE_C1_IND_2016,http://purl.org/dmi-framework#Ind_C1,http://purl.org/dmi-framework#Country_IND,http://purl.org/dmi-framework#Phase_Acquire,http://purl.org/dmi-framework#Source_world_bank,http://purl.org/dmi-framework#Prov_official
IND,2017,developing,C1,8.870106190966709,official,world_bank,official_api,acquire,http://purl.org/dmi-framework#SE_C1_IND_2017,http://purl.org/dmi-framework#Ind_C1,http://purl.org/dmi-framework#Country_IND,http://purl.org/dmi-framework#Phase_Acquire,http://purl.org/dmi-framework#Source_world_bank,http://purl.org/dmi-framework#Prov_official
IND,2018,developing,C1,8.921674584842592,official,world_bank,official_api,acquire,http://purl.org/dmi-framework#SE_C1_IND_2018,http://purl.org/dmi-framework#Ind_C1,http://purl.org/dmi-framework#Country_IND,http://purl.org/dmi-framework#Phase_Acquire,http://purl.org/dmi-framework#Source_world_bank,http://purl.org/dmi-framework#Prov_official
IND,2019,developing,C1,8.949258210518808,official,world_bank,official_api,acquire,http://purl.org/dmi-framework#SE_C1_IND_2019,http://purl.org/dmi-framework#Ind_C1,http://purl.org/dmi-framework#Country_IND,http://purl.org/dmi-framework#Phase_Acquire,http://purl.org/dmi-framework#Source_world_bank,http://purl.org/dmi-framework#Prov_official
IND,2020,developing,C1,8.880010259769668,official,world_bank,official_api,acquire,http://purl.org/dmi-framework#SE_C1_IND_2020,http://purl.org/dmi-framework#Ind_C1,http://purl.org/dmi-framework#Country_IND,http://purl.org/dmi-framework#Phase_Acquire,http://purl.org/dmi-framework#Source_world_bank,http://purl.org/dmi-framework#Prov_official
IND,2021,developing,C1,8.964268081907903,official,world_bank,official_api,acquire,http://purl.org/dmi-framework#SE_C1_IND_2021,http://purl.org/dmi-framework#Ind_C1,http://purl.org/dmi-framework#Country_IND,http://purl.org/dmi-framework#Phase_Acquire,http://purl.org/dmi-framework#Source_world_bank,http://purl.org/dmi-framework#Prov_official
IND,2022,developing,C1,9.029703569562734,official,world_bank,official_api,acquire,http://purl.org/dmi-framework#SE_C1_IND_2022,http://purl.org/dmi-framework#Ind_C1,http://purl.org/dmi-framework#Country_IND,http://purl.org/dmi-framework#Phase_Acquire,http://purl.org/dmi-framework#Source_world_bank,http://purl.org/dmi-framework#Prov_official
IND,2023,developing,C1,9.090492111270386,official,world_bank,official_api,acquire,http://purl.org/dmi-framework#SE_C1_IND_2023,http://purl.org/dmi-framework#Ind_C1,http://purl.org/dmi-framework#Country_IND,http://purl.org/dmi-framework#Phase_Acquire,http://purl.org/dmi-framework#Source_world_bank,http://purl.org/dmi-framework#Prov_official
IND,2024,developing,C1,9.150171104580217,official,world_bank,official_api,acquire,http://purl.org/dmi-framework#SE_C1_IND_2024,http://purl.org/dmi-framework#Ind_C1,http://purl.org/dmi-framework#Country_IND,http://purl.org/dmi-framework#Phase_Acquire,http://purl.org/dmi-framework#Source_world_bank,http://purl.org/dmi-framework#Prov_official
IND,2025,developing,C1,9.214239848232358,official,world_bank,official_api,acquire,http://purl.org/dmi-framework#SE_C1_IND_2025,http://purl.org/dmi-framework#Ind_C1,http://purl.org/dmi-framework#Country_IND,http://purl.org/dmi-framework#Phase_Acquire,http://purl.org/dmi-framework#Source_world_bank,http://purl.org/dmi-framework#Prov_official
MKD,2012,balkan,C1,9.752082844191033,official,world_bank,official_api,acquire,http://purl.org/dmi-framework#SE_C1_MKD_2012,http://purl.org/dmi-framework#Ind_C1,http://purl.org/dmi-framework#Country_MKD,http://purl.org/dmi-framework#Phase_Acquire,http://purl.org/dmi-framework#Source_world_bank,http://purl.org/dmi-framework#Prov_official
MKD,2013,balkan,C1,9.784604211984838,official,world_bank,official_api,acquire,http://purl.org/dmi-framework#SE_C1_MKD_2013,http://purl.org/dmi-framework#Ind_C1,http://purl.org/dmi-framework#Country_MKD,http://purl.org/dmi-framework#Phase_Acquire,http://purl.org/dmi-framework#Source_world_bank,http://purl.org/dmi-framework#Prov_official
MKD,2014,balkan,C1,9.822939221073893,official,world_bank,official_api,acquire,http://purl.org/dmi-framework#SE_C1_MKD_2014,http://purl.org/dmi-framework#Ind_C1,http://purl.org/dmi-framework#Country_MKD,http://purl.org/dmi-framework#Phase_Acquire,http://purl.org/dmi-framework#Source_world_bank,http://purl.org/dmi-framework#Prov_official
MKD,2015,balkan,C1,9.863450356133296,official,world_bank,official_api,acquire,http://purl.org/dmi-framework#SE_C1_MKD_2015,http://purl.org/dmi-framework#Ind_C1,http://purl.org/dmi-framework#Country_MKD,http://purl.org/dmi-framework#Phase_Acquire,http://purl.org/dmi-framework#Source_world_bank,http://purl.org/dmi-framework#Prov_official
MKD,2016,balkan,C1,9.894738010107423,official,world_bank,official_api,acquire,http://purl.org/dmi-framework#SE_C1_MKD_2016,http://purl.org/dmi-framework#Ind_C1,http://purl.org/dmi-framework#Country_MKD,http://purl.org/dmi-framework#Phase_Acquire,http://purl.org/dmi-framework#Source_world_bank,http://purl.org/dmi-framework#Prov_official
MKD,2017,balkan,C1,9.909521860328104,official,world_bank,official_api,acquire,http://purl.org/dmi-framework#SE_C1_MKD_2017,http://purl.org/dmi-framework#Ind_C1,http://purl.org/dmi-framework#Country_MKD,http://purl.org/dmi-framework#Phase_Acquire,http://purl.org/dmi-framework#Source_world_bank,http://purl.org/dmi-framework#Prov_official
MKD,2018,balkan,C1,9.942992942437037,official,world_bank,official_api,acquire,http://purl.org/dmi-framework#SE_C1_MKD_2018,http://purl.org/dmi-framework#Ind_C1,http://purl.org/dmi-framework#Country_MKD,http://purl.org/dmi-framework#Phase_Acquire,http://purl.org/dmi-framework#Source_world_bank,http://purl.org/dmi-framework#Prov_official
MKD,2019,balkan,C1,9.988145020707973,official,world_bank,official_api,acquire,http://purl.org/dmi-framework#SE_C1_MKD_2019,http://purl.org/dmi-framework#Ind_C1,http://purl.org/dmi-framework#Country_MKD,http://purl.org/dmi-framework#Phase_Acquire,http://purl.org/dmi-framework#Source_world_bank,http://purl.org/dmi-framework#Prov_official
MKD,2020,balkan,C1,9.950916891362583,official,world_bank,official_api,acquire,http://purl.org/dmi-framework#SE_C1_MKD_2020,http://purl.org/dmi-framework#Ind_C1,http://purl.org/dmi-framework#Country_MKD,http://purl.org/dmi-framework#Phase_Acquire,http://purl.org/dmi-framework#Source_world_bank,http://purl.org/dmi-framework#Prov_official
MKD,2021,balkan,C1,10.005330548104768,official,world_bank,official_api,acquire,http://purl.org/dmi-framework#SE_C1_MKD_2021,http://purl.org/dmi-framework#Ind_C1,http://purl.org/dmi-framework#Country_MKD,http://purl.org/dmi-framework#Phase_Acquire,http://purl.org/dmi-framework#Source_world_bank,http://purl.org/dmi-framework#Prov_official
MKD,2022,balkan,C1,10.035490488891147,official,world_bank,official_api,acquire,http://purl.org/dmi-framework#SE_C1_MKD_2022,http://purl.org/dmi-framework#Ind_C1,http://purl.org/dmi-framework#Country_MKD,http://purl.org/dmi-framework#Phase_Acquire,http://purl.org/dmi-framework#Source_world_bank,http://purl.org/dmi-framework#Prov_official
MKD,2023,balkan,C1,10.062848441270585,official,world_bank,official_api,acquire,http://purl.org/dmi-framework#SE_C1_MKD_2023,http://purl.org/dmi-framework#Ind_C1,http://purl.org/dmi-framework#Country_MKD,http://purl.org/dmi-framework#Phase_Acquire,http://purl.org/dmi-framework#Source_world_bank,http://purl.org/dmi-framework#Prov_official
MKD,2024,balkan,C1,10.094239539019553,official,world_bank,official_api,acquire,http://purl.org/dmi-framework#SE_C1_MKD_2024,http://purl.org/dmi-framework#Ind_C1,http://purl.org/dmi-framework#Country_MKD,http://purl.org/dmi-framework#Phase_Acquire,http://purl.org/dmi-framework#Source_world_bank,http://purl.org/dmi-framework#Prov_official
MKD,2025,balkan,C1,10.130408859167302,official,world_bank,official_api,acquire,http://purl.org/dmi-framework#SE_C1_MKD_2025,http://purl.org/dmi-framework#Ind_C1,http://purl.org/dmi-framework#Country_MKD,http://purl.org/dmi-framework#Phase_Acquire,http://purl.org/dmi-framework#Source_world_bank,http://purl.org/dmi-framework#Prov_official
SRB,2012,balkan,C1,9.7977833509917,official,world_bank,official_api,acquire,http://purl.org/dmi-framework#SE_C1_SRB_2012,http://purl.org/dmi-framework#Ind_C1,http://purl.org/dmi-framework#Country_SRB,http://purl.org/dmi-framework#Phase_Acquire,http://purl.org/dmi-framework#Source_world_bank,http://purl.org/dmi-framework#Prov_official
SRB,2013,balkan,C1,9.80715310866877,official,world_bank,official_api,acquire,http://purl.org/dmi-framework#SE_C1_SRB_2013,http://purl.org/dmi-framework#Ind_C1,http://purl.org/dmi-framework#Country_SRB,http://purl.org/dmi-framework#Phase_Acquire,http://purl.org/dmi-framework#Source_world_bank,http://purl.org/dmi-framework#Prov_official
SRB,2014,balkan,C1,9.793808601877709,official,world_bank,official_api,acquire,http://purl.org/dmi-framework#SE_C1_SRB_2014,http://purl.org/dmi-framework#Ind_C1,http://purl.org/dmi-framework#Country_SRB,http://purl.org/dmi-framework#Phase_Acquire,http://purl.org/dmi-framework#Source_world_bank,http://purl.org/dmi-framework#Prov_official
SRB,2015,balkan,C1,9.811800302806745,official,world_bank,official_api,acquire,http://purl.org/dmi-framework#SE_C1_SRB_2015,http://purl.org/dmi-framework#Ind_C1,http://purl.org/dmi-framework#Country_SRB,http://purl.org/dmi-framework#Phase_Acquire,http://purl.org/dmi-framework#Source_world_bank,http://purl.org/dmi-framework#Prov_official
SRB,2016,balkan,C1,9.846355225261764,official,world_bank,official_api,acquire,http://purl.org/dmi-framework#SE_C1_SRB_2016,http://purl.org/dmi-framework#Ind_C1,http://purl.org/dmi-framework#Country_SRB,http://purl.org/dmi-framework#Phase_Acquire,http://purl.org/dmi-framework#Source_world_bank,http://purl.org/dmi-framework#Prov_official
SRB,2017,balkan,C1,9.875036210052931,official,world_bank,official_api,acquire,http://purl.org/dmi-framework#SE_C1_SRB_2017,http://purl.org/dmi-framework#Ind_C1,http://purl.org/dmi-framework#Country_SRB,http://purl.org/dmi-framework#Phase_Acquire,http://purl.org/dmi-framework#Source_world_bank,http://purl.org/dmi-framework#Prov_official
SRB,2018,balkan,C1,9.925944784835194,official,world_bank,official_api,acquire,http://purl.org/dmi-framework#SE_C1_SRB_2018,http://purl.org/dmi-framework#Ind_C1,http://purl.org/dmi-framework#Country_SRB,http://purl.org/dmi-framework#Phase_Acquire,http://purl.org/dmi-framework#Source_world_bank,http://purl.org/dmi-framework#Prov_official
SRB,2019,balkan,C1,9.97771924292336,official,world_bank,official_api,acquire,http://purl.org/dmi-framework#SE_C1_SRB_2019,http://purl.org/dmi-framework#Ind_C1,http://purl.org/dmi-framework#Country_SRB,http://purl.org/dmi-framework#Phase_Acquire,http://purl.org/dmi-framework#Source_world_bank,http://purl.org/dmi-framework#Prov_official
SRB,2020,balkan,C1,9.974834663873407,official,world_bank,official_api,acquire,http://purl.org/dmi-framework#SE_C1_SRB_2020,http://purl.org/dmi-framework#Ind_C1,http://purl.org/dmi-framework#Country_SRB,http://purl.org/dmi-framework#Phase_Acquire,http://purl.org/dmi-framework#Source_world_bank,http://purl.org/dmi-framework#Prov_official
SRB,2021,balkan,C1,10.060760776389332,official,world_bank,official_api,acquire,http://purl.org/dmi-framework#SE_C1_SRB_2021,http://purl.org/dmi-framework#Ind_C1,http://purl.org/dmi-framework#Country_SRB,http://purl.org/dmi-framework#Phase_Acquire,http://purl.org/dmi-framework#Source_world_bank,http://purl.org/dmi-framework#Prov_official
SRB,2022,balkan,C1,10.112607138866297,official,world_bank,official_api,acquire,http://purl.org/dmi-framework#SE_C1_SRB_2022,http://purl.org/dmi-framework#Ind_C1,http://purl.org/dmi-framework#Country_SRB,http://purl.org/dmi-framework#Phase_Acquire,http://purl.org/dmi-framework#Source_world_bank,http://purl.org/dmi-framework#Prov_official
SRB,2023,balkan,C1,10.155612398683838,official,world_bank,official_api,acquire,http://purl.org/dmi-framework#SE_C1_SRB_2023,http://purl.org/dmi-framework#Ind_C1,http://purl.org/dmi-framework#Country_SRB,http://purl.org/dmi-framework#Phase_Acquire,http://purl.org/dmi-framework#Source_world_bank,http://purl.org/dmi-framework#Prov_official
SRB,2024,balkan,C1,10.19990913153209,official,world_bank,official_api,acquire,http://purl.org/dmi-framework#SE_C1_SRB_2024,http://purl.org/dmi-framework#Ind_C1,http://purl.org/dmi-framework#Country_SRB,http://purl.org/dmi-framework#Phase_Acquire,http://purl.org/dmi-framework#Source_world_bank,http://purl.org/dmi-framework#Prov_official
SRB,2025,balkan,C1,10.225693929334053,official,world_bank,official_api,acquire,http://purl.org/dmi-framework#SE_C1_SRB_2025,http://purl.org/dmi-framework#Ind_C1,http://purl.org/dmi-framework#Country_SRB,http://purl.org/dmi-framework#Phase_Acquire,http://purl.org/dmi-framework#Source_world_bank,http://purl.org/dmi-framework#Prov_official
SVN,2012,balkan,C1,10.51977281046203,official,world_bank,official_api,acquire,http://purl.org/dmi-framework#SE_C1_SVN_2012,http://purl.org/dmi-framework#Ind_C1,http://purl.org/dmi-framework#Country_SVN,http://purl.org/dmi-framework#Phase_Acquire,http://purl.org/dmi-framework#Source_world_bank,http://purl.org/dmi-framework#Prov_official
SVN,2013,balkan,C1,10.510143666117422,official,world_bank,official_api,acquire,http://purl.org/dmi-framework#SE_C1_SVN_2013,http://purl.org/dmi-framework#Ind_C1,http://purl.org/dmi-framework#Country_SVN,http://purl.org/dmi-framework#Phase_Acquire,http://purl.org/dmi-framework#Source_world_bank,http://purl.org/dmi-framework#Prov_official
SVN,2014,balkan,C1,10.536413704554239,official,world_bank,official_api,acquire,http://purl.org/dmi-framework#SE_C1_SVN_2014,http://purl.org/dmi-framework#Ind_C1,http://purl.org/dmi-framework#Country_SVN,http://purl.org/dmi-framework#Phase_Acquire,http://purl.org/dmi-framework#Source_world_bank,http://purl.org/dmi-framework#Prov_official
SVN,2015,balkan,C1,10.559312953134846,official,world_bank,official_api,acquire,http://purl.org/dmi-framework#SE_C1_SVN_2015,http://purl.org/dmi-framework#Ind_C1,http://purl.org/dmi-framework#Country_SVN,http://purl.org/dmi-framework#Phase_Acquire,http://purl.org/dmi-framework#Source_world_bank,http://purl.org/dmi-framework#Prov_official
SVN,2016,balkan,C1,10.588473852415477,official,world_bank,official_api,acquire,http://purl.org/dmi-framework#SE_C1_SVN_2016,http://purl.org/dmi-framework#Ind_C1,http://purl.org/dmi-framework#Country_SVN,http://purl.org/dmi-framework#Phase_Acquire,http://purl.org/dmi-framework#Source_world_bank,http://purl.org/dmi-framework#Prov_official
SVN,2017,balkan,C1,10.638272021214835,official,world_bank,official_api,acquire,http://purl.org/dmi-framework#SE_C1_SVN_2017,http://purl.org/dmi-framework#Ind_C1,http://purl.org/dmi-framework#Country_SVN,http://purl.org/dmi-framework#Phase_Acquire,http://purl.org/dmi-framework#Source_world_bank,http://purl.org/dmi-framework#Prov_official
SVN,2018,balkan,C1,10.677505296778728,official,world_bank,official_api,acquire,http://purl.org/dmi-framework#SE_C1_SVN_2018,http://purl.org/dmi-framework#Ind_C1,http://purl.org/dmi-framework#Country_SVN,http://purl.org/dmi-framework#Phase_Acquire,http://purl.org/dmi-framework#Source_world_bank,http://purl.org/dmi-framework#Prov_official
SVN,2019,balkan,C1,10.70499443849652,official,world_bank,official_api,acquire,http://purl.org/dmi-framework#SE_C1_SVN_2019,http://purl.org/dmi-framework#Ind_C1,http://purl.org/dmi-framework#Country_SVN,http://purl.org/dmi-framework#Phase_Acquire,http://purl.org/dmi-framework#Source_world_bank,http://purl.org/dmi-framework#Prov_official
SVN,2020,balkan,C1,10.656589078636433,official,world_bank,official_api,acquire,http://purl.org/dmi-framework#SE_C1_SVN_2020,http://purl.org/dmi-framework#Ind_C1,http://purl.org/dmi-framework#Country_SVN,http://purl.org/dmi-framework#Phase_Acquire,http://purl.org/dmi-framework#Source_world_bank,http://purl.org/dmi-framework#Prov_official
SVN,2021,balkan,C1,10.734714027134231,official,world_bank,official_api,acquire,http://purl.org/dmi-framework#SE_C1_SVN_2021,http://purl.org/dmi-framework#Ind_C1,http://purl.org/dmi-framework#Country_SVN,http://purl.org/dmi-framework#Phase_Acquire,http://purl.org/dmi-framework#Source_world_bank,http://purl.org/dmi-framework#Prov_official
SVN,2022,balkan,C1,10.75915500275801,official,world_bank,official_api,acquire,http://purl.org/dmi-framework#SE_C1_SVN_2022,http://purl.org/dmi-framework#Ind_C1,http://purl.org/dmi-framework#Country_SVN,http://purl.org/dmi-framework#Phase_Acquire,http://purl.org/dmi-framework#Source_world_bank,http://purl.org/dmi-framework#Prov_official
SVN,2023,balkan,C1,10.778673324558742,official,world_bank,official_api,acquire,http://purl.org/dmi-framework#SE_C1_SVN_2023,http://purl.org/dmi-framework#Ind_C1,http://purl.org/dmi-framework#Country_SVN,http://purl.org/dmi-framework#Phase_Acquire,http://purl.org/dmi-framework#Source_world_bank,http://purl.org/dmi-framework#Prov_official
SVN,2024,balkan,C1,10.79257205895993,official,world_bank,official_api,acquire,http://purl.org/dmi-framework#SE_C1_SVN_2024,http://purl.org/dmi-framework#Ind_C1,http://purl.org/dmi-framework#Country_SVN,http://purl.org/dmi-framework#Phase_Acquire,http://purl.org/dmi-framework#Source_world_bank,http://purl.org/dmi-framework#Prov_official
SVN,2025,balkan,C1,10.80143137323311,official,world_bank,official_api,acquire,http://purl.org/dmi-framework#SE_C1_SVN_2025,http://purl.org/dmi-framework#Ind_C1,http://purl.org/dmi-framework#Country_SVN,http://purl.org/dmi-framework#Phase_Acquire,http://purl.org/dmi-framework#Source_world_bank,http://purl.org/dmi-framework#Prov_official
USA,2012,developed_non_eu,C1,11.020960255204994,official,world_bank,official_api,acquire,http://purl.org/dmi-framework#SE_C1_USA_2012,http://purl.org/dmi-framework#Ind_C1,http://purl.org/dmi-framework#Country_USA,http://purl.org/dmi-framework#Phase_Acquire,http://purl.org/dmi-framework#Source_world_bank,http://purl.org/dmi-framework#Prov_official
USA,2013,developed_non_eu,C1,11.034351811944425,official,world_bank,official_api,acquire,http://purl.org/dmi-framework#SE_C1_USA_2013,http://purl.org/dmi-framework#Ind_C1,http://purl.org/dmi-framework#Country_USA,http://purl.org/dmi-framework#Phase_Acquire,http://purl.org/dmi-framework#Source_world_bank,http://purl.org/dmi-framework#Prov_official
USA,2014,developed_non_eu,C1,11.05131654802287,official,world_bank,official_api,acquire,http://purl.org/dmi-framework#SE_C1_USA_2014,http://purl.org/dmi-framework#Ind_C1,http://purl.org/dmi-framework#Country_USA,http://purl.org/dmi-framework#Phase_Acquire,http://purl.org/dmi-framework#Source_world_bank,http://purl.org/dmi-framework#Prov_official
USA,2015,developed_non_eu,C1,11.072367526967415,official,world_bank,official_api,acquire,http://purl.org/dmi-framework#SE_C1_USA_2015,http://purl.org/dmi-framework#Ind_C1,http://purl.org/dmi-framework#Country_USA,http://purl.org/dmi-framework#Phase_Acquire,http://purl.org/dmi-framework#Source_world_bank,http://purl.org/dmi-framework#Prov_official
USA,2016,developed_non_eu,C1,11.082542247419385,official,world_bank,official_api,acquire,http://purl.org/dmi-framework#SE_C1_USA_2016,http://purl.org/dmi-framework#Ind_C1,http://purl.org/dmi-framework#Country_USA,http://purl.org/dmi-framework#Phase_Acquire,http://purl.org/dmi-framework#Source_world_bank,http://purl.org/dmi-framework#Prov_official
USA,2017,developed_non_eu,C1,11.099892271030287,official,world_bank,official_api,acquire,http://purl.org/dmi-framework#SE_C1_USA_2017,http://purl.org/dmi-framework#Ind_C1,http://purl.org/dmi-framework#Country_USA,http://purl.org/dmi-framework#Phase_Acquire,http://purl.org/dmi-framework#Source_world_bank,http://purl.org/dmi-framework#Prov_official
USA,2018,developed_non_eu,C1,11.123261496109643,official,world_bank,official_api,acquire,http://purl.org/dmi-framework#SE_C1_USA_2018,http://purl.org/dmi-framework#Ind_C1,http://purl.org/dmi-framework#Country_USA,http://purl.org/dmi-framework#Phase_Acquire,http://purl.org/dmi-framework#Source_world_bank,http://purl.org/dmi-framework#Prov_official
USA,2019,developed_non_eu,C1,11.143620497029687,official,world_bank,official_api,acquire,http://purl.org/dmi-framework#SE_C1_USA_2019,http://purl.org/dmi-framework#Ind_C1,http://purl.org/dmi-framework#Country_USA,http://purl.org/dmi-framework#Phase_Acquire,http://purl.org/dmi-framework#Source_world_bank,http://purl.org/dmi-framework#Prov_official
USA,2020,developed_non_eu,C1,11.118501643879615,official,world_bank,official_api,acquire,http://purl.org/dmi-framework#SE_C1_USA_2020,http://purl.org/dmi-framework#Ind_C1,http://purl.org/dmi-framework#Country_USA,http://purl.org/dmi-framework#Phase_Acquire,http://purl.org/dmi-framework#Source_world_bank,http://purl.org/dmi-framework#Prov_official
USA,2021,developed_non_eu,C1,11.176630460370824,official,world_bank,official_api,acquire,http://purl.org/dmi-framework#SE_C1_USA_2021,http://purl.org/dmi-framework#Ind_C1,http://purl.org/dmi-framework#Country_USA,http://purl.org/dmi-framework#Phase_Acquire,http://purl.org/dmi-framework#Source_world_bank,http://purl.org/dmi-framework#Prov_official
USA,2022,developed_non_eu,C1,11.195865978937524,official,world_bank,official_api,acquire,http://purl.org/dmi-framework#SE_C1_USA_2022,http://purl.org/dmi-framework#Ind_C1,http://purl.org/dmi-framework#Country_USA,http://purl.org/dmi-framework#Phase_Acquire,http://purl.org/dmi-framework#Source_world_bank,http://purl.org/dmi-framework#Prov_official
USA,2023,developed_non_eu,C1,11.216561437442397,official,world_bank,official_api,acquire,http://purl.org/dmi-framework#SE_C1_USA_2023,http://purl.org/dmi-framework#Ind_C1,http://purl.org/dmi-framework#Country_USA,http://purl.org/dmi-framework#Phase_Acquire,http://purl.org/dmi-framework#Source_world_bank,http://purl.org/dmi-framework#Prov_official
USA,2024,developed_non_eu,C1,11.234509361664905,official,world_bank,official_api,acquire,http://purl.org/dmi-framework#SE_C1_USA_2024,http://purl.org/dmi-framework#Ind_C1,http://purl.org/dmi-framework#Country_USA,http://purl.org/dmi-framework#Phase_Acquire,http://purl.org/dmi-framework#Source_world_bank,http://purl.org/dmi-framework#Prov_official
USA,2025,developed_non_eu,C1,11.250668233861994,official,world_bank,official_api,acquire,http://purl.org/dmi-framework#SE_C1_USA_2025,http://purl.org/dmi-framework#Ind_C1,http://purl.org/dmi-framework#Country_USA,http://purl.org/dmi-framework#Phase_Acquire,http://purl.org/dmi-framework#Source_world_bank,http://purl.org/dmi-framework#Prov_official
ARG,2012,developing,C2,0.83,official,undp,curated_snapshot,acquire,http://purl.org/dmi-framework#SE_C2_ARG_2012,http://purl.org/dmi-framework#Ind_C2,http://purl.org/dmi-framework#Country_ARG,http://purl.org/dmi-framework#Phase_Acquire,http://purl.org/dmi-framework#Source_undp,http://purl.org/dmi-framework#Prov_official
ARG,2013,developing,C2,0.83,carried_forward,undp,curated_snapshot,acquire,http://purl.org/dmi-framework#SE_C2_ARG_2013,http://purl.org/dmi-framework#Ind_C2,http://purl.org/dmi-framework#Country_ARG,http://purl.org/dmi-framework#Phase_Acquire,http://purl.org/dmi-framework#Source_undp,http://purl.org/dmi-framework#Prov_carried_forward
ARG,2014,developing,C2,0.83,carried_forward,undp,curated_snapshot,acquire,http://purl.org/dmi-framework#SE_C2_ARG_2014,http://purl.org/dmi-framework#Ind_C2,http://purl.org/dmi-framework#Country_ARG,http://purl.org/dmi-framework#Phase_Acquire,http://purl.org/dmi-framework#Source_undp,http://purl.org/dmi-framework#Prov_carried_forward
ARG,2015,developing,C2,0.839,official,undp,curated_snapshot,acquire,http://purl.org/dmi-framework#SE_C2_ARG_2015,http://purl.org/dmi-framework#Ind_C2,http://purl.org/dmi-framework#Country_ARG,http://purl.org/dmi-framework#Phase_Acquire,http://purl.org/dmi-framework#Source_undp,http://purl.org/dmi-framework#Prov_official
ARG,2016,developing,C2,0.839,carried_forward,undp,curated_snapshot,acquire,http://purl.org/dmi-framework#SE_C2_ARG_2016,http://purl.org/dmi-framework#Ind_C2,http://purl.org/dmi-framework#Country_ARG,http://purl.org/dmi-framework#Phase_Acquire,http://purl.org/dmi-framework#Source_undp,http://purl.org/dmi-framework#Prov_carried_forward
ARG,2017,developing,C2,0.839,carried_forward,undp,curated_snapshot,acquire,http://purl.org/dmi-framework#SE_C2_ARG_2017,http://purl.org/dmi-framework#Ind_C2,http://purl.org/dmi-framework#Country_ARG,http://purl.org/dmi-framework#Phase_Acquire,http://purl.org/dmi-framework#Source_undp,http://purl.org/dmi-framework#Prov_carried_forward
ARG,2018,developing,C2,0.855,official,undp,curated_snapshot,acquire,http://purl.org/dmi-framework#SE_C2_ARG_2018,http://purl.org/dmi-framework#Ind_C2,http://purl.org/dmi-framework#Country_ARG,http://purl.org/dmi-framework#Phase_Acquire,http://purl.org/dmi-framework#Source_undp,http://purl.org/dmi-framework#Prov_official
ARG,2019,developing,C2,0.855,official,undp,curated_snapshot,acquire,http://purl.org/dmi-framework#SE_C2_ARG_2019,http://purl.org/dmi-framework#Ind_C2,http://purl.org/dmi-framework#Country_ARG,http://purl.org/dmi-framework#Phase_Acquire,http://purl.org/dmi-framework#Source_undp,http://purl.org/dmi-framework#Prov_official
ARG,2020,developing,C2,0.855,carried_forward,undp,curated_snapshot,acquire,http://purl.org/dmi-framework#SE_C2_ARG_2020,http://purl.org/dmi-framework#Ind_C2,http://purl.org/dmi-framework#Country_ARG,http://purl.org/dmi-framework#Phase_Acquire,http://purl.org/dmi-framework#Source_undp,http://purl.org/dmi-framework#Prov_carried_forward
ARG,2021,developing,C2,0.855,official,undp,curated_snapshot,acquire,http://purl.org/dmi-framework#SE_C2_ARG_2021,http://purl.org/dmi-framework#Ind_C2,http://purl.org/dmi-framework#Country_ARG,http://purl.org/dmi-framework#Phase_Acquire,http://purl.org/dmi-framework#Source_undp,http://purl.org/dmi-framework#Prov_official
ARG,2022,developing,C2,0.858,official,undp,curated_snapshot,acquire,http://purl.org/dmi-framework#SE_C2_ARG_2022,http://purl.org/dmi-framework#Ind_C2,http://purl.org/dmi-framework#Country_ARG,http://purl.org/dmi-framework#Phase_Acquire,http://purl.org/dmi-framework#Source_undp,http://purl.org/dmi-framework#Prov_official
ARG,2023,developing,C2,0.858,carried_forward,undp,curated_snapshot,acquire,http://purl.org/dmi-framework#SE_C2_ARG_2023,http://purl.org/dmi-framework#Ind_C2,http://purl.org/dmi-framework#Country_ARG,http://purl.org/dmi-framework#Phase_Acquire,http://purl.org/dmi-framework#Source_undp,http://purl.org/dmi-framework#Prov_carried_forward
ARG,2024,developing,C2,0.858,carried_forward,undp,curated_snapshot,acquire,http://purl.org/dmi-framework#SE_C2_ARG_2024,http://purl.org/dmi-framework#Ind_C2,http://purl.org/dmi-framework#Country_ARG,http://purl.org/dmi-framework#Phase_Acquire,http://purl.org/dmi-framework#Source_undp,http://purl.org/dmi-framework#Prov_carried_forward
ARG,2025,developing,C2,,missing,undp,curated_snapshot,acquire,http://purl.org/dmi-framework#SE_C2_ARG_2025,http://purl.org/dmi-framework#Ind_C2,http://purl.org/dmi-framework#Country_ARG,http://purl.org/dmi-framework#Phase_Acquire,http://purl.org/dmi-framework#Source_undp,http://purl.org/dmi-framework#Prov_missing
AUS,2012,developed_non_eu,C2,0.927,official,undp,curated_snapshot,acquire,http://purl.org/dmi-framework#SE_C2_AUS_2012,http://purl.org/dmi-framework#Ind_C2,http://purl.org/dmi-framework#Country_AUS,http://purl.org/dmi-framework#Phase_Acquire,http://purl.org/dmi-framework#Source_undp,http://purl.org/dmi-framework#Prov_official
AUS,2013,developed_non_eu,C2,0.927,carried_forward,undp,curated_snapshot,acquire,http://purl.org/dmi-framework#SE_C2_AUS_2013,http://purl.org/dmi-framework#Ind_C2,http://purl.org/dmi-framework#Country_AUS,http://purl.org/dmi-framework#Phase_Acquire,http://purl.org/dmi-framework#Source_undp,http://purl.org/dmi-framework#Prov_carried_forward
AUS,2014,developed_non_eu,C2,0.927,carried_forward,undp,curated_snapshot,acquire,http://purl.org/dmi-framework#SE_C2_AUS_2014,http://purl.org/dmi-framework#Ind_C2,http://purl.org/dmi-framework#Country_AUS,http://purl.org/dmi-framework#Phase_Acquire,http://purl.org/dmi-framework#Source_undp,http://purl.org/dmi-framework#Prov_carried_forward
AUS,2015,developed_non_eu,C2,0.929,official,undp,curated_snapshot,acquire,http://purl.org/dmi-framework#SE_C2_AUS_2015,http://purl.org/dmi-framework#Ind_C2,http://purl.org/dmi-framework#Country_AUS,http://purl.org/dmi-framework#Phase_Acquire,http://purl.org/dmi-framework#Source_undp,http://purl.org/dmi-framework#Prov_official
AUS,2016,developed_non_eu,C2,0.929,carried_forward,undp,curated_snapshot,acquire,http://purl.org/dmi-framework#SE_C2_AUS_2016,http://purl.org/dmi-framework#Ind_C2,http://purl.org/dmi-framework#Country_AUS,http://purl.org/dmi-framework#Phase_Acquire,http://purl.org/dmi-framework#Source_undp,http://purl.org/dmi-framework#Prov_carried_forward
AUS,2017,developed_non_eu,C2,0.929,carried_forward,undp,curated_snapshot,acquire,http://purl.org/dmi-framework#SE_C2_AUS_2017,http://purl.org/dmi-framework#Ind_C2,http://purl.org/dmi-framework#Country_AUS,http://purl.org/dmi-framework#Phase_Acquire,http://purl.org/dmi-framework#Source_undp,http://purl.org/dmi-framework#Prov_carried_forward
AUS,2018,developed_non_eu,C2,0.923,official,undp,curated_snapshot,acquire,http://purl.org/dmi-framework#SE_C2_AUS_2018,http://purl.org/dmi-framework#Ind_C2,http://purl.org/dmi-framework#Country_AUS,http://purl.org/dmi-framework#Phase_Acquire,http://purl.org/dmi-framework#Source_undp,http://purl.org/dmi-framework#Prov_official
AUS,2019,developed_non_eu,C2,0.924,official,undp,curated_snapshot,acquire,http://purl.org/dmi-framework#SE_C2_AUS_2019,http://purl.org/dmi-framework#Ind_C2,http://purl.org/dmi-framework#Country_AUS,http://purl.org/dmi-framework#Phase_Acquire,http://purl.org/dmi-framework#Source_undp,http://purl.org/dmi-framework#Prov_official
AUS,2020,developed_non_eu,C2,0.924,carried_forward,undp,curated_snapshot,acquire,http://purl.org/dmi-framework#SE_C2_AUS_2020,http://purl.org/dmi-framework#Ind_C2,http://purl.org/dmi-framework#Country_AUS,http://purl.org/dmi-framework#Phase_Acquire,http://purl.org/dmi-framework#Source_undp,http://purl.org/dmi-framework#Prov_carried_forward
AUS,2021,developed_non_eu,C2,0.924,official,undp,curated_snapshot,acquire,http://purl.org/dmi-framework#SE_C2_AUS_2021,http://purl.org/dmi-framework#Ind_C2,http://purl.org/dmi-framework#Country_AUS,http://purl.org/dmi-framework#Phase_Acquire,http://purl.org/dmi-framework#Source_undp,http://purl.org/dmi-framework#Prov_official
AUS,2022,developed_non_eu,C2,0.927,official,undp,curated_snapshot,acquire,http://purl.org/dmi-framework#SE_C2_AUS_2022,http://purl.org/dmi-framework#Ind_C2,http://purl.org/dmi-framework#Country_AUS,http://purl.org/dmi-framework#Phase_Acquire,http://purl.org/dmi-framework#Source_undp,http://purl.org/dmi-framework#Prov_official
AUS,2023,developed_non_eu,C2,0.927,carried_forward,undp,curated_snapshot,acquire,http://purl.org/dmi-framework#SE_C2_AUS_2023,http://purl.org/dmi-framework#Ind_C2,http://purl.org/dmi-framework#Country_AUS,http://purl.org/dmi-framework#Phase_Acquire,http://purl.org/dmi-framework#Source_undp,http://purl.org/dmi-framework#Prov_carried_forward
AUS,2024,developed_non_eu,C2,0.927,carried_forward,undp,curated_snapshot,acquire,http://purl.org/dmi-framework#SE_C2_AUS_2024,http://purl.org/dmi-framework#Ind_C2,http://purl.org/dmi-framework#Country_AUS,http://purl.org/dmi-framework#Phase_Acquire,http://purl.org/dmi-framework#Source_undp,http://purl.org/dmi-framework#Prov_carried_forward
AUS,2025,developed_non_eu,C2,,missing,undp,curated_snapshot,acquire,http://purl.org/dmi-framework#SE_C2_AUS_2025,http://purl.org/dmi-framework#Ind_C2,http://purl.org/dmi-framework#Country_AUS,http://purl.org/dmi-framework#Phase_Acquire,http://purl.org/dmi-framework#Source_undp,http://purl.org/dmi-framework#Prov_missing
BRA,2012,developing,C2,0.661,official,undp,curated_snapshot,acquire,http://purl.org/dmi-framework#SE_C2_BRA_2012,http://purl.org/dmi-framework#Ind_C2,http://purl.org/dmi-framework#Country_BRA,http://purl.org/dmi-framework#Phase_Acquire,http://purl.org/dmi-framework#Source_undp,http://purl.org/dmi-framework#Prov_official
BRA,2013,developing,C2,0.661,carried_forward,undp,curated_snapshot,acquire,http://purl.org/dmi-framework#SE_C2_BRA_2013,http://purl.org/dmi-framework#Ind_C2,http://purl.org/dmi-framework#Country_BRA,http://purl.org/dmi-framework#Phase_Acquire,http://purl.org/dmi-framework#Source_undp,http://purl.org/dmi-framework#Prov_carried_forward
BRA,2014,developing,C2,0.661,carried_forward,undp,curated_snapshot,acquire,http://purl.org/dmi-framework#SE_C2_BRA_2014,http://purl.org/dmi-framework#Ind_C2,http://purl.org/dmi-framework#Country_BRA,http://purl.org/dmi-framework#Phase_Acquire,http://purl.org/dmi-framework#Source_undp,http://purl.org/dmi-framework#Prov_carried_forward
BRA,2015,developing,C2,0.681,official,undp,curated_snapshot,acquire,http://purl.org/dmi-framework#SE_C2_BRA_2015,http://purl.org/dmi-framework#Ind_C2,http://purl.org/dmi-framework#Country_BRA,http://purl.org/dmi-framework#Phase_Acquire,http://purl.org/dmi-framework#Source_undp,http://purl.org/dmi-framework#Prov_official
BRA,2016,developing,C2,0.681,carried_forward,undp,curated_snapshot,acquire,http://purl.org/dmi-framework#SE_C2_BRA_2016,http://purl.org/dmi-framework#Ind_C2,http://purl.org/dmi-framework#Country_BRA,http://purl.org/dmi-framework#Phase_Acquire,http://purl.org/dmi-framework#Source_undp,http://purl.org/dmi-framework#Prov_carried_forward
BRA,2017,developing,C2,0.681,carried_forward,undp,curated_snapshot,acquire,http://purl.org/dmi-framework#SE_C2_BRA_2017,http://purl.org/dmi-framework#Ind_C2,http://purl.org/dmi-framework#Country_BRA,http://purl.org/dmi-framework#Phase_Acquire,http://purl.org/dmi-framework#Source_undp,http://purl.org/dmi-framework#Prov_carried_forward
BRA,2018,developing,C2,0.694,official,undp,curated_snapshot,acquire,http://purl.org/dmi-framework#SE_C2_BRA_2018,http://purl.org/dmi-framework#Ind_C2,http://purl.org/dmi-framework#Country_BRA,http://purl.org/dmi-framework#Phase_Acquire,http://purl.org/dmi-framework#Source_undp,http://purl.org/dmi-framework#Prov_official
BRA,2019,developing,C2,0.694,official,undp,curated_snapshot,acquire,http://purl.org/dmi-framework#SE_C2_BRA_2019,http://purl.org/dmi-framework#Ind_C2,http://purl.org/dmi-framework#Country_BRA,http://purl.org/dmi-framework#Phase_Acquire,http://purl.org/dmi-framework#Source_undp,http://purl.org/dmi-framework#Prov_official
BRA,2020,developing,C2,0.694,carried_forward,undp,curated_snapshot,acquire,http://purl.org/dmi-framework#SE_C2_BRA_2020,http://purl.org/dmi-framework#Ind_C2,http://purl.org/dmi-framework#Country_BRA,http://purl.org/dmi-framework#Phase_Acquire,http://purl.org/dmi-framework#Source_undp,http://purl.org/dmi-framework#Prov_carried_forward
BRA,2021,developing,C2,0.704,official,undp,curated_snapshot,acquire,http://purl.org/dmi-framework#SE_C2_BRA_2021,http://purl.org/dmi-framework#Ind_C2,http://purl.org/dmi-framework#Country_BRA,http://purl.org/dmi-framework#Phase_Acquire,http://purl.org/dmi-framework#Source_undp,http://purl.org/dmi-framework#Prov_official
BRA,2022,developing,C2,0.707,official,undp,curated_snapshot,acquire,http://purl.org/dmi-framework#SE_C2_BRA_2022,http://purl.org/dmi-framework#Ind_C2,http://purl.org/dmi-framework#Country_BRA,http://purl.org/dmi-framework#Phase_Acquire,http://purl.org/dmi-framework#Source_undp,http://purl.org/dmi-framework#Prov_official
BRA,2023,developing,C2,0.707,carried_forward,undp,curated_snapshot,acquire,http://purl.org/dmi-framework#SE_C2_BRA_2023,http://purl.org/dmi-framework#Ind_C2,http://purl.org/dmi-framework#Country_BRA,http://purl.org/dmi-framework#Phase_Acquire,http://purl.org/dmi-framework#Source_undp,http://purl.org/dmi-framework#Prov_carried_forward
BRA,2024,developing,C2,0.707,carried_forward,undp,curated_snapshot,acquire,http://purl.org/dmi-framework#SE_C2_BRA_2024,http://purl.org/dmi-framework#Ind_C2,http://purl.org/dmi-framework#Country_BRA,http://purl.org/dmi-framework#Phase_Acquire,http://purl.org/dmi-framework#Source_undp,http://purl.org/dmi-framework#Prov_carried_forward
BRA,2025,developing,C2,,missing,undp,curated_snapshot,acquire,http://purl.org/dmi-framework#SE_C2_BRA_2025,http://purl.org/dmi-framework#Ind_C2,http://purl.org/dmi-framework#Country_BRA,http://purl.org/dmi-framework#Phase_Acquire,http://purl.org/dmi-framework#Source_undp,http://purl.org/dmi-framework#Prov_missing
CAN,2012,developed_non_eu,C2,0.89,official,undp,curated_snapshot,acquire,http://purl.org/dmi-framework#SE_C2_CAN_2012,http://purl.org/dmi-framework#Ind_C2,http://purl.org/dmi-framework#Country_CAN,http://purl.org/dmi-framework#Phase_Acquire,http://purl.org/dmi-framework#Source_undp,http://purl.org/dmi-framework#Prov_official
CAN,2013,developed_non_eu,C2,0.89,carried_forward,undp,curated_snapshot,acquire,http://purl.org/dmi-framework#SE_C2_CAN_2013,http://purl.org/dmi-framework#Ind_C2,http://purl.org/dmi-framework#Country_CAN,http://purl.org/dmi-framework#Phase_Acquire,http://purl.org/dmi-framework#Source_undp,http://purl.org/dmi-framework#Prov_carried_forward
CAN,2014,developed_non_eu,C2,0.89,carried_forward,undp,curated_snapshot,acquire,http://purl.org/dmi-framework#SE_C2_CAN_2014,http://purl.org/dmi-framework#Ind_C2,http://purl.org/dmi-framework#Country_CAN,http://purl.org/dmi-framework#Phase_Acquire,http://purl.org/dmi-framework#Source_undp,http://purl.org/dmi-framework#Prov_carried_forward
CAN,2015,developed_non_eu,C2,0.894,official,undp,curated_snapshot,acquire,http://purl.org/dmi-framework#SE_C2_CAN_2015,http://purl.org/dmi-framework#Ind_C2,http://purl.org/dmi-framework#Country_CAN,http://purl.org/dmi-framework#Phase_Acquire,http://purl.org/dmi-framework#Source_undp,http://purl.org/dmi-framework#Prov_official
CAN,2016,developed_non_eu,C2,0.894,carried_forward,undp,curated_snapshot,acquire,http://purl.org/dmi-framework#SE_C2_CAN_2016,http://purl.org/dmi-framework#Ind_C2,http://purl.org/dmi-framework#Country_CAN,http://purl.org/dmi-framework#Phase_Acquire,http://purl.org/dmi-framework#Source_undp,http://purl.org/dmi-framework#Prov_carried_forward
CAN,2017,developed_non_eu,C2,0.894,carried_forward,undp,curated_snapshot,acquire,http://purl.org/dmi-framework#SE_C2_CAN_2017,http://purl.org/dmi-framework#Ind_C2,http://purl.org/dmi-framework#Country_CAN,http://purl.org/dmi-framework#Phase_Acquire,http://purl.org/dmi-framework#Source_undp,http://purl.org/dmi-framework#Prov_carried_forward
CAN,2018,developed_non_eu,C2,0.899,official,undp,curated_snapshot,acquire,http://purl.org/dmi-framework#SE_C2_CAN_2018,http://purl.org/dmi-framework#Ind_C2,http://purl.org/dmi-framework#Country_CAN,http://purl.org/dmi-framework#Phase_Acquire,http://purl.org/dmi-framework#Source_undp,http://purl.org/dmi-framework#Prov_official
CAN,2019,developed_non_eu,C2,0.899,official,undp,curated_snapshot,acquire,http://purl.org/dmi-framework#SE_C2_CAN_2019,http://purl.org/dmi-framework#Ind_C2,http://purl.org/dmi-framework#Country_CAN,http://purl.org/dmi-framework#Phase_Acquire,http://purl.org/dmi-framework#Source_undp,http://purl.org/dmi-framework#Prov_official
CAN,2020,developed_non_eu,C2,0.899,carried_forward,undp,curated_snapshot,acquire,http://purl.org/dmi-framework#SE_C2_CAN_2020,http://purl.org/dmi-framework#Ind_C2,http://purl.org/dmi-framework#Country_CAN,http://purl.org/dmi-framework#Phase_Acquire,http://purl.org/dmi-framework#Source_undp,http://purl.org/dmi-framework#Prov_carried_forward
CAN,2021,developed_non_eu,C2,0.899,official,undp,curated_snapshot,acquire,http://purl.org/dmi-framework#SE_C2_CAN_2021,http://purl.org/dmi-framework#Ind_C2,http://purl.org/dmi-framework#Country_CAN,http://purl.org/dmi-framework#Phase_Acquire,http://purl.org/dmi-framework#Source_undp,http://purl.org/dmi-framework#Prov_official
CAN,2022,developed_non_eu,C2,0.902,official,undp,curated_snapshot,acquire,http://purl.org/dmi-framework#SE_C2_CAN_2022,http://purl.org/dmi-framework#Ind_C2,http://purl.org/dmi-framework#Country_CAN,http://purl.org/dmi-framework#Phase_Acquire,http://purl.org/dmi-framework#Source_undp,http://purl.org/dmi-framework#Prov_official
CAN,2023,developed_non_eu,C2,0.902,carried_forward,undp,curated_snapshot,acquire,http://purl.org/dmi-framework#SE_C2_CAN_2023,http://purl.org/dmi-framework#Ind_C2,http://purl.org/dmi-framework#Country_CAN,http://purl.org/dmi-framework#Phase_Acquire,http://purl.org/dmi-framework#Source_undp,http://purl.org/dmi-framework#Prov_carried_forward
CAN,2024,developed_non_eu,C2,0.902,carried_forward,undp,curated_snapshot,acquire,http://purl.org/dmi-framework#SE_C2_CAN_2024,http://purl.org/dmi-framework#Ind_C2,http://purl.org/dmi-framework#Country_CAN,http://purl.org/dmi-framework#Phase_Acquire,http://purl.org/dmi-framework#Source_undp,http://purl.org/dmi-framework#Prov_carried_forward
CAN,2025,developed_non_eu,C2,,missing,undp,curated_snapshot,acquire,http://purl.org/dmi-framework#SE_C2_CAN_2025,http://purl.org/dmi-framework#Ind_C2,http://purl.org/dmi-framework#Country_CAN,http://purl.org/dmi-framework#Phase_Acquire,http://purl.org/dmi-framework#Source_undp,http://purl.org/dmi-framework#Prov_missing
DEU,2012,developed_eu,C2,0.928,official,undp,curated_snapshot,acquire,http://purl.org/dmi-framework#SE_C2_DEU_2012,http://purl.org/dmi-framework#Ind_C2,http://purl.org/dmi-framework#Country_DEU,http://purl.org/dmi-framework#Phase_Acquire,http://purl.org/dmi-framework#Source_undp,http://purl.org/dmi-framework#Prov_official
DEU,2013,developed_eu,C2,0.928,carried_forward,undp,curated_snapshot,acquire,http://purl.org/dmi-framework#SE_C2_DEU_2013,http://purl.org/dmi-framework#Ind_C2,http://purl.org/dmi-framework#Country_DEU,http://purl.org/dmi-framework#Phase_Acquire,http://purl.org/dmi-framework#Source_undp,http://purl.org/dmi-framework#Prov_carried_forward
DEU,2014,developed_eu,C2,0.928,carried_forward,undp,curated_snapshot,acquire,http://purl.org/dmi-framework#SE_C2_DEU_2014,http://purl.org/dmi-framework#Ind_C2,http://purl.org/dmi-framework#Country_DEU,http://purl.org/dmi-framework#Phase_Acquire,http://purl.org/dmi-framework#Source_undp,http://purl.org/dmi-framework#Prov_carried_forward
DEU,2015,developed_eu,C2,0.928,official,undp,curated_snapshot,acquire,http://purl.org/dmi-framework#SE_C2_DEU_2015,http://purl.org/dmi-framework#Ind_C2,http://purl.org/dmi-framework#Country_DEU,http://purl.org/dmi-framework#Phase_Acquire,http://purl.org/dmi-framework#Source_undp,http://purl.org/dmi-framework#Prov_official
DEU,2016,developed_eu,C2,0.928,carried_forward,undp,curated_snapshot,acquire,http://purl.org/dmi-framework#SE_C2_DEU_2016,http://purl.org/dmi-framework#Ind_C2,http://purl.org/dmi-framework#Country_DEU,http://purl.org/dmi-framework#Phase_Acquire,http://purl.org/dmi-framework#Source_undp,http://purl.org/dmi-framework#Prov_carried_forward
DEU,2017,developed_eu,C2,0.928,carried_forward,undp,curated_snapshot,acquire,http://purl.org/dmi-framework#SE_C2_DEU_2017,http://purl.org/dmi-framework#Ind_C2,http://purl.org/dmi-framework#Country_DEU,http://purl.org/dmi-framework#Phase_Acquire,http://purl.org/dmi-framework#Source_undp,http://purl.org/dmi-framework#Prov_carried_forward
DEU,2018,developed_eu,C2,0.943,official,undp,curated_snapshot,acquire,http://purl.org/dmi-framework#SE_C2_DEU_2018,http://purl.org/dmi-framework#Ind_C2,http://purl.org/dmi-framework#Country_DEU,http://purl.org/dmi-framework#Phase_Acquire,http://purl.org/dmi-framework#Source_undp,http://purl.org/dmi-framework#Prov_official
DEU,2019,developed_eu,C2,0.943,official,undp,curated_snapshot,acquire,http://purl.org/dmi-framework#SE_C2_DEU_2019,http://purl.org/dmi-framework#Ind_C2,http://purl.org/dmi-framework#Country_DEU,http://purl.org/dmi-framework#Phase_Acquire,http://purl.org/dmi-framework#Source_undp,http://purl.org/dmi-framework#Prov_official
DEU,2020,developed_eu,C2,0.943,carried_forward,undp,curated_snapshot,acquire,http://purl.org/dmi-framework#SE_C2_DEU_2020,http://purl.org/dmi-framework#Ind_C2,http://purl.org/dmi-framework#Country_DEU,http://purl.org/dmi-framework#Phase_Acquire,http://purl.org/dmi-framework#Source_undp,http://purl.org/dmi-framework#Prov_carried_forward
DEU,2021,developed_eu,C2,0.943,official,undp,curated_snapshot,acquire,http://purl.org/dmi-framework#SE_C2_DEU_2021,http://purl.org/dmi-framework#Ind_C2,http://purl.org/dmi-framework#Country_DEU,http://purl.org/dmi-framework#Phase_Acquire,http://purl.org/dmi-framework#Source_undp,http://purl.org/dmi-framework#Prov_official
DEU,2022,developed_eu,C2,0.943,official,undp,curated_snapshot,acquire,http://purl.org/dmi-framework#SE_C2_DEU_2022,http://purl.org/dmi-framework#Ind_C2,http://purl.org/dmi-framework#Country_DEU,http://purl.org/dmi-framework#Phase_Acquire,http://purl.org/dmi-framework#Source_undp,http://purl.org/dmi-framework#Prov_official
DEU,2023,developed_eu,C2,0.943,carried_forward,undp,curated_snapshot,acquire,http://purl.org/dmi-framework#SE_C2_DEU_2023,http://purl.org/dmi-framework#Ind_C2,http://purl.org/dmi-framework#Country_DEU,http://purl.org/dmi-framework#Phase_Acquire,http://purl.org/dmi-framework#Source_undp,http://purl.org/dmi-framework#Prov_carried_forward
DEU,2024,developed_eu,C2,0.943,carried_forward,undp,curated_snapshot,acquire,http://purl.org/dmi-framework#SE_C2_DEU_2024,http://purl.org/dmi-framework#Ind_C2,http://purl.org/dmi-framework#Country_DEU,http://purl.org/dmi-framework#Phase_Acquire,http://purl.org/dmi-framework#Source_undp,http://purl.org/dmi-framework#Prov_carried_forward
DEU,2025,developed_eu,C2,,missing,undp,curated_snapshot,acquire,http://purl.org/dmi-framework#SE_C2_DEU_2025,http://purl.org/dmi-framework#Ind_C2,http://purl.org/dmi-framework#Country_DEU,http://purl.org/dmi-framework#Phase_Acquire,http://purl.org/dmi-framework#Source_undp,http://purl.org/dmi-framework#Prov_missing
FRA,2012,developed_eu,C2,0.816,official,undp,curated_snapshot,acquire,http://purl.org/dmi-framework#SE_C2_FRA_2012,http://purl.org/dmi-framework#Ind_C2,http://purl.org/dmi-framework#Country_FRA,http://purl.org/dmi-framework#Phase_Acquire,http://purl.org/dmi-framework#Source_undp,http://purl.org/dmi-framework#Prov_official
FRA,2013,developed_eu,C2,0.816,carried_forward,undp,curated_snapshot,acquire,http://purl.org/dmi-framework#SE_C2_FRA_2013,http://purl.org/dmi-framework#Ind_C2,http://purl.org/dmi-framework#Country_FRA,http://purl.org/dmi-framework#Phase_Acquire,http://purl.org/dmi-framework#Source_undp,http://purl.org/dmi-framework#Prov_carried_forward
FRA,2014,developed_eu,C2,0.816,carried_forward,undp,curated_snapshot,acquire,http://purl.org/dmi-framework#SE_C2_FRA_2014,http://purl.org/dmi-framework#Ind_C2,http://purl.org/dmi-framework#Country_FRA,http://purl.org/dmi-framework#Phase_Acquire,http://purl.org/dmi-framework#Source_undp,http://purl.org/dmi-framework#Prov_carried_forward
FRA,2015,developed_eu,C2,0.831,official,undp,curated_snapshot,acquire,http://purl.org/dmi-framework#SE_C2_FRA_2015,http://purl.org/dmi-framework#Ind_C2,http://purl.org/dmi-framework#Country_FRA,http://purl.org/dmi-framework#Phase_Acquire,http://purl.org/dmi-framework#Source_undp,http://purl.org/dmi-framework#Prov_official
FRA,2016,developed_eu,C2,0.831,carried_forward,undp,curated_snapshot,acquire,http://purl.org/dmi-framework#SE_C2_FRA_2016,http://purl.org/dmi-framework#Ind_C2,http://purl.org/dmi-framework#Country_FRA,http://purl.org/dmi-framework#Phase_Acquire,http://purl.org/dmi-framework#Source_undp,http://purl.org/dmi-framework#Prov_carried_forward
FRA,2017,developed_eu,C2,0.831,carried_forward,undp,curated_snapshot,acquire,http://purl.org/dmi-framework#SE_C2_FRA_2017,http://purl.org/dmi-framework#Ind_C2,http://purl.org/dmi-framework#Country_FRA,http://purl.org/dmi-framework#Phase_Acquire,http://purl.org/dmi-framework#Source_undp,http://purl.org/dmi-framework#Prov_carried_forward
FRA,2018,developed_eu,C2,0.84,official,undp,curated_snapshot,acquire,http://purl.org/dmi-framework#SE_C2_FRA_2018,http://purl.org/dmi-framework#Ind_C2,http://purl.org/dmi-framework#Country_FRA,http://purl.org/dmi-framework#Phase_Acquire,http://purl.org/dmi-framework#Source_undp,http://purl.org/dmi-framework#Prov_official
FRA,2019,developed_eu,C2,0.817,official,undp,curated_snapshot,acquire,http://purl.org/dmi-framework#SE_C2_FRA_2019,http://purl.org/dmi-framework#Ind_C2,http://purl.org/dmi-framework#Country_FRA,http://purl.org/dmi-framework#Phase_Acquire,http://purl.org/dmi-framework#Source_undp,http://purl.org/dmi-framework#Prov_official
FRA,2020,developed_eu,C2,0.817,carried_forward,undp,curated_snapshot,acquire,http://purl.org/dmi-framework#SE_C2_FRA_2020,http://purl.org/dmi-framework#Ind_C2,http://purl.org/dmi-framework#Country_FRA,http://purl.org/dmi-framework#Phase_Acquire,http://purl.org/dmi-framework#Source_undp,http://purl.org/dmi-framework#Prov_carried_forward
FRA,2021,developed_eu,C2,0.84,official,undp,curated_snapshot,acquire,http://purl.org/dmi-framework#SE_C2_FRA_2021,http://purl.org/dmi-framework#Ind_C2,http://purl.org/dmi-framework#Country_FRA,http://purl.org/dmi-framework#Phase_Acquire,http://purl.org/dmi-framework#Source_undp,http://purl.org/dmi-framework#Prov_official
FRA,2022,developed_eu,C2,0.841,official,undp,curated_snapshot,acquire,http://purl.org/dmi-framework#SE_C2_FRA_2022,http://purl.org/dmi-framework#Ind_C2,http://purl.org/dmi-framework#Country_FRA,http://purl.org/dmi-framework#Phase_Acquire,http://purl.org/dmi-framework#Source_undp,http://purl.org/dmi-framework#Prov_official
FRA,2023,developed_eu,C2,0.841,carried_forward,undp,curated_snapshot,acquire,http://purl.org/dmi-framework#SE_C2_FRA_2023,http://purl.org/dmi-framework#Ind_C2,http://purl.org/dmi-framework#Country_FRA,http://purl.org/dmi-framework#Phase_Acquire,http://purl.org/dmi-framework#Source_undp,http://purl.org/dmi-framework#Prov_carried_forward
FRA,2024,developed_eu,C2,0.841,carried_forward,undp,curated_snapshot,acquire,http://purl.org/dmi-framework#SE_C2_FRA_2024,http://purl.org/dmi-framework#Ind_C2,http://purl.org/dmi-framework#Country_FRA,http://purl.org/dmi-framework#Phase_Acquire,http://purl.org/dmi-framework#Source_undp,http://purl.org/dmi-framework#Prov_carried_forward
FRA,2025,developed_eu,C2,,missing,undp,curated_snapshot,acquire,http://purl.org/dmi-framework#SE_C2_FRA_2025,http://purl.org/dmi-framework#Ind_C2,http://purl.org/dmi-framework#Country_FRA,http://purl.org/dmi-framework#Phase_Acquire,http://purl.org/dmi-framework#Source_undp,http://purl.org/dmi-framework#Prov_missing
GBR,2012,developed_eu,C2,0.886,official,undp,curated_snapshot,acquire,http://purl.org/dmi-framework#SE_C2_GBR_2012,http://purl.org/dmi-framework#Ind_C2,http://purl.org/dmi-framework#Country_GBR,http://purl.org/dmi-framework#Phase_Acquire,http://purl.org/dmi-framework#Source_undp,http://purl.org/dmi-framework#Prov_official
GBR,2013,developed_eu,C2,0.886,carried_forward,undp,curated_snapshot,acquire,http://purl.org/dmi-framework#SE_C2_GBR_2013,http://purl.org/dmi-framework#Ind_C2,http://purl.org/dmi-framework#Country_GBR,http://purl.org/dmi-framework#Phase_Acquire,http://purl.org/dmi-framework#Source_undp,http://purl.org/dmi-framework#Prov_carried_forward
GBR,2014,developed_eu,C2,0.886,carried_forward,undp,curated_snapshot,acquire,http://purl.org/dmi-framework#SE_C2_GBR_2014,http://purl.org/dmi-framework#Ind_C2,http://purl.org/dmi-framework#Country_GBR,http://purl.org/dmi-framework#Phase_Acquire,http://purl.org/dmi-framework#Source_undp,http://purl.org/dmi-framework#Prov_carried_forward
GBR,2015,developed_eu,C2,0.896,official,undp,curated_snapshot,acquire,http://purl.org/dmi-framework#SE_C2_GBR_2015,http://purl.org/dmi-framework#Ind_C2,http://purl.org/dmi-framework#Country_GBR,http://purl.org/dmi-framework#Phase_Acquire,http://purl.org/dmi-framework#Source_undp,http://purl.org/dmi-framework#Prov_official
GBR,2016,developed_eu,C2,0.896,carried_forward,undp,curated_snapshot,acquire,http://purl.org/dmi-framework#SE_C2_GBR_2016,http://purl.org/dmi-framework#Ind_C2,http://purl.org/dmi-framework#Country_GBR,http://purl.org/dmi-framework#Phase_Acquire,http://purl.org/dmi-framework#Source_undp,http://purl.org/dmi-framework#Prov_carried_forward
GBR,2017,developed_eu,C2,0.896,carried_forward,undp,curated_snapshot,acquire,http://purl.org/dmi-framework#SE_C2_GBR_2017,http://purl.org/dmi-framework#Ind_C2,http://purl.org/dmi-framework#Country_GBR,http://purl.org/dmi-framework#Phase_Acquire,http://purl.org/dmi-framework#Source_undp,http://purl.org/dmi-framework#Prov_carried_forward
GBR,2018,developed_eu,C2,0.922,official,undp,curated_snapshot,acquire,http://purl.org/dmi-framework#SE_C2_GBR_2018,http://purl.org/dmi-framework#Ind_C2,http://purl.org/dmi-framework#Country_GBR,http://purl.org/dmi-framework#Phase_Acquire,http://purl.org/dmi-framework#Source_undp,http://purl.org/dmi-framework#Prov_official
GBR,2019,developed_eu,C2,0.928,official,undp,curated_snapshot,acquire,http://purl.org/dmi-framework#SE_C2_GBR_2019,http://purl.org/dmi-framework#Ind_C2,http://purl.org/dmi-framework#Country_GBR,http://purl.org/dmi-framework#Phase_Acquire,http://purl.org/dmi-framework#Source_undp,http://purl.org/dmi-framework#Prov_official
GBR,2020,developed_eu,C2,0.928,carried_forward,undp,curated_snapshot,acquire,http://purl.org/dmi-framework#SE_C2_GBR_2020,http://purl.org/dmi-framework#Ind_C2,http://purl.org/dmi-framework#Country_GBR,http://purl.org/dmi-framework#Phase_Acquire,http://purl.org/dmi-framework#Source_undp,http://purl.org/dmi-framework#Prov_carried_forward
GBR,2021,developed_eu,C2,0.928,official,undp,curated_snapshot,acquire,http://purl.org/dmi-framework#SE_C2_GBR_2021,http://purl.org/dmi-framework#Ind_C2,http://purl.org/dmi-framework#Country_GBR,http://purl.org/dmi-framework#Phase_Acquire,http://purl.org/dmi-framework#Source_undp,http://purl.org/dmi-framework#Prov_official
GBR,2022,developed_eu,C2,0.93,official,undp,curated_snapshot,acquire,http://purl.org/dmi-framework#SE_C2_GBR_2022,http://purl.org/dmi-framework#Ind_C2,http://purl.org/dmi-framework#Country_GBR,http://purl.org/dmi-framework#Phase_Acquire,http://purl.org/dmi-framework#Source_undp,http://purl.org/dmi-framework#Prov_official
GBR,2023,developed_eu,C2,0.93,carried_forward,undp,curated_snapshot,acquire,http://purl.org/dmi-framework#SE_C2_GBR_2023,http://purl.org/dmi-framework#Ind_C2,http://purl.org/dmi-framework#Country_GBR,http://purl.org/dmi-framework#Phase_Acquire,http://purl.org/dmi-framework#Source_undp,http://purl.org/dmi-framework#Prov_carried_forward
GBR,2024,developed_eu,C2,0.93,carried_forward,undp,curated_snapshot,acquire,http://purl.org/dmi-framework#SE_C2_GBR_2024,http://purl.org/dmi-framework#Ind_C2,http://purl.org/dmi-framework#Country_GBR,http://purl.org/dmi-framework#Phase_Acquire,http://purl.org/dmi-framework#Source_undp,http://purl.org/dmi-framework#Prov_carried_forward
GBR,2025,developed_eu,C2,,missing,undp,curated_snapshot,acquire,http://purl.org/dmi-framework#SE_C2_GBR_2025,http://purl.org/dmi-framework#Ind_C2,http://purl.org/dmi-framework#Country_GBR,http://purl.org/dmi-framework#Phase_Acquire,http://purl.org/dmi-framework#Source_undp,http://purl.org/dmi-framework#Prov_missing
IND,2012,developing,C2,0.492,official,undp,curated_snapshot,acquire,http://purl.org/dmi-framework#SE_C2_IND_2012,http://purl.org/dmi-framework#Ind_C2,http://purl.org/dmi-framework#Country_IND,http://purl.org/dmi-framework#Phase_Acquire,http://purl.org/dmi-framework#Source_undp,http://purl.org/dmi-framework#Prov_official
IND,2013,developing,C2,0.492,carried_forward,undp,curated_snapshot,acquire,http://purl.org/dmi-framework#SE_C2_IND_2013,http://purl.org/dmi-framework#Ind_C2,http://purl.org/dmi-framework#Country_IND,http://purl.org/dmi-framework#Phase_Acquire,http://purl.org/dmi-framework#Source_undp,http://purl.org/dmi-framework#Prov_carried_forward
IND,2014,developing,C2,0.492,carried_forward,undp,curated_snapshot,acquire,http://purl.org/dmi-framework#SE_C2_IND_2014,http://purl.org/dmi-framework#Ind_C2,http://purl.org/dmi-framework#Country_IND,http://purl.org/dmi-framework#Phase_Acquire,http://purl.org/dmi-framework#Source_undp,http://purl.org/dmi-framework#Prov_carried_forward
IND,2015,developing,C2,0.535,official,undp,curated_snapshot,acquire,http://purl.org/dmi-framework#SE_C2_IND_2015,http://purl.org/dmi-framework#Ind_C2,http://purl.org/dmi-framework#Country_IND,http://purl.org/dmi-framework#Phase_Acquire,http://purl.org/dmi-framework#Source_undp,http://purl.org/dmi-framework#Prov_official
IND,2016,developing,C2,0.535,carried_forward,undp,curated_snapshot,acquire,http://purl.org/dmi-framework#SE_C2_IND_2016,http://purl.org/dmi-framework#Ind_C2,http://purl.org/dmi-framework#Country_IND,http://purl.org/dmi-framework#Phase_Acquire,http://purl.org/dmi-framework#Source_undp,http://purl.org/dmi-framework#Prov_carried_forward
IND,2017,developing,C2,0.535,carried_forward,undp,curated_snapshot,acquire,http://purl.org/dmi-framework#SE_C2_IND_2017,http://purl.org/dmi-framework#Ind_C2,http://purl.org/dmi-framework#Country_IND,http://purl.org/dmi-framework#Phase_Acquire,http://purl.org/dmi-framework#Source_undp,http://purl.org/dmi-framework#Prov_carried_forward
IND,2018,developing,C2,0.555,official,undp,curated_snapshot,acquire,http://purl.org/dmi-framework#SE_C2_IND_2018,http://purl.org/dmi-framework#Ind_C2,http://purl.org/dmi-framework#Country_IND,http://purl.org/dmi-framework#Phase_Acquire,http://purl.org/dmi-framework#Source_undp,http://purl.org/dmi-framework#Prov_official
IND,2019,developing,C2,0.555,official,undp,curated_snapshot,acquire,http://purl.org/dmi-framework#SE_C2_IND_2019,http://purl.org/dmi-framework#Ind_C2,http://purl.org/dmi-framework#Country_IND,http://purl.org/dmi-framework#Phase_Acquire,http://purl.org/dmi-framework#Source_undp,http://purl.org/dmi-framework#Prov_official
IND,2020,developing,C2,0.555,carried_forward,undp,curated_snapshot,acquire,http://purl.org/dmi-framework#SE_C2_IND_2020,http://purl.org/dmi-framework#Ind_C2,http://purl.org/dmi-framework#Country_IND,http://purl.org/dmi-framework#Phase_Acquire,http://purl.org/dmi-framework#Source_undp,http://purl.org/dmi-framework#Prov_carried_forward
IND,2021,developing,C2,0.556,official,undp,curated_snapshot,acquire,http://purl.org/dmi-framework#SE_C2_IND_2021,http://purl.org/dmi-framework#Ind_C2,http://purl.org/dmi-framework#Country_IND,http://purl.org/dmi-framework#Phase_Acquire,http://purl.org/dmi-framework#Source_undp,http://purl.org/dmi-framework#Prov_official
IND,2022,developing,C2,0.57,official,undp,curated_snapshot,acquire,http://purl.org/dmi-framework#SE_C2_IND_2022,http://purl.org/dmi-framework#Ind_C2,http://purl.org/dmi-framework#Country_IND,http://purl.org/dmi-framework#Phase_Acquire,http://purl.org/dmi-framework#Source_undp,http://purl.org/dmi-framework#Prov_official
IND,2023,developing,C2,0.57,carried_forward,undp,curated_snapshot,acquire,http://purl.org/dmi-framework#SE_C2_IND_2023,http://purl.org/dmi-framework#Ind_C2,http://purl.org/dmi-framework#Country_IND,http://purl.org/dmi-framework#Phase_Acquire,http://purl.org/dmi-framework#Source_undp,http://purl.org/dmi-framework#Prov_carried_forward
IND,2024,developing,C2,0.57,carried_forward,undp,curated_snapshot,acquire,http://purl.org/dmi-framework#SE_C2_IND_2024,http://purl.org/dmi-framework#Ind_C2,http://purl.org/dmi-framework#Country_IND,http://purl.org/dmi-framework#Phase_Acquire,http://purl.org/dmi-framework#Source_undp,http://purl.org/dmi-framework#Prov_carried_forward
IND,2025,developing,C2,,missing,undp,curated_snapshot,acquire,http://purl.org/dmi-framework#SE_C2_IND_2025,http://purl.org/dmi-framework#Ind_C2,http://purl.org/dmi-framework#Country_IND,http://purl.org/dmi-framework#Phase_Acquire,http://purl.org/dmi-framework#Source_undp,http://purl.org/dmi-framework#Prov_missing
MKD,2012,balkan,C2,0.68,official,undp,curated_snapshot,acquire,http://purl.org/dmi-framework#SE_C2_MKD_2012,http://purl.org/dmi-framework#Ind_C2,http://purl.org/dmi-framework#Country_MKD,http://purl.org/dmi-framework#Phase_Acquire,http://purl.org/dmi-framework#Source_undp,http://purl.org/dmi-framework#Prov_official
MKD,2013,balkan,C2,0.68,carried_forward,undp,curated_snapshot,acquire,http://purl.org/dmi-framework#SE_C2_MKD_2013,http://purl.org/dmi-framework#Ind_C2,http://purl.org/dmi-framework#Country_MKD,http://purl.org/dmi-framework#Phase_Acquire,http://purl.org/dmi-framework#Source_undp,http://purl.org/dmi-framework#Prov_carried_forward
MKD,2014,balkan,C2,0.68,carried_forward,undp,curated_snapshot,acquire,http://purl.org/dmi-framework#SE_C2_MKD_2014,http://purl.org/dmi-framework#Ind_C2,http://purl.org/dmi-framework#Country_MKD,http://purl.org/dmi-framework#Phase_Acquire,http://purl.org/dmi-framework#Source_undp,http://purl.org/dmi-framework#Prov_carried_forward
MKD,2015,balkan,C2,0.692,official,undp,curated_snapshot,acquire,http://purl.org/dmi-framework#SE_C2_MKD_2015,http://purl.org/dmi-framework#Ind_C2,http://purl.org/dmi-framework#Country_MKD,http://purl.org/dmi-framework#Phase_Acquire,http://purl.org/dmi-framework#Source_undp,http://purl.org/dmi-framework#Prov_official
MKD,2016,balkan,C2,0.692,carried_forward,undp,curated_snapshot,acquire,http://purl.org/dmi-framework#SE_C2_MKD_2016,http://purl.org/dmi-framework#Ind_C2,http://purl.org/dmi-framework#Country_MKD,http://purl.org/dmi-framework#Phase_Acquire,http://purl.org/dmi-framework#Source_undp,http://purl.org/dmi-framework#Prov_carried_forward
MKD,2017,balkan,C2,0.692,carried_forward,undp,curated_snapshot,acquire,http://purl.org/dmi-framework#SE_C2_MKD_2017,http://purl.org/dmi-framework#Ind_C2,http://purl.org/dmi-framework#Country_MKD,http://purl.org/dmi-framework#Phase_Acquire,http://purl.org/dmi-framework#Source_undp,http://purl.org/dmi-framework#Prov_carried_forward
MKD,2018,balkan,C2,0.698,official,undp,curated_snapshot,acquire,http://purl.org/dmi-framework#SE_C2_MKD_2018,http://purl.org/dmi-framework#Ind_C2,http://purl.org/dmi-framework#Country_MKD,http://purl.org/dmi-framework#Phase_Acquire,http://purl.org/dmi-framework#Source_undp,http://purl.org/dmi-framework#Prov_official
MKD,2019,balkan,C2,0.698,official,undp,curated_snapshot,acquire,http://purl.org/dmi-framework#SE_C2_MKD_2019,http://purl.org/dmi-framework#Ind_C2,http://purl.org/dmi-framework#Country_MKD,http://purl.org/dmi-framework#Phase_Acquire,http://purl.org/dmi-framework#Source_undp,http://purl.org/dmi-framework#Prov_official
MKD,2020,balkan,C2,0.698,carried_forward,undp,curated_snapshot,acquire,http://purl.org/dmi-framework#SE_C2_MKD_2020,http://purl.org/dmi-framework#Ind_C2,http://purl.org/dmi-framework#Country_MKD,http://purl.org/dmi-framework#Phase_Acquire,http://purl.org/dmi-framework#Source_undp,http://purl.org/dmi-framework#Prov_carried_forward
MKD,2021,balkan,C2,0.704,official,undp,curated_snapshot,acquire,http://purl.org/dmi-framework#SE_C2_MKD_2021,http://purl.org/dmi-framework#Ind_C2,http://purl.org/dmi-framework#Country_MKD,http://purl.org/dmi-framework#Phase_Acquire,http://purl.org/dmi-framework#Source_undp,http://purl.org/dmi-framework#Prov_official
MKD,2022,balkan,C2,0.706,official,undp,curated_snapshot,acquire,http://purl.org/dmi-framework#SE_C2_MKD_2022,http://purl.org/dmi-framework#Ind_C2,http://purl.org/dmi-framework#Country_MKD,http://purl.org/dmi-framework#Phase_Acquire,http://purl.org/dmi-framework#Source_undp,http://purl.org/dmi-framework#Prov_official
MKD,2023,balkan,C2,0.706,carried_forward,undp,curated_snapshot,acquire,http://purl.org/dmi-framework#SE_C2_MKD_2023,http://purl.org/dmi-framework#Ind_C2,http://purl.org/dmi-framework#Country_MKD,http://purl.org/dmi-framework#Phase_Acquire,http://purl.org/dmi-framework#Source_undp,http://purl.org/dmi-framework#Prov_carried_forward
MKD,2024,balkan,C2,0.706,carried_forward,undp,curated_snapshot,acquire,http://purl.org/dmi-framework#SE_C2_MKD_2024,http://purl.org/dmi-framework#Ind_C2,http://purl.org/dmi-framework#Country_MKD,http://purl.org/dmi-framework#Phase_Acquire,http://purl.org/dmi-framework#Source_undp,http://purl.org/dmi-framework#Prov_carried_forward
MKD,2025,balkan,C2,,missing,undp,curated_snapshot,acquire,http://purl.org/dmi-framework#SE_C2_MKD_2025,http://purl.org/dmi-framework#Ind_C2,http://purl.org/dmi-framework#Country_MKD,http://purl.org/dmi-framework#Phase_Acquire,http://purl.org/dmi-framework#Source_undp,http://purl.org/dmi-framework#Prov_missing
SRB,2012,balkan,C2,0.76,official,undp,curated_snapshot,acquire,http://purl.org/dmi-framework#SE_C2_SRB_2012,http://purl.org/dmi-framework#Ind_C2,http://purl.org/dmi-framework#Country_SRB,http://purl.org/dmi-framework#Phase_Acquire,http://purl.org/dmi-framework#Source_undp,http://purl.org/dmi-framework#Prov_official
SRB,2013,balkan,C2,0.76,carried_forward,undp,curated_snapshot,acquire,http://purl.org/dmi-framework#SE_C2_SRB_2013,http://purl.org/dmi-framework#Ind_C2,http://purl.org/dmi-framework#Country_SRB,http://purl.org/dmi-framework#Phase_Acquire,http://purl.org/dmi-framework#Source_undp,http://purl.org/dmi-framework#Prov_carried_forward
SRB,2014,balkan,C2,0.76,carried_forward,undp,curated_snapshot,acquire,http://purl.org/dmi-framework#SE_C2_SRB_2014,http://purl.org/dmi-framework#Ind_C2,http://purl.org/dmi-framework#Country_SRB,http://purl.org/dmi-framework#Phase_Acquire,http://purl.org/dmi-framework#Source_undp,http://purl.org/dmi-framework#Prov_carried_forward
SRB,2015,balkan,C2,0.77,official,undp,curated_snapshot,acquire,http://purl.org/dmi-framework#SE_C2_SRB_2015,http://purl.org/dmi-framework#Ind_C2,http://purl.org/dmi-framework#Country_SRB,http://purl.org/dmi-framework#Phase_Acquire,http://purl.org/dmi-framework#Source_undp,http://purl.org/dmi-framework#Prov_official
SRB,2016,balkan,C2,0.77,carried_forward,undp,curated_snapshot,acquire,http://purl.org/dmi-framework#SE_C2_SRB_2016,http://purl.org/dmi-framework#Ind_C2,http://purl.org/dmi-framework#Country_SRB,http://purl.org/dmi-framework#Phase_Acquire,http://purl.org/dmi-framework#Source_undp,http://purl.org/dmi-framework#Prov_carried_forward
SRB,2017,balkan,C2,0.77,carried_forward,undp,curated_snapshot,acquire,http://purl.org/dmi-framework#SE_C2_SRB_2017,http://purl.org/dmi-framework#Ind_C2,http://purl.org/dmi-framework#Country_SRB,http://purl.org/dmi-framework#Phase_Acquire,http://purl.org/dmi-framework#Source_undp,http://purl.org/dmi-framework#Prov_carried_forward
SRB,2018,balkan,C2,0.783,official,undp,curated_snapshot,acquire,http://purl.org/dmi-framework#SE_C2_SRB_2018,http://purl.org/dmi-framework#Ind_C2,http://purl.org/dmi-framework#Country_SRB,http://purl.org/dmi-framework#Phase_Acquire,http://purl.org/dmi-framework#Source_undp,http://purl.org/dmi-framework#Prov_official
SRB,2019,balkan,C2,0.783,official,undp,curated_snapshot,acquire,http://purl.org/dmi-framework#SE_C2_SRB_2019,http://purl.org/dmi-framework#Ind_C2,http://purl.org/dmi-framework#Country_SRB,http://purl.org/dmi-framework#Phase_Acquire,http://purl.org/dmi-framework#Source_undp,http://purl.org/dmi-framework#Prov_official
SRB,2020,balkan,C2,0.783,carried_forward,undp,curated_snapshot,acquire,http://purl.org/dmi-framework#SE_C2_SRB_2020,http://purl.org/dmi-framework#Ind_C2,http://purl.org/dmi-framework#Country_SRB,http://purl.org/dmi-framework#Phase_Acquire,http://purl.org/dmi-framework#Source_undp,http://purl.org/dmi-framework#Prov_carried_forward
SRB,2021,balkan,C2,0.778,official,undp,curated_snapshot,acquire,http://purl.org/dmi-framework#SE_C2_SRB_2021,http://purl.org/dmi-framework#Ind_C2,http://purl.org/dmi-framework#Country_SRB,http://purl.org/dmi-framework#Phase_Acquire,http://purl.org/dmi-framework#Source_undp,http://purl.org/dmi-framework#Prov_official
SRB,2022,balkan,C2,0.78,official,undp,curated_snapshot,acquire,http://purl.org/dmi-framework#SE_C2_SRB_2022,http://purl.org/dmi-framework#Ind_C2,http://purl.org/dmi-framework#Country_SRB,http://purl.org/dmi-framework#Phase_Acquire,http://purl.org/dmi-framework#Source_undp,http://purl.org/dmi-framework#Prov_official
SRB,2023,balkan,C2,0.78,carried_forward,undp,curated_snapshot,acquire,http://purl.org/dmi-framework#SE_C2_SRB_2023,http://purl.org/dmi-framework#Ind_C2,http://purl.org/dmi-framework#Country_SRB,http://purl.org/dmi-framework#Phase_Acquire,http://purl.org/dmi-framework#Source_undp,http://purl.org/dmi-framework#Prov_carried_forward
SRB,2024,balkan,C2,0.78,carried_forward,undp,curated_snapshot,acquire,http://purl.org/dmi-framework#SE_C2_SRB_2024,http://purl.org/dmi-framework#Ind_C2,http://purl.org/dmi-framework#Country_SRB,http://purl.org/dmi-framework#Phase_Acquire,http://purl.org/dmi-framework#Source_undp,http://purl.org/dmi-framework#Prov_carried_forward
SRB,2025,balkan,C2,,missing,undp,curated_snapshot,acquire,http://purl.org/dmi-framework#SE_C2_SRB_2025,http://purl.org/dmi-framework#Ind_C2,http://purl.org/dmi-framework#Country_SRB,http://purl.org/dmi-framework#Phase_Acquire,http://purl.org/dmi-framework#Source_undp,http://purl.org/dmi-framework#Prov_missing
SVN,2012,balkan,C2,0.886,official,undp,curated_snapshot,acquire,http://purl.org/dmi-framework#SE_C2_SVN_2012,http://purl.org/dmi-framework#Ind_C2,http://purl.org/dmi-framework#Country_SVN,http://purl.org/dmi-framework#Phase_Acquire,http://purl.org/dmi-framework#Source_undp,http://purl.org/dmi-framework#Prov_official
SVN,2013,balkan,C2,0.886,carried_forward,undp,curated_snapshot,acquire,http://purl.org/dmi-framework#SE_C2_SVN_2013,http://purl.org/dmi-framework#Ind_C2,http://purl.org/dmi-framework#Country_SVN,http://purl.org/dmi-framework#Phase_Acquire,http://purl.org/dmi-framework#Source_undp,http://purl.org/dmi-framework#Prov_carried_forward
SVN,2014,balkan,C2,0.886,carried_forward,undp,curated_snapshot,acquire,http://purl.org/dmi-framework#SE_C2_SVN_2014,http://purl.org/dmi-framework#Ind_C2,http://purl.org/dmi-framework#Country_SVN,http://purl.org/dmi-framework#Phase_Acquire,http://purl.org/dmi-framework#Source_undp,http://purl.org/dmi-framework#Prov_carried_forward
SVN,2015,balkan,C2,0.894,official,undp,curated_snapshot,acquire,http://purl.org/dmi-framework#SE_C2_SVN_2015,http://purl.org/dmi-framework#Ind_C2,http://purl.org/dmi-framework#Country_SVN,http://purl.org/dmi-framework#Phase_Acquire,http://purl.org/dmi-framework#Source_undp,http://purl.org/dmi-framework#Prov_official
SVN,2016,balkan,C2,0.894,carried_forward,undp,curated_snapshot,acquire,http://purl.org/dmi-framework#SE_C2_SVN_2016,http://purl.org/dmi-framework#Ind_C2,http://purl.org/dmi-framework#Country_SVN,http://purl.org/dmi-framework#Phase_Acquire,http://purl.org/dmi-framework#Source_undp,http://purl.org/dmi-framework#Prov_carried_forward
SVN,2017,balkan,C2,0.894,carried_forward,undp,curated_snapshot,acquire,http://purl.org/dmi-framework#SE_C2_SVN_2017,http://purl.org/dmi-framework#Ind_C2,http://purl.org/dmi-framework#Country_SVN,http://purl.org/dmi-framework#Phase_Acquire,http://purl.org/dmi-framework#Source_undp,http://purl.org/dmi-framework#Prov_carried_forward
SVN,2018,balkan,C2,0.907,official,undp,curated_snapshot,acquire,http://purl.org/dmi-framework#SE_C2_SVN_2018,http://purl.org/dmi-framework#Ind_C2,http://purl.org/dmi-framework#Country_SVN,http://purl.org/dmi-framework#Phase_Acquire,http://purl.org/dmi-framework#Source_undp,http://purl.org/dmi-framework#Prov_official
SVN,2019,balkan,C2,0.91,official,undp,curated_snapshot,acquire,http://purl.org/dmi-framework#SE_C2_SVN_2019,http://purl.org/dmi-framework#Ind_C2,http://purl.org/dmi-framework#Country_SVN,http://purl.org/dmi-framework#Phase_Acquire,http://purl.org/dmi-framework#Source_undp,http://purl.org/dmi-framework#Prov_official
SVN,2020,balkan,C2,0.91,carried_forward,undp,curated_snapshot,acquire,http://purl.org/dmi-framework#SE_C2_SVN_2020,http://purl.org/dmi-framework#Ind_C2,http://purl.org/dmi-framework#Country_SVN,http://purl.org/dmi-framework#Phase_Acquire,http://purl.org/dmi-framework#Source_undp,http://purl.org/dmi-framework#Prov_carried_forward
SVN,2021,balkan,C2,0.91,official,undp,curated_snapshot,acquire,http://purl.org/dmi-framework#SE_C2_SVN_2021,http://purl.org/dmi-framework#Ind_C2,http://purl.org/dmi-framework#Country_SVN,http://purl.org/dmi-framework#Phase_Acquire,http://purl.org/dmi-framework#Source_undp,http://purl.org/dmi-framework#Prov_official
SVN,2022,balkan,C2,0.912,official,undp,curated_snapshot,acquire,http://purl.org/dmi-framework#SE_C2_SVN_2022,http://purl.org/dmi-framework#Ind_C2,http://purl.org/dmi-framework#Country_SVN,http://purl.org/dmi-framework#Phase_Acquire,http://purl.org/dmi-framework#Source_undp,http://purl.org/dmi-framework#Prov_official
SVN,2023,balkan,C2,0.912,carried_forward,undp,curated_snapshot,acquire,http://purl.org/dmi-framework#SE_C2_SVN_2023,http://purl.org/dmi-framework#Ind_C2,http://purl.org/dmi-framework#Country_SVN,http://purl.org/dmi-framework#Phase_Acquire,http://purl.org/dmi-framework#Source_undp,http://purl.org/dmi-framework#Prov_carried_forward
SVN,2024,balkan,C2,0.912,carried_forward,undp,curated_snapshot,acquire,http://purl.org/dmi-framework#SE_C2_SVN_2024,http://purl.org/dmi-framework#Ind_C2,http://purl.org/dmi-framework#Country_SVN,http://purl.org/dmi-framework#Phase_Acquire,http://purl.org/dmi-framework#Source_undp,http://purl.org/dmi-framework#Prov_carried_forward
SVN,2025,balkan,C2,,missing,undp,curated_snapshot,acquire,http://purl.org/dmi-framework#SE_C2_SVN_2025,http://purl.org/dmi-framework#Ind_C2,http://purl.org/dmi-framework#Country_SVN,http://purl.org/dmi-framework#Phase_Acquire,http://purl.org/dmi-framework#Source_undp,http://purl.org/dmi-framework#Prov_missing
USA,2012,developed_non_eu,C2,0.9,official,undp,curated_snapshot,acquire,http://purl.org/dmi-framework#SE_C2_USA_2012,http://purl.org/dmi-framework#Ind_C2,http://purl.org/dmi-framework#Country_USA,http://purl.org/dmi-framework#Phase_Acquire,http://purl.org/dmi-framework#Source_undp,http://purl.org/dmi-framework#Prov_official
USA,2013,developed_non_eu,C2,0.9,carried_forward,undp,curated_snapshot,acquire,http://purl.org/dmi-framework#SE_C2_USA_2013,http://purl.org/dmi-framework#Ind_C2,http://purl.org/dmi-framework#Country_USA,http://purl.org/dmi-framework#Phase_Acquire,http://purl.org/dmi-framework#Source_undp,http://purl.org/dmi-framework#Prov_carried_forward
USA,2014,developed_non_eu,C2,0.9,carried_forward,undp,curated_snapshot,acquire,http://purl.org/dmi-framework#SE_C2_USA_2014,http://purl.org/dmi-framework#Ind_C2,http://purl.org/dmi-framework#Country_USA,http://purl.org/dmi-framework#Phase_Acquire,http://purl.org/dmi-framework#Source_undp,http://purl.org/dmi-framework#Prov_carried_forward
USA,2015,developed_non_eu,C2,0.9,official,undp,curated_snapshot,acquire,http://purl.org/dmi-framework#SE_C2_USA_2015,http://purl.org/dmi-framework#Ind_C2,http://purl.org/dmi-framework#Country_USA,http://purl.org/dmi-framework#Phase_Acquire,http://purl.org/dmi-framework#Source_undp,http://purl.org/dmi-framework#Prov_official
USA,2016,developed_non_eu,C2,0.9,carried_forward,undp,curated_snapshot,acquire,http://purl.org/dmi-framework#SE_C2_USA_2016,http://purl.org/dmi-framework#Ind_C2,http://purl.org/dmi-framework#Country_USA,http://purl.org/dmi-framework#Phase_Acquire,http://purl.org/dmi-framework#Source_undp,http://purl.org/dmi-framework#Prov_carried_forward
USA,2017,developed_non_eu,C2,0.9,carried_forward,undp,curated_snapshot,acquire,http://purl.org/dmi-framework#SE_C2_USA_2017,http://purl.org/dmi-framework#Ind_C2,http://purl.org/dmi-framework#Country_USA,http://purl.org/dmi-framework#Phase_Acquire,http://purl.org/dmi-framework#Source_undp,http://purl.org/dmi-framework#Prov_carried_forward
USA,2018,developed_non_eu,C2,0.903,official,undp,curated_snapshot,acquire,http://purl.org/dmi-framework#SE_C2_USA_2018,http://purl.org/dmi-framework#Ind_C2,http://purl.org/dmi-framework#Country_USA,http://purl.org/dmi-framework#Phase_Acquire,http://purl.org/dmi-framework#Source_undp,http://purl.org/dmi-framework#Prov_official
USA,2019,developed_non_eu,C2,0.9,official,undp,curated_snapshot,acquire,http://purl.org/dmi-framework#SE_C2_USA_2019,http://purl.org/dmi-framework#Ind_C2,http://purl.org/dmi-framework#Country_USA,http://purl.org/dmi-framework#Phase_Acquire,http://purl.org/dmi-framework#Source_undp,http://purl.org/dmi-framework#Prov_official
USA,2020,developed_non_eu,C2,0.9,carried_forward,undp,curated_snapshot,acquire,http://purl.org/dmi-framework#SE_C2_USA_2020,http://purl.org/dmi-framework#Ind_C2,http://purl.org/dmi-framework#Country_USA,http://purl.org/dmi-framework#Phase_Acquire,http://purl.org/dmi-framework#Source_undp,http://purl.org/dmi-framework#Prov_carried_forward
USA,2021,developed_non_eu,C2,0.9,official,undp,curated_snapshot,acquire,http://purl.org/dmi-framework#SE_C2_USA_2021,http://purl.org/dmi-framework#Ind_C2,http://purl.org/dmi-framework#Country_USA,http://purl.org/dmi-framework#Phase_Acquire,http://purl.org/dmi-framework#Source_undp,http://purl.org/dmi-framework#Prov_official
USA,2022,developed_non_eu,C2,0.903,official,undp,curated_snapshot,acquire,http://purl.org/dmi-framework#SE_C2_USA_2022,http://purl.org/dmi-framework#Ind_C2,http://purl.org/dmi-framework#Country_USA,http://purl.org/dmi-framework#Phase_Acquire,http://purl.org/dmi-framework#Source_undp,http://purl.org/dmi-framework#Prov_official
USA,2023,developed_non_eu,C2,0.903,carried_forward,undp,curated_snapshot,acquire,http://purl.org/dmi-framework#SE_C2_USA_2023,http://purl.org/dmi-framework#Ind_C2,http://purl.org/dmi-framework#Country_USA,http://purl.org/dmi-framework#Phase_Acquire,http://purl.org/dmi-framework#Source_undp,http://purl.org/dmi-framework#Prov_carried_forward
USA,2024,developed_non_eu,C2,0.903,carried_forward,undp,curated_snapshot,acquire,http://purl.org/dmi-framework#SE_C2_USA_2024,http://purl.org/dmi-framework#Ind_C2,http://purl.org/dmi-framework#Country_USA,http://purl.org/dmi-framework#Phase_Acquire,http://purl.org/dmi-framework#Source_undp,http://purl.org/dmi-framework#Prov_carried_forward
USA,2025,developed_non_eu,C2,,missing,undp,curated_snapshot,acquire,http://purl.org/dmi-framework#SE_C2_USA_2025,http://purl.org/dmi-framework#Ind_C2,http://purl.org/dmi-framework#Country_USA,http://purl.org/dmi-framework#Phase_Acquire,http://purl.org/dmi-framework#Source_undp,http://purl.org/dmi-framework#Prov_missing
ARG,2012,developing,DMI,40.51704167420029,constructed,constructed,constructed,index,http://purl.org/dmi-framework#SE_DMI_ARG_2012,http://purl.org/dmi-framework#Ind_DMI,http://purl.org/dmi-framework#Country_ARG,http://purl.org/dmi-framework#Phase_Index,http://purl.org/dmi-framework#Source_constructed,http://purl.org/dmi-framework#Prov_constructed
ARG,2013,developing,DMI,42.621026286146694,constructed,constructed,constructed,index,http://purl.org/dmi-framework#SE_DMI_ARG_2013,http://purl.org/dmi-framework#Ind_DMI,http://purl.org/dmi-framework#Country_ARG,http://purl.org/dmi-framework#Phase_Index,http://purl.org/dmi-framework#Source_constructed,http://purl.org/dmi-framework#Prov_constructed
ARG,2014,developing,DMI,42.23650505061616,constructed,constructed,constructed,index,http://purl.org/dmi-framework#SE_DMI_ARG_2014,http://purl.org/dmi-framework#Ind_DMI,http://purl.org/dmi-framework#Country_ARG,http://purl.org/dmi-framework#Phase_Index,http://purl.org/dmi-framework#Source_constructed,http://purl.org/dmi-framework#Prov_constructed
ARG,2015,developing,DMI,43.247631650997555,constructed,constructed,constructed,index,http://purl.org/dmi-framework#SE_DMI_ARG_2015,http://purl.org/dmi-framework#Ind_DMI,http://purl.org/dmi-framework#Country_ARG,http://purl.org/dmi-framework#Phase_Index,http://purl.org/dmi-framework#Source_constructed,http://purl.org/dmi-framework#Prov_constructed
ARG,2016,developing,DMI,53.38936264786946,constructed,constructed,constructed,index,http://purl.org/dmi-framework#SE_DMI_ARG_2016,http://purl.org/dmi-framework#Ind_DMI,http://purl.org/dmi-framework#Country_ARG,http://purl.org/dmi-framework#Phase_Index,http://purl.org/dmi-framework#Source_constructed,http://purl.org/dmi-framework#Prov_constructed
ARG,2017,developing,DMI,47.457842782748735,constructed,constructed,constructed,index,http://purl.org/dmi-framework#SE_DMI_ARG_2017,http://purl.org/dmi-framework#Ind_DMI,http://purl.org/dmi-framework#Country_ARG,http://purl.org/dmi-framework#Phase_Index,http://purl.org/dmi-framework#Source_constructed,http://purl.org/dmi-framework#Prov_constructed
ARG,2018,developing,DMI,49.056966807912495,constructed,constructed,constructed,index,http://purl.org/dmi-framework#SE_DMI_ARG_2018,http://purl.org/dmi-framework#Ind_DMI,http://purl.org/dmi-framework#Country_ARG,http://purl.org/dmi-framework#Phase_Index,http://purl.org/dmi-framework#Source_constructed,http://purl.org/dmi-framework#Prov_constructed
ARG,2019,developing,DMI,48.95859925031074,constructed,constructed,constructed,index,http://purl.org/dmi-framework#SE_DMI_ARG_2019,http://purl.org/dmi-framework#Ind_DMI,http://purl.org/dmi-framework#Country_ARG,http://purl.org/dmi-framework#Phase_Index,http://purl.org/dmi-framework#Source_constructed,http://purl.org/dmi-framework#Prov_constructed
ARG,2020,developing,DMI,54.24712429114341,constructed,constructed,constructed,index,http://purl.org/dmi-framework#SE_DMI_ARG_2020,http://purl.org/dmi-framework#Ind_DMI,http://purl.org/dmi-framework#Country_ARG,http://purl.org/dmi-framework#Phase_Index,http://purl.org/dmi-framework#Source_constructed,http://purl.org/dmi-framework#Prov_constructed
ARG,2021,developing,DMI,56.79737971857144,constructed,constructed,constructed,index,http://purl.org/dmi-framework#SE_DMI_ARG_2021,http://purl.org/dmi-framework#Ind_DMI,http://purl.org/dmi-framework#Country_ARG,http://purl.org/dmi-framework#Phase_Index,http://purl.org/dmi-framework#Source_constructed,http://purl.org/dmi-framework#Prov_constructed
ARG,2022,developing,DMI,56.85899881087809,constructed,constructed,constructed,index,http://purl.org/dmi-framework#SE_DMI_ARG_2022,http://purl.org/dmi-framework#Ind_DMI,http://purl.org/dmi-framework#Country_ARG,http://purl.org/dmi-framework#Phase_Index,http://purl.org/dmi-framework#Source_constructed,http://purl.org/dmi-framework#Prov_constructed
ARG,2023,developing,DMI,58.46442573240353,constructed,constructed,constructed,index,http://purl.org/dmi-framework#SE_DMI_ARG_2023,http://purl.org/dmi-framework#Ind_DMI,http://purl.org/dmi-framework#Country_ARG,http://purl.org/dmi-framework#Phase_Index,http://purl.org/dmi-framework#Source_constructed,http://purl.org/dmi-framework#Prov_constructed
ARG,2024,developing,DMI,60.177677410251626,constructed,constructed,constructed,index,http://purl.org/dmi-framework#SE_DMI_ARG_2024,http://purl.org/dmi-framework#Ind_DMI,http://purl.org/dmi-framework#Country_ARG,http://purl.org/dmi-framework#Phase_Index,http://purl.org/dmi-framework#Source_constructed,http://purl.org/dmi-framework#Prov_constructed
ARG,2025,developing,DMI,60.16688683225659,constructed,constructed,constructed,index,http://purl.org/dmi-framework#SE_DMI_ARG_2025,http://purl.org/dmi-framework#Ind_DMI,http://purl.org/dmi-framework#Country_ARG,http://purl.org/dmi-framework#Phase_Index,http://purl.org/dmi-framework#Source_constructed,http://purl.org/dmi-framework#Prov_constructed
AUS,2012,developed_non_eu,DMI,64.72788026918673,constructed,constructed,constructed,index,http://purl.org/dmi-framework#SE_DMI_AUS_2012,http://purl.org/dmi-framework#Ind_DMI,http://purl.org/dmi-framework#Country_AUS,http://purl.org/dmi-framework#Phase_Index,http://purl.org/dmi-framework#Source_constructed,http://purl.org/dmi-framework#Prov_constructed
AUS,2013,developed_non_eu,DMI,66.02872202537887,constructed,constructed,constructed,index,http://purl.org/dmi-framework#SE_DMI_AUS_2013,http://purl.org/dmi-framework#Ind_DMI,http://purl.org/dmi-framework#Country_AUS,http://purl.org/dmi-framework#Phase_Index,http://purl.org/dmi-framework#Source_constructed,http://purl.org/dmi-framework#Prov_constructed
AUS,2014,developed_non_eu,DMI,69.5129572496889,constructed,constructed,constructed,index,http://purl.org/dmi-framework#SE_DMI_AUS_2014,http://purl.org/dmi-framework#Ind_DMI,http://purl.org/dmi-framework#Country_AUS,http://purl.org/dmi-framework#Phase_Index,http://purl.org/dmi-framework#Source_constructed,http://purl.org/dmi-framework#Prov_constructed
AUS,2015,developed_non_eu,DMI,69.35215563732694,constructed,constructed,constructed,index,http://purl.org/dmi-framework#SE_DMI_AUS_2015,http://purl.org/dmi-framework#Ind_DMI,http://purl.org/dmi-framework#Country_AUS,http://purl.org/dmi-framework#Phase_Index,http://purl.org/dmi-framework#Source_constructed,http://purl.org/dmi-framework#Prov_constructed
AUS,2016,developed_non_eu,DMI,70.9885795447654,constructed,constructed,constructed,index,http://purl.org/dmi-framework#SE_DMI_AUS_2016,http://purl.org/dmi-framework#Ind_DMI,http://purl.org/dmi-framework#Country_AUS,http://purl.org/dmi-framework#Phase_Index,http://purl.org/dmi-framework#Source_constructed,http://purl.org/dmi-framework#Prov_constructed
AUS,2017,developed_non_eu,DMI,71.20383667387654,constructed,constructed,constructed,index,http://purl.org/dmi-framework#SE_DMI_AUS_2017,http://purl.org/dmi-framework#Ind_DMI,http://purl.org/dmi-framework#Country_AUS,http://purl.org/dmi-framework#Phase_Index,http://purl.org/dmi-framework#Source_constructed,http://purl.org/dmi-framework#Prov_constructed
AUS,2018,developed_non_eu,DMI,72.23880907112228,constructed,constructed,constructed,index,http://purl.org/dmi-framework#SE_DMI_AUS_2018,http://purl.org/dmi-framework#Ind_DMI,http://purl.org/dmi-framework#Country_AUS,http://purl.org/dmi-framework#Phase_Index,http://purl.org/dmi-framework#Source_constructed,http://purl.org/dmi-framework#Prov_constructed
AUS,2019,developed_non_eu,DMI,73.13561206227975,constructed,constructed,constructed,index,http://purl.org/dmi-framework#SE_DMI_AUS_2019,http://purl.org/dmi-framework#Ind_DMI,http://purl.org/dmi-framework#Country_AUS,http://purl.org/dmi-framework#Phase_Index,http://purl.org/dmi-framework#Source_constructed,http://purl.org/dmi-framework#Prov_constructed
AUS,2020,developed_non_eu,DMI,70.11012488325798,constructed,constructed,constructed,index,http://purl.org/dmi-framework#SE_DMI_AUS_2020,http://purl.org/dmi-framework#Ind_DMI,http://purl.org/dmi-framework#Country_AUS,http://purl.org/dmi-framework#Phase_Index,http://purl.org/dmi-framework#Source_constructed,http://purl.org/dmi-framework#Prov_constructed
AUS,2021,developed_non_eu,DMI,71.00214261251666,constructed,constructed,constructed,index,http://purl.org/dmi-framework#SE_DMI_AUS_2021,http://purl.org/dmi-framework#Ind_DMI,http://purl.org/dmi-framework#Country_AUS,http://purl.org/dmi-framework#Phase_Index,http://purl.org/dmi-framework#Source_constructed,http://purl.org/dmi-framework#Prov_constructed
AUS,2022,developed_non_eu,DMI,71.08833928057635,constructed,constructed,constructed,index,http://purl.org/dmi-framework#SE_DMI_AUS_2022,http://purl.org/dmi-framework#Ind_DMI,http://purl.org/dmi-framework#Country_AUS,http://purl.org/dmi-framework#Phase_Index,http://purl.org/dmi-framework#Source_constructed,http://purl.org/dmi-framework#Prov_constructed
AUS,2023,developed_non_eu,DMI,74.44336016961951,constructed,constructed,constructed,index,http://purl.org/dmi-framework#SE_DMI_AUS_2023,http://purl.org/dmi-framework#Ind_DMI,http://purl.org/dmi-framework#Country_AUS,http://purl.org/dmi-framework#Phase_Index,http://purl.org/dmi-framework#Source_constructed,http://purl.org/dmi-framework#Prov_constructed
AUS,2024,developed_non_eu,DMI,74.68478492803831,constructed,constructed,constructed,index,http://purl.org/dmi-framework#SE_DMI_AUS_2024,http://purl.org/dmi-framework#Ind_DMI,http://purl.org/dmi-framework#Country_AUS,http://purl.org/dmi-framework#Phase_Index,http://purl.org/dmi-framework#Source_constructed,http://purl.org/dmi-framework#Prov_constructed
AUS,2025,developed_non_eu,DMI,74.76960491421364,constructed,constructed,constructed,index,http://purl.org/dmi-framework#SE_DMI_AUS_2025,http://purl.org/dmi-framework#Ind_DMI,http://purl.org/dmi-framework#Country_AUS,http://purl.org/dmi-framework#Phase_Index,http://purl.org/dmi-framework#Source_constructed,http://purl.org/dmi-framework#Prov_constructed
BRA,2012,developing,DMI,35.28294589215956,constructed,constructed,constructed,index,http://purl.org/dmi-framework#SE_DMI_BRA_2012,http://purl.org/dmi-framework#Ind_DMI,http://purl.org/dmi-framework#Country_BRA,http://purl.org/dmi-framework#Phase_Index,http://purl.org/dmi-framework#Source_constructed,http://purl.org/dmi-framework#Prov_constructed
BRA,2013,developing,DMI,37.37551575125133,constructed,constructed,constructed,index,http://purl.org/dmi-framework#SE_DMI_BRA_2013,http://purl.org/dmi-framework#Ind_DMI,http://purl.org/dmi-framework#Country_BRA,http://purl.org/dmi-framework#Phase_Index,http://purl.org/dmi-framework#Source_constructed,http://purl.org/dmi-framework#Prov_constructed
BRA,2014,developing,DMI,38.04980026747927,constructed,constructed,constructed,index,http://purl.org/dmi-framework#SE_DMI_BRA_2014,http://purl.org/dmi-framework#Ind_DMI,http://purl.org/dmi-framework#Country_BRA,http://purl.org/dmi-framework#Phase_Index,http://purl.org/dmi-framework#Source_constructed,http://purl.org/dmi-framework#Prov_constructed
BRA,2015,developing,DMI,37.86173051249823,constructed,constructed,constructed,index,http://purl.org/dmi-framework#SE_DMI_BRA_2015,http://purl.org/dmi-framework#Ind_DMI,http://purl.org/dmi-framework#Country_BRA,http://purl.org/dmi-framework#Phase_Index,http://purl.org/dmi-framework#Source_constructed,http://purl.org/dmi-framework#Prov_constructed
BRA,2016,developing,DMI,44.265049001390985,constructed,constructed,constructed,index,http://purl.org/dmi-framework#SE_DMI_BRA_2016,http://purl.org/dmi-framework#Ind_DMI,http://purl.org/dmi-framework#Country_BRA,http://purl.org/dmi-framework#Phase_Index,http://purl.org/dmi-framework#Source_constructed,http://purl.org/dmi-framework#Prov_constructed
BRA,2017,developing,DMI,41.33669624635793,constructed,constructed,constructed,index,http://purl.org/dmi-framework#SE_DMI_BRA_2017,http://purl.org/dmi-framework#Ind_DMI,http://purl.org/dmi-framework#Country_BRA,http://purl.org/dmi-framework#Phase_Index,http://purl.org/dmi-framework#Source_constructed,http://purl.org/dmi-framework#Prov_constructed
BRA,2018,developing,DMI,46.74712326514217,constructed,constructed,constructed,index,http://purl.org/dmi-framework#SE_DMI_BRA_2018,http://purl.org/dmi-framework#Ind_DMI,http://purl.org/dmi-framework#Country_BRA,http://purl.org/dmi-framework#Phase_Index,http://purl.org/dmi-framework#Source_constructed,http://purl.org/dmi-framework#Prov_constructed
BRA,2019,developing,DMI,47.255149896833984,constructed,constructed,constructed,index,http://purl.org/dmi-framework#SE_DMI_BRA_2019,http://purl.org/dmi-framework#Ind_DMI,http://purl.org/dmi-framework#Country_BRA,http://purl.org/dmi-framework#Phase_Index,http://purl.org/dmi-framework#Source_constructed,http://purl.org/dmi-framework#Prov_constructed
BRA,2020,developing,DMI,46.382748182075375,constructed,constructed,constructed,index,http://purl.org/dmi-framework#SE_DMI_BRA_2020,http://purl.org/dmi-framework#Ind_DMI,http://purl.org/dmi-framework#Country_BRA,http://purl.org/dmi-framework#Phase_Index,http://purl.org/dmi-framework#Source_constructed,http://purl.org/dmi-framework#Prov_constructed
BRA,2021,developing,DMI,47.83230395996064,constructed,constructed,constructed,index,http://purl.org/dmi-framework#SE_DMI_BRA_2021,http://purl.org/dmi-framework#Ind_DMI,http://purl.org/dmi-framework#Country_BRA,http://purl.org/dmi-framework#Phase_Index,http://purl.org/dmi-framework#Source_constructed,http://purl.org/dmi-framework#Prov_constructed
BRA,2022,developing,DMI,50.707612101124525,constructed,constructed,constructed,index,http://purl.org/dmi-framework#SE_DMI_BRA_2022,http://purl.org/dmi-framework#Ind_DMI,http://purl.org/dmi-framework#Country_BRA,http://purl.org/dmi-framework#Phase_Index,http://purl.org/dmi-framework#Source_constructed,http://purl.org/dmi-framework#Prov_constructed
BRA,2023,developing,DMI,55.33154060664353,constructed,constructed,constructed,index,http://purl.org/dmi-framework#SE_DMI_BRA_2023,http://purl.org/dmi-framework#Ind_DMI,http://purl.org/dmi-framework#Country_BRA,http://purl.org/dmi-framework#Phase_Index,http://purl.org/dmi-framework#Source_constructed,http://purl.org/dmi-framework#Prov_constructed
BRA,2024,developing,DMI,57.635105642774796,constructed,constructed,constructed,index,http://purl.org/dmi-framework#SE_DMI_BRA_2024,http://purl.org/dmi-framework#Ind_DMI,http://purl.org/dmi-framework#Country_BRA,http://purl.org/dmi-framework#Phase_Index,http://purl.org/dmi-framework#Source_constructed,http://purl.org/dmi-framework#Prov_constructed
BRA,2025,developing,DMI,57.788288670009194,constructed,constructed,constructed,index,http://purl.org/dmi-framework#SE_DMI_BRA_2025,http://purl.org/dmi-framework#Ind_DMI,http://purl.org/dmi-framework#Country_BRA,http://purl.org/dmi-framework#Phase_Index,http://purl.org/dmi-framework#Source_constructed,http://purl.org/dmi-framework#Prov_constructed
CAN,2012,developed_non_eu,DMI,67.54822680984844,constructed,constructed,constructed,index,http://purl.org/dmi-framework#SE_DMI_CAN_2012,http://purl.org/dmi-framework#Ind_DMI,http://purl.org/dmi-framework#Country_CAN,http://purl.org/dmi-framework#Phase_Index,http://purl.org/dmi-framework#Source_constructed,http://purl.org/dmi-framework#Prov_constructed
CAN,2013,developed_non_eu,DMI,68.08798709873506,constructed,constructed,constructed,index,http://purl.org/dmi-framework#SE_DMI_CAN_2013,http://purl.org/dmi-framework#Ind_DMI,http://purl.org/dmi-framework#Country_CAN,http://purl.org/dmi-framework#Phase_Index,http://purl.org/dmi-framework#Source_constructed,http://purl.org/dmi-framework#Prov_constructed
CAN,2014,developed_non_eu,DMI,68.76587505667169,constructed,constructed,constructed,index,http://purl.org/dmi-framework#SE_DMI_CAN_2014,http://purl.org/dmi-framework#Ind_DMI,http://purl.org/dmi-framework#Country_CAN,http://purl.org/dmi-framework#Phase_Index,http://purl.org/dmi-framework#Source_constructed,http://purl.org/dmi-framework#Prov_constructed
CAN,2015,developed_non_eu,DMI,69.80656782581686,constructed,constructed,constructed,index,http://purl.org/dmi-framework#SE_DMI_CAN_2015,http://purl.org/dmi-framework#Ind_DMI,http://purl.org/dmi-framework#Country_CAN,http://purl.org/dmi-framework#Phase_Index,http://purl.org/dmi-framework#Source_constructed,http://purl.org/dmi-framework#Prov_constructed
CAN,2016,developed_non_eu,DMI,67.01689210375731,constructed,constructed,constructed,index,http://purl.org/dmi-framework#SE_DMI_CAN_2016,http://purl.org/dmi-framework#Ind_DMI,http://purl.org/dmi-framework#Country_CAN,http://purl.org/dmi-framework#Phase_Index,http://purl.org/dmi-framework#Source_constructed,http://purl.org/dmi-framework#Prov_constructed
CAN,2017,developed_non_eu,DMI,70.76335078789674,constructed,constructed,constructed,index,http://purl.org/dmi-framework#SE_DMI_CAN_2017,http://purl.org/dmi-framework#Ind_DMI,http://purl.org/dmi-framework#Country_CAN,http://purl.org/dmi-framework#Phase_Index,http://purl.org/dmi-framework#Source_constructed,http://purl.org/dmi-framework#Prov_constructed
CAN,2018,developed_non_eu,DMI,71.72494533065343,constructed,constructed,constructed,index,http://purl.org/dmi-framework#SE_DMI_CAN_2018,http://purl.org/dmi-framework#Ind_DMI,http://purl.org/dmi-framework#Country_CAN,http://purl.org/dmi-framework#Phase_Index,http://purl.org/dmi-framework#Source_constructed,http://purl.org/dmi-framework#Prov_constructed
CAN,2019,developed_non_eu,DMI,71.85412888238233,constructed,constructed,constructed,index,http://purl.org/dmi-framework#SE_DMI_CAN_2019,http://purl.org/dmi-framework#Ind_DMI,http://purl.org/dmi-framework#Country_CAN,http://purl.org/dmi-framework#Phase_Index,http://purl.org/dmi-framework#Source_constructed,http://purl.org/dmi-framework#Prov_constructed
CAN,2020,developed_non_eu,DMI,66.98529987522207,constructed,constructed,constructed,index,http://purl.org/dmi-framework#SE_DMI_CAN_2020,http://purl.org/dmi-framework#Ind_DMI,http://purl.org/dmi-framework#Country_CAN,http://purl.org/dmi-framework#Phase_Index,http://purl.org/dmi-framework#Source_constructed,http://purl.org/dmi-framework#Prov_constructed
CAN,2021,developed_non_eu,DMI,68.13146078595348,constructed,constructed,constructed,index,http://purl.org/dmi-framework#SE_DMI_CAN_2021,http://purl.org/dmi-framework#Ind_DMI,http://purl.org/dmi-framework#Country_CAN,http://purl.org/dmi-framework#Phase_Index,http://purl.org/dmi-framework#Source_constructed,http://purl.org/dmi-framework#Prov_constructed
CAN,2022,developed_non_eu,DMI,68.92596551760712,constructed,constructed,constructed,index,http://purl.org/dmi-framework#SE_DMI_CAN_2022,http://purl.org/dmi-framework#Ind_DMI,http://purl.org/dmi-framework#Country_CAN,http://purl.org/dmi-framework#Phase_Index,http://purl.org/dmi-framework#Source_constructed,http://purl.org/dmi-framework#Prov_constructed
CAN,2023,developed_non_eu,DMI,73.83410908619972,constructed,constructed,constructed,index,http://purl.org/dmi-framework#SE_DMI_CAN_2023,http://purl.org/dmi-framework#Ind_DMI,http://purl.org/dmi-framework#Country_CAN,http://purl.org/dmi-framework#Phase_Index,http://purl.org/dmi-framework#Source_constructed,http://purl.org/dmi-framework#Prov_constructed
CAN,2024,developed_non_eu,DMI,73.5649082585455,constructed,constructed,constructed,index,http://purl.org/dmi-framework#SE_DMI_CAN_2024,http://purl.org/dmi-framework#Ind_DMI,http://purl.org/dmi-framework#Country_CAN,http://purl.org/dmi-framework#Phase_Index,http://purl.org/dmi-framework#Source_constructed,http://purl.org/dmi-framework#Prov_constructed
CAN,2025,developed_non_eu,DMI,73.55882665012467,constructed,constructed,constructed,index,http://purl.org/dmi-framework#SE_DMI_CAN_2025,http://purl.org/dmi-framework#Ind_DMI,http://purl.org/dmi-framework#Country_CAN,http://purl.org/dmi-framework#Phase_Index,http://purl.org/dmi-framework#Source_constructed,http://purl.org/dmi-framework#Prov_constructed
DEU,2012,developed_eu,DMI,70.02337433998167,constructed,constructed,constructed,index,http://purl.org/dmi-framework#SE_DMI_DEU_2012,http://purl.org/dmi-framework#Ind_DMI,http://purl.org/dmi-framework#Country_DEU,http://purl.org/dmi-framework#Phase_Index,http://purl.org/dmi-framework#Source_constructed,http://purl.org/dmi-framework#Prov_constructed
DEU,2013,developed_eu,DMI,71.31821529706727,constructed,constructed,constructed,index,http://purl.org/dmi-framework#SE_DMI_DEU_2013,http://purl.org/dmi-framework#Ind_DMI,http://purl.org/dmi-framework#Country_DEU,http://purl.org/dmi-framework#Phase_Index,http://purl.org/dmi-framework#Source_constructed,http://purl.org/dmi-framework#Prov_constructed
DEU,2014,developed_eu,DMI,70.32509515006288,constructed,constructed,constructed,index,http://purl.org/dmi-framework#SE_DMI_DEU_2014,http://purl.org/dmi-framework#Ind_DMI,http://purl.org/dmi-framework#Country_DEU,http://purl.org/dmi-framework#Phase_Index,http://purl.org/dmi-framework#Source_constructed,http://purl.org/dmi-framework#Prov_constructed
DEU,2015,developed_eu,DMI,70.59028241980057,constructed,constructed,constructed,index,http://purl.org/dmi-framework#SE_DMI_DEU_2015,http://purl.org/dmi-framework#Ind_DMI,http://purl.org/dmi-framework#Country_DEU,http://purl.org/dmi-framework#Phase_Index,http://purl.org/dmi-framework#Source_constructed,http://purl.org/dmi-framework#Prov_constructed
DEU,2016,developed_eu,DMI,72.49964679787172,constructed,constructed,constructed,index,http://purl.org/dmi-framework#SE_DMI_DEU_2016,http://purl.org/dmi-framework#Ind_DMI,http://purl.org/dmi-framework#Country_DEU,http://purl.org/dmi-framework#Phase_Index,http://purl.org/dmi-framework#Source_constructed,http://purl.org/dmi-framework#Prov_constructed
DEU,2017,developed_eu,DMI,77.3782127905284,constructed,constructed,constructed,index,http://purl.org/dmi-framework#SE_DMI_DEU_2017,http://purl.org/dmi-framework#Ind_DMI,http://purl.org/dmi-framework#Country_DEU,http://purl.org/dmi-framework#Phase_Index,http://purl.org/dmi-framework#Source_constructed,http://purl.org/dmi-framework#Prov_constructed
DEU,2018,developed_eu,DMI,80.75199817862642,constructed,constructed,constructed,index,http://purl.org/dmi-framework#SE_DMI_DEU_2018,http://purl.org/dmi-framework#Ind_DMI,http://purl.org/dmi-framework#Country_DEU,http://purl.org/dmi-framework#Phase_Index,http://purl.org/dmi-framework#Source_constructed,http://purl.org/dmi-framework#Prov_constructed
DEU,2019,developed_eu,DMI,81.29332804473663,constructed,constructed,constructed,index,http://purl.org/dmi-framework#SE_DMI_DEU_2019,http://purl.org/dmi-framework#Ind_DMI,http://purl.org/dmi-framework#Country_DEU,http://purl.org/dmi-framework#Phase_Index,http://purl.org/dmi-framework#Source_constructed,http://purl.org/dmi-framework#Prov_constructed
DEU,2020,developed_eu,DMI,77.80070081474169,constructed,constructed,constructed,index,http://purl.org/dmi-framework#SE_DMI_DEU_2020,http://purl.org/dmi-framework#Ind_DMI,http://purl.org/dmi-framework#Country_DEU,http://purl.org/dmi-framework#Phase_Index,http://purl.org/dmi-framework#Source_constructed,http://purl.org/dmi-framework#Prov_constructed
DEU,2021,developed_eu,DMI,78.25708341576978,constructed,constructed,constructed,index,http://purl.org/dmi-framework#SE_DMI_DEU_2021,http://purl.org/dmi-framework#Ind_DMI,http://purl.org/dmi-framework#Country_DEU,http://purl.org/dmi-framework#Phase_Index,http://purl.org/dmi-framework#Source_constructed,http://purl.org/dmi-framework#Prov_constructed
DEU,2022,developed_eu,DMI,78.44430918109686,constructed,constructed,constructed,index,http://purl.org/dmi-framework#SE_DMI_DEU_2022,http://purl.org/dmi-framework#Ind_DMI,http://purl.org/dmi-framework#Country_DEU,http://purl.org/dmi-framework#Phase_Index,http://purl.org/dmi-framework#Source_constructed,http://purl.org/dmi-framework#Prov_constructed
DEU,2023,developed_eu,DMI,79.84289840536874,constructed,constructed,constructed,index,http://purl.org/dmi-framework#SE_DMI_DEU_2023,http://purl.org/dmi-framework#Ind_DMI,http://purl.org/dmi-framework#Country_DEU,http://purl.org/dmi-framework#Phase_Index,http://purl.org/dmi-framework#Source_constructed,http://purl.org/dmi-framework#Prov_constructed
DEU,2024,developed_eu,DMI,83.98175549484475,constructed,constructed,constructed,index,http://purl.org/dmi-framework#SE_DMI_DEU_2024,http://purl.org/dmi-framework#Ind_DMI,http://purl.org/dmi-framework#Country_DEU,http://purl.org/dmi-framework#Phase_Index,http://purl.org/dmi-framework#Source_constructed,http://purl.org/dmi-framework#Prov_constructed
DEU,2025,developed_eu,DMI,83.99789112646609,constructed,constructed,constructed,index,http://purl.org/dmi-framework#SE_DMI_DEU_2025,http://purl.org/dmi-framework#Ind_DMI,http://purl.org/dmi-framework#Country_DEU,http://purl.org/dmi-framework#Phase_Index,http://purl.org/dmi-framework#Source_constructed,http://purl.org/dmi-framework#Prov_constructed
FRA,2012,developed_eu,DMI,68.21539442322761,constructed,constructed,constructed,index,http://purl.org/dmi-framework#SE_DMI_FRA_2012,http://purl.org/dmi-framework#Ind_DMI,http://purl.org/dmi-framework#Country_FRA,http://purl.org/dmi-framework#Phase_Index,http://purl.org/dmi-framework#Source_constructed,http://purl.org/dmi-framework#Prov_constructed
FRA,2013,developed_eu,DMI,68.67809574161659,constructed,constructed,constructed,index,http://purl.org/dmi-framework#SE_DMI_FRA_2013,http://purl.org/dmi-framework#Ind_DMI,http://purl.org/dmi-framework#Country_FRA,http://purl.org/dmi-framework#Phase_Index,http://purl.org/dmi-framework#Source_constructed,http://purl.org/dmi-framework#Prov_constructed
FRA,2014,developed_eu,DMI,71.98298587312662,constructed,constructed,constructed,index,http://purl.org/dmi-framework#SE_DMI_FRA_2014,http://purl.org/dmi-framework#Ind_DMI,http://purl.org/dmi-framework#Country_FRA,http://purl.org/dmi-framework#Phase_Index,http://purl.org/dmi-framework#Source_constructed,http://purl.org/dmi-framework#Prov_constructed
FRA,2015,developed_eu,DMI,71.00042695994097,constructed,constructed,constructed,index,http://purl.org/dmi-framework#SE_DMI_FRA_2015,http://purl.org/dmi-framework#Ind_DMI,http://purl.org/dmi-framework#Country_FRA,http://purl.org/dmi-framework#Phase_Index,http://purl.org/dmi-framework#Source_constructed,http://purl.org/dmi-framework#Prov_constructed
FRA,2016,developed_eu,DMI,69.3843199624804,constructed,constructed,constructed,index,http://purl.org/dmi-framework#SE_DMI_FRA_2016,http://purl.org/dmi-framework#Ind_DMI,http://purl.org/dmi-framework#Country_FRA,http://purl.org/dmi-framework#Phase_Index,http://purl.org/dmi-framework#Source_constructed,http://purl.org/dmi-framework#Prov_constructed
FRA,2017,developed_eu,DMI,72.58406673814125,constructed,constructed,constructed,index,http://purl.org/dmi-framework#SE_DMI_FRA_2017,http://purl.org/dmi-framework#Ind_DMI,http://purl.org/dmi-framework#Country_FRA,http://purl.org/dmi-framework#Phase_Index,http://purl.org/dmi-framework#Source_constructed,http://purl.org/dmi-framework#Prov_constructed
FRA,2018,developed_eu,DMI,74.87017279105106,constructed,constructed,constructed,index,http://purl.org/dmi-framework#SE_DMI_FRA_2018,http://purl.org/dmi-framework#Ind_DMI,http://purl.org/dmi-framework#Country_FRA,http://purl.org/dmi-framework#Phase_Index,http://purl.org/dmi-framework#Source_constructed,http://purl.org/dmi-framework#Prov_constructed
FRA,2019,developed_eu,DMI,75.5336017184505,constructed,constructed,constructed,index,http://purl.org/dmi-framework#SE_DMI_FRA_2019,http://purl.org/dmi-framework#Ind_DMI,http://purl.org/dmi-framework#Country_FRA,http://purl.org/dmi-framework#Phase_Index,http://purl.org/dmi-framework#Source_constructed,http://purl.org/dmi-framework#Prov_constructed
FRA,2020,developed_eu,DMI,72.98935094487233,constructed,constructed,constructed,index,http://purl.org/dmi-framework#SE_DMI_FRA_2020,http://purl.org/dmi-framework#Ind_DMI,http://purl.org/dmi-framework#Country_FRA,http://purl.org/dmi-framework#Phase_Index,http://purl.org/dmi-framework#Source_constructed,http://purl.org/dmi-framework#Prov_constructed
FRA,2021,developed_eu,DMI,74.02415204266838,constructed,constructed,constructed,index,http://purl.org/dmi-framework#SE_DMI_FRA_2021,http://purl.org/dmi-framework#Ind_DMI,http://purl.org/dmi-framework#Country_FRA,http://purl.org/dmi-framework#Phase_Index,http://purl.org/dmi-framework#Source_constructed,http://purl.org/dmi-framework#Prov_constructed
FRA,2022,developed_eu,DMI,74.69697376255593,constructed,constructed,constructed,index,http://purl.org/dmi-framework#SE_DMI_FRA_2022,http://purl.org/dmi-framework#Ind_DMI,http://purl.org/dmi-framework#Country_FRA,http://purl.org/dmi-framework#Phase_Index,http://purl.org/dmi-framework#Source_constructed,http://purl.org/dmi-framework#Prov_constructed
FRA,2023,developed_eu,DMI,76.13509886204955,constructed,constructed,constructed,index,http://purl.org/dmi-framework#SE_DMI_FRA_2023,http://purl.org/dmi-framework#Ind_DMI,http://purl.org/dmi-framework#Country_FRA,http://purl.org/dmi-framework#Phase_Index,http://purl.org/dmi-framework#Source_constructed,http://purl.org/dmi-framework#Prov_constructed
FRA,2024,developed_eu,DMI,76.00143981287722,constructed,constructed,constructed,index,http://purl.org/dmi-framework#SE_DMI_FRA_2024,http://purl.org/dmi-framework#Ind_DMI,http://purl.org/dmi-framework#Country_FRA,http://purl.org/dmi-framework#Phase_Index,http://purl.org/dmi-framework#Source_constructed,http://purl.org/dmi-framework#Prov_constructed
FRA,2025,developed_eu,DMI,75.8993758185406,constructed,constructed,constructed,index,http://purl.org/dmi-framework#SE_DMI_FRA_2025,http://purl.org/dmi-framework#Ind_DMI,http://purl.org/dmi-framework#Country_FRA,http://purl.org/dmi-framework#Phase_Index,http://purl.org/dmi-framework#Source_constructed,http://purl.org/dmi-framework#Prov_constructed
GBR,2012,developed_eu,DMI,77.10833384797311,constructed,constructed,constructed,index,http://purl.org/dmi-framework#SE_DMI_GBR_2012,http://purl.org/dmi-framework#Ind_DMI,http://purl.org/dmi-framework#Country_GBR,http://purl.org/dmi-framework#Phase_Index,http://purl.org/dmi-framework#Source_constructed,http://purl.org/dmi-framework#Prov_constructed
GBR,2013,developed_eu,DMI,78.12793752096974,constructed,constructed,constructed,index,http://purl.org/dmi-framework#SE_DMI_GBR_2013,http://purl.org/dmi-framework#Ind_DMI,http://purl.org/dmi-framework#Country_GBR,http://purl.org/dmi-framework#Phase_Index,http://purl.org/dmi-framework#Source_constructed,http://purl.org/dmi-framework#Prov_constructed
GBR,2014,developed_eu,DMI,78.3601057631948,constructed,constructed,constructed,index,http://purl.org/dmi-framework#SE_DMI_GBR_2014,http://purl.org/dmi-framework#Ind_DMI,http://purl.org/dmi-framework#Country_GBR,http://purl.org/dmi-framework#Phase_Index,http://purl.org/dmi-framework#Source_constructed,http://purl.org/dmi-framework#Prov_constructed
GBR,2015,developed_eu,DMI,78.79162440554788,constructed,constructed,constructed,index,http://purl.org/dmi-framework#SE_DMI_GBR_2015,http://purl.org/dmi-framework#Ind_DMI,http://purl.org/dmi-framework#Country_GBR,http://purl.org/dmi-framework#Phase_Index,http://purl.org/dmi-framework#Source_constructed,http://purl.org/dmi-framework#Prov_constructed
GBR,2016,developed_eu,DMI,79.32122932544108,constructed,constructed,constructed,index,http://purl.org/dmi-framework#SE_DMI_GBR_2016,http://purl.org/dmi-framework#Ind_DMI,http://purl.org/dmi-framework#Country_GBR,http://purl.org/dmi-framework#Phase_Index,http://purl.org/dmi-framework#Source_constructed,http://purl.org/dmi-framework#Prov_constructed
GBR,2017,developed_eu,DMI,81.91100727110555,constructed,constructed,constructed,index,http://purl.org/dmi-framework#SE_DMI_GBR_2017,http://purl.org/dmi-framework#Ind_DMI,http://purl.org/dmi-framework#Country_GBR,http://purl.org/dmi-framework#Phase_Index,http://purl.org/dmi-framework#Source_constructed,http://purl.org/dmi-framework#Prov_constructed
GBR,2018,developed_eu,DMI,81.93282754385038,constructed,constructed,constructed,index,http://purl.org/dmi-framework#SE_DMI_GBR_2018,http://purl.org/dmi-framework#Ind_DMI,http://purl.org/dmi-framework#Country_GBR,http://purl.org/dmi-framework#Phase_Index,http://purl.org/dmi-framework#Source_constructed,http://purl.org/dmi-framework#Prov_constructed
GBR,2019,developed_eu,DMI,82.52373813784669,constructed,constructed,constructed,index,http://purl.org/dmi-framework#SE_DMI_GBR_2019,http://purl.org/dmi-framework#Ind_DMI,http://purl.org/dmi-framework#Country_GBR,http://purl.org/dmi-framework#Phase_Index,http://purl.org/dmi-framework#Source_constructed,http://purl.org/dmi-framework#Prov_constructed
GBR,2020,developed_eu,DMI,82.25342657986714,constructed,constructed,constructed,index,http://purl.org/dmi-framework#SE_DMI_GBR_2020,http://purl.org/dmi-framework#Ind_DMI,http://purl.org/dmi-framework#Country_GBR,http://purl.org/dmi-framework#Phase_Index,http://purl.org/dmi-framework#Source_constructed,http://purl.org/dmi-framework#Prov_constructed
GBR,2021,developed_eu,DMI,82.6051581146735,constructed,constructed,constructed,index,http://purl.org/dmi-framework#SE_DMI_GBR_2021,http://purl.org/dmi-framework#Ind_DMI,http://purl.org/dmi-framework#Country_GBR,http://purl.org/dmi-framework#Phase_Index,http://purl.org/dmi-framework#Source_constructed,http://purl.org/dmi-framework#Prov_constructed
GBR,2022,developed_eu,DMI,80.54467622063811,constructed,constructed,constructed,index,http://purl.org/dmi-framework#SE_DMI_GBR_2022,http://purl.org/dmi-framework#Ind_DMI,http://purl.org/dmi-framework#Country_GBR,http://purl.org/dmi-framework#Phase_Index,http://purl.org/dmi-framework#Source_constructed,http://purl.org/dmi-framework#Prov_constructed
GBR,2023,developed_eu,DMI,79.85125204308991,constructed,constructed,constructed,index,http://purl.org/dmi-framework#SE_DMI_GBR_2023,http://purl.org/dmi-framework#Ind_DMI,http://purl.org/dmi-framework#Country_GBR,http://purl.org/dmi-framework#Phase_Index,http://purl.org/dmi-framework#Source_constructed,http://purl.org/dmi-framework#Prov_constructed
GBR,2024,developed_eu,DMI,82.05423857522565,constructed,constructed,constructed,index,http://purl.org/dmi-framework#SE_DMI_GBR_2024,http://purl.org/dmi-framework#Ind_DMI,http://purl.org/dmi-framework#Country_GBR,http://purl.org/dmi-framework#Phase_Index,http://purl.org/dmi-framework#Source_constructed,http://purl.org/dmi-framework#Prov_constructed
GBR,2025,developed_eu,DMI,82.02332528601997,constructed,constructed,constructed,index,http://purl.org/dmi-framework#SE_DMI_GBR_2025,http://purl.org/dmi-framework#Ind_DMI,http://purl.org/dmi-framework#Country_GBR,http://purl.org/dmi-framework#Phase_Index,http://purl.org/dmi-framework#Source_constructed,http://purl.org/dmi-framework#Prov_constructed
IND,2012,developing,DMI,14.23921681535224,constructed,constructed,constructed,index,http://purl.org/dmi-framework#SE_DMI_IND_2012,http://purl.org/dmi-framework#Ind_DMI,http://purl.org/dmi-framework#Country_IND,http://purl.org/dmi-framework#Phase_Index,http://purl.org/dmi-framework#Source_constructed,http://purl.org/dmi-framework#Prov_constructed
IND,2013,developing,DMI,14.837918338473386,constructed,constructed,constructed,index,http://purl.org/dmi-framework#SE_DMI_IND_2013,http://purl.org/dmi-framework#Ind_DMI,http://purl.org/dmi-framework#Country_IND,http://purl.org/dmi-framework#Phase_Index,http://purl.org/dmi-framework#Source_constructed,http://purl.org/dmi-framework#Prov_constructed
IND,2014,developing,DMI,15.472298558451701,constructed,constructed,constructed,index,http://purl.org/dmi-framework#SE_DMI_IND_2014,http://purl.org/dmi-framework#Ind_DMI,http://purl.org/dmi-framework#Country_IND,http://purl.org/dmi-framework#Phase_Index,http://purl.org/dmi-framework#Source_constructed,http://purl.org/dmi-framework#Prov_constructed
IND,2015,developing,DMI,16.356079283785547,constructed,constructed,constructed,index,http://purl.org/dmi-framework#SE_DMI_IND_2015,http://purl.org/dmi-framework#Ind_DMI,http://purl.org/dmi-framework#Country_IND,http://purl.org/dmi-framework#Phase_Index,http://purl.org/dmi-framework#Source_constructed,http://purl.org/dmi-framework#Prov_constructed
IND,2016,developing,DMI,21.762787140597403,constructed,constructed,constructed,index,http://purl.org/dmi-framework#SE_DMI_IND_2016,http://purl.org/dmi-framework#Ind_DMI,http://purl.org/dmi-framework#Country_IND,http://purl.org/dmi-framework#Phase_Index,http://purl.org/dmi-framework#Source_constructed,http://purl.org/dmi-framework#Prov_constructed
IND,2017,developing,DMI,26.48063664124117,constructed,constructed,constructed,index,http://purl.org/dmi-framework#SE_DMI_IND_2017,http://purl.org/dmi-framework#Ind_DMI,http://purl.org/dmi-framework#Country_IND,http://purl.org/dmi-framework#Phase_Index,http://purl.org/dmi-framework#Source_constructed,http://purl.org/dmi-framework#Prov_constructed
IND,2018,developing,DMI,32.109120642345054,constructed,constructed,constructed,index,http://purl.org/dmi-framework#SE_DMI_IND_2018,http://purl.org/dmi-framework#Ind_DMI,http://purl.org/dmi-framework#Country_IND,http://purl.org/dmi-framework#Phase_Index,http://purl.org/dmi-framework#Source_constructed,http://purl.org/dmi-framework#Prov_constructed
IND,2019,developing,DMI,34.39643761265093,constructed,constructed,constructed,index,http://purl.org/dmi-framework#SE_DMI_IND_2019,http://purl.org/dmi-framework#Ind_DMI,http://purl.org/dmi-framework#Country_IND,http://purl.org/dmi-framework#Phase_Index,http://purl.org/dmi-framework#Source_constructed,http://purl.org/dmi-framework#Prov_constructed
IND,2020,developing,DMI,34.84408331941217,constructed,constructed,constructed,index,http://purl.org/dmi-framework#SE_DMI_IND_2020,http://purl.org/dmi-framework#Ind_DMI,http://purl.org/dmi-framework#Country_IND,http://purl.org/dmi-framework#Phase_Index,http://purl.org/dmi-framework#Source_constructed,http://purl.org/dmi-framework#Prov_constructed
IND,2021,developing,DMI,36.45067096213482,constructed,constructed,constructed,index,http://purl.org/dmi-framework#SE_DMI_IND_2021,http://purl.org/dmi-framework#Ind_DMI,http://purl.org/dmi-framework#Country_IND,http://purl.org/dmi-framework#Phase_Index,http://purl.org/dmi-framework#Source_constructed,http://purl.org/dmi-framework#Prov_constructed
IND,2022,developing,DMI,37.83118214340052,constructed,constructed,constructed,index,http://purl.org/dmi-framework#SE_DMI_IND_2022,http://purl.org/dmi-framework#Ind_DMI,http://purl.org/dmi-framework#Country_IND,http://purl.org/dmi-framework#Phase_Index,http://purl.org/dmi-framework#Source_constructed,http://purl.org/dmi-framework#Prov_constructed
IND,2023,developing,DMI,45.50498821470601,constructed,constructed,constructed,index,http://purl.org/dmi-framework#SE_DMI_IND_2023,http://purl.org/dmi-framework#Ind_DMI,http://purl.org/dmi-framework#Country_IND,http://purl.org/dmi-framework#Phase_Index,http://purl.org/dmi-framework#Source_constructed,http://purl.org/dmi-framework#Prov_constructed
IND,2024,developing,DMI,49.48743292027449,constructed,constructed,constructed,index,http://purl.org/dmi-framework#SE_DMI_IND_2024,http://purl.org/dmi-framework#Ind_DMI,http://purl.org/dmi-framework#Country_IND,http://purl.org/dmi-framework#Phase_Index,http://purl.org/dmi-framework#Source_constructed,http://purl.org/dmi-framework#Prov_constructed
IND,2025,developing,DMI,50.912470315109545,constructed,constructed,constructed,index,http://purl.org/dmi-framework#SE_DMI_IND_2025,http://purl.org/dmi-framework#Ind_DMI,http://purl.org/dmi-framework#Country_IND,http://purl.org/dmi-framework#Phase_Index,http://purl.org/dmi-framework#Source_constructed,http://purl.org/dmi-framework#Prov_constructed
MKD,2012,balkan,DMI,33.28877539038907,constructed,constructed,constructed,index,http://purl.org/dmi-framework#SE_DMI_MKD_2012,http://purl.org/dmi-framework#Ind_DMI,http://purl.org/dmi-framework#Country_MKD,http://purl.org/dmi-framework#Phase_Index,http://purl.org/dmi-framework#Source_constructed,http://purl.org/dmi-framework#Prov_constructed
MKD,2013,balkan,DMI,35.784839966764125,constructed,constructed,constructed,index,http://purl.org/dmi-framework#SE_DMI_MKD_2013,http://purl.org/dmi-framework#Ind_DMI,http://purl.org/dmi-framework#Country_MKD,http://purl.org/dmi-framework#Phase_Index,http://purl.org/dmi-framework#Source_constructed,http://purl.org/dmi-framework#Prov_constructed
MKD,2014,balkan,DMI,31.840802605342564,constructed,constructed,constructed,index,http://purl.org/dmi-framework#SE_DMI_MKD_2014,http://purl.org/dmi-framework#Ind_DMI,http://purl.org/dmi-framework#Country_MKD,http://purl.org/dmi-framework#Phase_Index,http://purl.org/dmi-framework#Source_constructed,http://purl.org/dmi-framework#Prov_constructed
MKD,2015,balkan,DMI,31.703379830512564,constructed,constructed,constructed,index,http://purl.org/dmi-framework#SE_DMI_MKD_2015,http://purl.org/dmi-framework#Ind_DMI,http://purl.org/dmi-framework#Country_MKD,http://purl.org/dmi-framework#Phase_Index,http://purl.org/dmi-framework#Source_constructed,http://purl.org/dmi-framework#Prov_constructed
MKD,2016,balkan,DMI,42.466497500750364,constructed,constructed,constructed,index,http://purl.org/dmi-framework#SE_DMI_MKD_2016,http://purl.org/dmi-framework#Ind_DMI,http://purl.org/dmi-framework#Country_MKD,http://purl.org/dmi-framework#Phase_Index,http://purl.org/dmi-framework#Source_constructed,http://purl.org/dmi-framework#Prov_constructed
MKD,2017,balkan,DMI,38.470964864367666,constructed,constructed,constructed,index,http://purl.org/dmi-framework#SE_DMI_MKD_2017,http://purl.org/dmi-framework#Ind_DMI,http://purl.org/dmi-framework#Country_MKD,http://purl.org/dmi-framework#Phase_Index,http://purl.org/dmi-framework#Source_constructed,http://purl.org/dmi-framework#Prov_constructed
MKD,2018,balkan,DMI,42.48855093159117,constructed,constructed,constructed,index,http://purl.org/dmi-framework#SE_DMI_MKD_2018,http://purl.org/dmi-framework#Ind_DMI,http://purl.org/dmi-framework#Country_MKD,http://purl.org/dmi-framework#Phase_Index,http://purl.org/dmi-framework#Source_constructed,http://purl.org/dmi-framework#Prov_constructed
MKD,2019,balkan,DMI,43.4663457143325,constructed,constructed,constructed,index,http://purl.org/dmi-framework#SE_DMI_MKD_2019,http://purl.org/dmi-framework#Ind_DMI,http://purl.org/dmi-framework#Country_MKD,http://purl.org/dmi-framework#Phase_Index,http://purl.org/dmi-framework#Source_constructed,http://purl.org/dmi-framework#Prov_constructed
MKD,2020,balkan,DMI,44.83190297001061,constructed,constructed,constructed,index,http://purl.org/dmi-framework#SE_DMI_MKD_2020,http://purl.org/dmi-framework#Ind_DMI,http://purl.org/dmi-framework#Country_MKD,http://purl.org/dmi-framework#Phase_Index,http://purl.org/dmi-framework#Source_constructed,http://purl.org/dmi-framework#Prov_constructed
MKD,2021,balkan,DMI,46.29013656958051,constructed,constructed,constructed,index,http://purl.org/dmi-framework#SE_DMI_MKD_2021,http://purl.org/dmi-framework#Ind_DMI,http://purl.org/dmi-framework#Country_MKD,http://purl.org/dmi-framework#Phase_Index,http://purl.org/dmi-framework#Source_constructed,http://purl.org/dmi-framework#Prov_constructed
MKD,2022,balkan,DMI,46.681557272132366,constructed,constructed,constructed,index,http://purl.org/dmi-framework#SE_DMI_MKD_2022,http://purl.org/dmi-framework#Ind_DMI,http://purl.org/dmi-framework#Country_MKD,http://purl.org/dmi-framework#Phase_Index,http://purl.org/dmi-framework#Source_constructed,http://purl.org/dmi-framework#Prov_constructed
MKD,2023,balkan,DMI,52.09033490285195,constructed,constructed,constructed,index,http://purl.org/dmi-framework#SE_DMI_MKD_2023,http://purl.org/dmi-framework#Ind_DMI,http://purl.org/dmi-framework#Country_MKD,http://purl.org/dmi-framework#Phase_Index,http://purl.org/dmi-framework#Source_constructed,http://purl.org/dmi-framework#Prov_constructed
MKD,2024,balkan,DMI,53.64375464019817,constructed,constructed,constructed,index,http://purl.org/dmi-framework#SE_DMI_MKD_2024,http://purl.org/dmi-framework#Ind_DMI,http://purl.org/dmi-framework#Country_MKD,http://purl.org/dmi-framework#Phase_Index,http://purl.org/dmi-framework#Source_constructed,http://purl.org/dmi-framework#Prov_constructed
MKD,2025,balkan,DMI,53.515173314162446,constructed,constructed,constructed,index,http://purl.org/dmi-framework#SE_DMI_MKD_2025,http://purl.org/dmi-framework#Ind_DMI,http://purl.org/dmi-framework#Country_MKD,http://purl.org/dmi-framework#Phase_Index,http://purl.org/dmi-framework#Source_constructed,http://purl.org/dmi-framework#Prov_constructed
SRB,2012,balkan,DMI,37.64331266856816,constructed,constructed,constructed,index,http://purl.org/dmi-framework#SE_DMI_SRB_2012,http://purl.org/dmi-framework#Ind_DMI,http://purl.org/dmi-framework#Country_SRB,http://purl.org/dmi-framework#Phase_Index,http://purl.org/dmi-framework#Source_constructed,http://purl.org/dmi-framework#Prov_constructed
SRB,2013,balkan,DMI,39.13134192054769,constructed,constructed,constructed,index,http://purl.org/dmi-framework#SE_DMI_SRB_2013,http://purl.org/dmi-framework#Ind_DMI,http://purl.org/dmi-framework#Country_SRB,http://purl.org/dmi-framework#Phase_Index,http://purl.org/dmi-framework#Source_constructed,http://purl.org/dmi-framework#Prov_constructed
SRB,2014,balkan,DMI,37.06159081098118,constructed,constructed,constructed,index,http://purl.org/dmi-framework#SE_DMI_SRB_2014,http://purl.org/dmi-framework#Ind_DMI,http://purl.org/dmi-framework#Country_SRB,http://purl.org/dmi-framework#Phase_Index,http://purl.org/dmi-framework#Source_constructed,http://purl.org/dmi-framework#Prov_constructed
SRB,2015,balkan,DMI,38.3905246265982,constructed,constructed,constructed,index,http://purl.org/dmi-framework#SE_DMI_SRB_2015,http://purl.org/dmi-framework#Ind_DMI,http://purl.org/dmi-framework#Country_SRB,http://purl.org/dmi-framework#Phase_Index,http://purl.org/dmi-framework#Source_constructed,http://purl.org/dmi-framework#Prov_constructed
SRB,2016,balkan,DMI,54.33524774105001,constructed,constructed,constructed,index,http://purl.org/dmi-framework#SE_DMI_SRB_2016,http://purl.org/dmi-framework#Ind_DMI,http://purl.org/dmi-framework#Country_SRB,http://purl.org/dmi-framework#Phase_Index,http://purl.org/dmi-framework#Source_constructed,http://purl.org/dmi-framework#Prov_constructed
SRB,2017,balkan,DMI,48.2786586679435,constructed,constructed,constructed,index,http://purl.org/dmi-framework#SE_DMI_SRB_2017,http://purl.org/dmi-framework#Ind_DMI,http://purl.org/dmi-framework#Country_SRB,http://purl.org/dmi-framework#Phase_Index,http://purl.org/dmi-framework#Source_constructed,http://purl.org/dmi-framework#Prov_constructed
SRB,2018,balkan,DMI,48.663866204782146,constructed,constructed,constructed,index,http://purl.org/dmi-framework#SE_DMI_SRB_2018,http://purl.org/dmi-framework#Ind_DMI,http://purl.org/dmi-framework#Country_SRB,http://purl.org/dmi-framework#Phase_Index,http://purl.org/dmi-framework#Source_constructed,http://purl.org/dmi-framework#Prov_constructed
SRB,2019,balkan,DMI,50.136892341045254,constructed,constructed,constructed,index,http://purl.org/dmi-framework#SE_DMI_SRB_2019,http://purl.org/dmi-framework#Ind_DMI,http://purl.org/dmi-framework#Country_SRB,http://purl.org/dmi-framework#Phase_Index,http://purl.org/dmi-framework#Source_constructed,http://purl.org/dmi-framework#Prov_constructed
SRB,2020,balkan,DMI,55.05637376984156,constructed,constructed,constructed,index,http://purl.org/dmi-framework#SE_DMI_SRB_2020,http://purl.org/dmi-framework#Ind_DMI,http://purl.org/dmi-framework#Country_SRB,http://purl.org/dmi-framework#Phase_Index,http://purl.org/dmi-framework#Source_constructed,http://purl.org/dmi-framework#Prov_constructed
SRB,2021,balkan,DMI,56.89827114218757,constructed,constructed,constructed,index,http://purl.org/dmi-framework#SE_DMI_SRB_2021,http://purl.org/dmi-framework#Ind_DMI,http://purl.org/dmi-framework#Country_SRB,http://purl.org/dmi-framework#Phase_Index,http://purl.org/dmi-framework#Source_constructed,http://purl.org/dmi-framework#Prov_constructed
SRB,2022,balkan,DMI,61.17922962218373,constructed,constructed,constructed,index,http://purl.org/dmi-framework#SE_DMI_SRB_2022,http://purl.org/dmi-framework#Ind_DMI,http://purl.org/dmi-framework#Country_SRB,http://purl.org/dmi-framework#Phase_Index,http://purl.org/dmi-framework#Source_constructed,http://purl.org/dmi-framework#Prov_constructed
SRB,2023,balkan,DMI,62.59552577977765,constructed,constructed,constructed,index,http://purl.org/dmi-framework#SE_DMI_SRB_2023,http://purl.org/dmi-framework#Ind_DMI,http://purl.org/dmi-framework#Country_SRB,http://purl.org/dmi-framework#Phase_Index,http://purl.org/dmi-framework#Source_constructed,http://purl.org/dmi-framework#Prov_constructed
SRB,2024,balkan,DMI,64.86715072492385,constructed,constructed,constructed,index,http://purl.org/dmi-framework#SE_DMI_SRB_2024,http://purl.org/dmi-framework#Ind_DMI,http://purl.org/dmi-framework#Country_SRB,http://purl.org/dmi-framework#Phase_Index,http://purl.org/dmi-framework#Source_constructed,http://purl.org/dmi-framework#Prov_constructed
SRB,2025,balkan,DMI,65.04849505304954,constructed,constructed,constructed,index,http://purl.org/dmi-framework#SE_DMI_SRB_2025,http://purl.org/dmi-framework#Ind_DMI,http://purl.org/dmi-framework#Country_SRB,http://purl.org/dmi-framework#Phase_Index,http://purl.org/dmi-framework#Source_constructed,http://purl.org/dmi-framework#Prov_constructed
SVN,2012,balkan,DMI,55.84951216363855,constructed,constructed,constructed,index,http://purl.org/dmi-framework#SE_DMI_SVN_2012,http://purl.org/dmi-framework#Ind_DMI,http://purl.org/dmi-framework#Country_SVN,http://purl.org/dmi-framework#Phase_Index,http://purl.org/dmi-framework#Source_constructed,http://purl.org/dmi-framework#Prov_constructed
SVN,2013,balkan,DMI,57.28639332491452,constructed,constructed,constructed,index,http://purl.org/dmi-framework#SE_DMI_SVN_2013,http://purl.org/dmi-framework#Ind_DMI,http://purl.org/dmi-framework#Country_SVN,http://purl.org/dmi-framework#Phase_Index,http://purl.org/dmi-framework#Source_constructed,http://purl.org/dmi-framework#Prov_constructed
SVN,2014,balkan,DMI,51.509778467775256,constructed,constructed,constructed,index,http://purl.org/dmi-framework#SE_DMI_SVN_2014,http://purl.org/dmi-framework#Ind_DMI,http://purl.org/dmi-framework#Country_SVN,http://purl.org/dmi-framework#Phase_Index,http://purl.org/dmi-framework#Source_constructed,http://purl.org/dmi-framework#Prov_constructed
SVN,2015,balkan,DMI,51.8641774430584,constructed,constructed,constructed,index,http://purl.org/dmi-framework#SE_DMI_SVN_2015,http://purl.org/dmi-framework#Ind_DMI,http://purl.org/dmi-framework#Country_SVN,http://purl.org/dmi-framework#Phase_Index,http://purl.org/dmi-framework#Source_constructed,http://purl.org/dmi-framework#Prov_constructed
SVN,2016,balkan,DMI,61.99647798651266,constructed,constructed,constructed,index,http://purl.org/dmi-framework#SE_DMI_SVN_2016,http://purl.org/dmi-framework#Ind_DMI,http://purl.org/dmi-framework#Country_SVN,http://purl.org/dmi-framework#Phase_Index,http://purl.org/dmi-framework#Source_constructed,http://purl.org/dmi-framework#Prov_constructed
SVN,2017,balkan,DMI,59.25507681647076,constructed,constructed,constructed,index,http://purl.org/dmi-framework#SE_DMI_SVN_2017,http://purl.org/dmi-framework#Ind_DMI,http://purl.org/dmi-framework#Country_SVN,http://purl.org/dmi-framework#Phase_Index,http://purl.org/dmi-framework#Source_constructed,http://purl.org/dmi-framework#Prov_constructed
SVN,2018,balkan,DMI,59.07064326791046,constructed,constructed,constructed,index,http://purl.org/dmi-framework#SE_DMI_SVN_2018,http://purl.org/dmi-framework#Ind_DMI,http://purl.org/dmi-framework#Country_SVN,http://purl.org/dmi-framework#Phase_Index,http://purl.org/dmi-framework#Source_constructed,http://purl.org/dmi-framework#Prov_constructed
SVN,2019,balkan,DMI,60.407327658822275,constructed,constructed,constructed,index,http://purl.org/dmi-framework#SE_DMI_SVN_2019,http://purl.org/dmi-framework#Ind_DMI,http://purl.org/dmi-framework#Country_SVN,http://purl.org/dmi-framework#Phase_Index,http://purl.org/dmi-framework#Source_constructed,http://purl.org/dmi-framework#Prov_constructed
SVN,2020,balkan,DMI,63.39285387332084,constructed,constructed,constructed,index,http://purl.org/dmi-framework#SE_DMI_SVN_2020,http://purl.org/dmi-framework#Ind_DMI,http://purl.org/dmi-framework#Country_SVN,http://purl.org/dmi-framework#Phase_Index,http://purl.org/dmi-framework#Source_constructed,http://purl.org/dmi-framework#Prov_constructed
SVN,2021,balkan,DMI,64.38538208629043,constructed,constructed,constructed,index,http://purl.org/dmi-framework#SE_DMI_SVN_2021,http://purl.org/dmi-framework#Ind_DMI,http://purl.org/dmi-framework#Country_SVN,http://purl.org/dmi-framework#Phase_Index,http://purl.org/dmi-framework#Source_constructed,http://purl.org/dmi-framework#Prov_constructed
SVN,2022,balkan,DMI,65.71683200604673,constructed,constructed,constructed,index,http://purl.org/dmi-framework#SE_DMI_SVN_2022,http://purl.org/dmi-framework#Ind_DMI,http://purl.org/dmi-framework#Country_SVN,http://purl.org/dmi-framework#Phase_Index,http://purl.org/dmi-framework#Source_constructed,http://purl.org/dmi-framework#Prov_constructed
SVN,2023,balkan,DMI,70.09462849308665,constructed,constructed,constructed,index,http://purl.org/dmi-framework#SE_DMI_SVN_2023,http://purl.org/dmi-framework#Ind_DMI,http://purl.org/dmi-framework#Country_SVN,http://purl.org/dmi-framework#Phase_Index,http://purl.org/dmi-framework#Source_constructed,http://purl.org/dmi-framework#Prov_constructed
SVN,2024,balkan,DMI,70.80015205567881,constructed,constructed,constructed,index,http://purl.org/dmi-framework#SE_DMI_SVN_2024,http://purl.org/dmi-framework#Ind_DMI,http://purl.org/dmi-framework#Country_SVN,http://purl.org/dmi-framework#Phase_Index,http://purl.org/dmi-framework#Source_constructed,http://purl.org/dmi-framework#Prov_constructed
SVN,2025,balkan,DMI,70.85538768278754,constructed,constructed,constructed,index,http://purl.org/dmi-framework#SE_DMI_SVN_2025,http://purl.org/dmi-framework#Ind_DMI,http://purl.org/dmi-framework#Country_SVN,http://purl.org/dmi-framework#Phase_Index,http://purl.org/dmi-framework#Source_constructed,http://purl.org/dmi-framework#Prov_constructed
USA,2012,developed_non_eu,DMI,70.9681801393883,constructed,constructed,constructed,index,http://purl.org/dmi-framework#SE_DMI_USA_2012,http://purl.org/dmi-framework#Ind_DMI,http://purl.org/dmi-framework#Country_USA,http://purl.org/dmi-framework#Phase_Index,http://purl.org/dmi-framework#Source_constructed,http://purl.org/dmi-framework#Prov_constructed
USA,2013,developed_non_eu,DMI,70.54574308524535,constructed,constructed,constructed,index,http://purl.org/dmi-framework#SE_DMI_USA_2013,http://purl.org/dmi-framework#Ind_DMI,http://purl.org/dmi-framework#Country_USA,http://purl.org/dmi-framework#Phase_Index,http://purl.org/dmi-framework#Source_constructed,http://purl.org/dmi-framework#Prov_constructed
USA,2014,developed_non_eu,DMI,71.04295122525576,constructed,constructed,constructed,index,http://purl.org/dmi-framework#SE_DMI_USA_2014,http://purl.org/dmi-framework#Ind_DMI,http://purl.org/dmi-framework#Country_USA,http://purl.org/dmi-framework#Phase_Index,http://purl.org/dmi-framework#Source_constructed,http://purl.org/dmi-framework#Prov_constructed
USA,2015,developed_non_eu,DMI,72.0242362706739,constructed,constructed,constructed,index,http://purl.org/dmi-framework#SE_DMI_USA_2015,http://purl.org/dmi-framework#Ind_DMI,http://purl.org/dmi-framework#Country_USA,http://purl.org/dmi-framework#Phase_Index,http://purl.org/dmi-framework#Source_constructed,http://purl.org/dmi-framework#Prov_constructed
USA,2016,developed_non_eu,DMI,69.37543716333874,constructed,constructed,constructed,index,http://purl.org/dmi-framework#SE_DMI_USA_2016,http://purl.org/dmi-framework#Ind_DMI,http://purl.org/dmi-framework#Country_USA,http://purl.org/dmi-framework#Phase_Index,http://purl.org/dmi-framework#Source_constructed,http://purl.org/dmi-framework#Prov_constructed
USA,2017,developed_non_eu,DMI,75.02741069044723,constructed,constructed,constructed,index,http://purl.org/dmi-framework#SE_DMI_USA_2017,http://purl.org/dmi-framework#Ind_DMI,http://purl.org/dmi-framework#Country_USA,http://purl.org/dmi-framework#Phase_Index,http://purl.org/dmi-framework#Source_constructed,http://purl.org/dmi-framework#Prov_constructed
USA,2018,developed_non_eu,DMI,77.55254864342778,constructed,constructed,constructed,index,http://purl.org/dmi-framework#SE_DMI_USA_2018,http://purl.org/dmi-framework#Ind_DMI,http://purl.org/dmi-framework#Country_USA,http://purl.org/dmi-framework#Phase_Index,http://purl.org/dmi-framework#Source_constructed,http://purl.org/dmi-framework#Prov_constructed
USA,2019,developed_non_eu,DMI,78.5410952292732,constructed,constructed,constructed,index,http://purl.org/dmi-framework#SE_DMI_USA_2019,http://purl.org/dmi-framework#Ind_DMI,http://purl.org/dmi-framework#Country_USA,http://purl.org/dmi-framework#Phase_Index,http://purl.org/dmi-framework#Source_constructed,http://purl.org/dmi-framework#Prov_constructed
USA,2020,developed_non_eu,DMI,76.30249852591466,constructed,constructed,constructed,index,http://purl.org/dmi-framework#SE_DMI_USA_2020,http://purl.org/dmi-framework#Ind_DMI,http://purl.org/dmi-framework#Country_USA,http://purl.org/dmi-framework#Phase_Index,http://purl.org/dmi-framework#Source_constructed,http://purl.org/dmi-framework#Prov_constructed
USA,2021,developed_non_eu,DMI,77.2586799706068,constructed,constructed,constructed,index,http://purl.org/dmi-framework#SE_DMI_USA_2021,http://purl.org/dmi-framework#Ind_DMI,http://purl.org/dmi-framework#Country_USA,http://purl.org/dmi-framework#Phase_Index,http://purl.org/dmi-framework#Source_constructed,http://purl.org/dmi-framework#Prov_constructed
USA,2022,developed_non_eu,DMI,77.42789390861331,constructed,constructed,constructed,index,http://purl.org/dmi-framework#SE_DMI_USA_2022,http://purl.org/dmi-framework#Ind_DMI,http://purl.org/dmi-framework#Country_USA,http://purl.org/dmi-framework#Phase_Index,http://purl.org/dmi-framework#Source_constructed,http://purl.org/dmi-framework#Prov_constructed
USA,2023,developed_non_eu,DMI,81.1261694945346,constructed,constructed,constructed,index,http://purl.org/dmi-framework#SE_DMI_USA_2023,http://purl.org/dmi-framework#Ind_DMI,http://purl.org/dmi-framework#Country_USA,http://purl.org/dmi-framework#Phase_Index,http://purl.org/dmi-framework#Source_constructed,http://purl.org/dmi-framework#Prov_constructed
USA,2024,developed_non_eu,DMI,81.70001786490164,constructed,constructed,constructed,index,http://purl.org/dmi-framework#SE_DMI_USA_2024,http://purl.org/dmi-framework#Ind_DMI,http://purl.org/dmi-framework#Country_USA,http://purl.org/dmi-framework#Phase_Index,http://purl.org/dmi-framework#Source_constructed,http://purl.org/dmi-framework#Prov_constructed
USA,2025,developed_non_eu,DMI,81.75899623857697,constructed,constructed,constructed,index,http://purl.org/dmi-framework#SE_DMI_USA_2025,http://purl.org/dmi-framework#Ind_DMI,http://purl.org/dmi-framework#Country_USA,http://purl.org/dmi-framework#Phase_Index,http://purl.org/dmi-framework#Source_constructed,http://purl.org/dmi-framework#Prov_constructed
