country_iso3,year,indicator_id,indicator_code,value,source,retrieved_at
ARG,2012,C1,NY.GDP.PCAP.PP.KD,28825.9666865361,world_bank,2026-08-09T20:18:24+00:00
ARG,2012,C2,EDU_INDEX,0.838427,undp,2026-09-28T16:03:28+00:00
ARG,2012,X1,IT.CEL.SETS.P2,152.573579717014,world_bank,2026-08-09T20:18:24+00:00
ARG,2012,X10,OSI,0.52941,un_egdi,2026-09-28T16:03:28+00:00
ARG,2012,X2,IT.NET.BBND.P2,12.211510531081,world_bank,2026-08-09T20:18:24+00:00
ARG,2012,X3,EGDI,0.62279,un_egdi,2026-09-28T16:03:28+00:00
ARG,2012,X4,IT.NET.USER.ZS,55.79999924,world_bank,2026-08-09T20:18:24+00:00
ARG,2012,X5,NCSI_SCORE,,ncsi,2026-09-28T16:03:28+00:00
ARG,2012,X6,GII_SCORE,34.4,gii,2026-09-28T16:03:28+00:00
ARG,2012,X7,AI_READY,,oxford_insights,2026-09-28T16:03:28+00:00
ARG,2012,X8,GB.XPD.RSDV.GD.ZS,0.63491,world_bank,2026-08-09T20:18:24+00:00
ARG,2012,X9,BX.GSR.CCIS.ZS,12.3128038476996,world_bank,2026-08-09T20:18:24+00:00
ARG,2013,C1,NY.GDP.PCAP.PP.KD,29227.6601818437,world_bank,2026-08-09T20:18:24+00:00
ARG,2013,C2,EDU_INDEX,0.841721,undp,2026-09-28T16:03:28+00:00
ARG,2013,X1,IT.CEL.SETS.P2,158.190773641398,world_bank,2026-08-09T20:18:24+00:00
ARG,2013,X10,OSI,,un_egdi,2026-09-28T16:03:28+00:00
ARG,2013,X2,IT.NET.BBND.P2,14.6798018103935,world_bank,2026-08-09T20:18:24+00:00
ARG,2013,X3,EGDI,,un_egdi,2026-09-28T16:03:28+00:00
ARG,2013,X4,IT.NET.USER.ZS,59.90000153,world_bank,2026-08-09T20:18:24+00:00
ARG,2013,X5,NCSI_SCORE,,ncsi,2026-09-28T16:03:28+00:00
ARG,2013,X6,GII_SCORE,37.66,gii,2026-09-28T16:03:28+00:00
ARG,2013,X7,AI_READY,,oxford_insights,2026-09-28T16:03:28+00:00
ARG,2013,X8,GB.XPD.RSDV.GD.ZS,0.61849,world_bank,2026-08-09T20:18:24+00:00
ARG,2013,X9,BX.GSR.CCIS.ZS,12.6482552856751,world_bank,2026-08-09T20:18:24+00:00
ARG,2014,C1,NY.GDP.PCAP.PP.KD,28200.8152571318,world_bank,2026-08-09T20:18:24+00:00
ARG,2014,C2,EDU_INDEX,0.84762,undp,2026-09-28T16:03:28+00:00
ARG,2014,X1,IT.CEL.SETS.P2,142.325481008062,world_bank,2026-08-09T20:18:24+00:00
ARG,2014,X10,OSI,0.55118,un_egdi,2026-09-28T16:03:28+00:00
ARG,2014,X2,IT.NET.BBND.P2,15.1530476974157,world_bank,2026-08-09T20:18:24+00:00
ARG,2014,X3,EGDI,0.63059,un_egdi,2026-09-28T16:03:28+00:00
ARG,2014,X4,IT.NET.USER.ZS,64.69999695,world_bank,2026-08-09T20:18:24+00:00
ARG,2014,X5,NCSI_SCORE,,ncsi,2026-09-28T16:03:28+00:00
ARG,2014,X6,GII_SCORE,35.13,gii,2026-09-28T16:03:28+00:00
ARG,2014,X7,AI_READY,,oxford_insights,2026-09-28T16:03:28+00:00
ARG,2014,X8,GB.XPD.RSDV.GD.ZS,0.59396,world_bank,2026-08-09T20:18:24+00:00
ARG,2014,X9,BX.GSR.CCIS.ZS,10.7750437433971,world_bank,2026-08-09T20:18:24+00:00
ARG,2015,C1,NY.GDP.PCAP.PP.KD,28669.2061336796,world_bank,2026-08-09T20:18:24+00:00
ARG,2015,C2,EDU_INDEX,0.852463,undp,2026-09-28T16:03:28+00:00
ARG,2015,X1,IT.CEL.SETS.P2,142.240711022183,world_bank,2026-08-09T20:18:24+00:00
ARG,2015,X10,OSI,,un_egdi,2026-09-28T16:03:28+00:00
ARG,2015,X2,IT.NET.BBND.P2,15.768878045253,world_bank,2026-08-09T20:18:24+00:00
ARG,2015,X3,EGDI,,un_egdi,2026-09-28T16:03:28+00:00
ARG,2015,X4,IT.NET.USER.ZS,68.0430641088122,world_bank,2026-08-09T20:18:24+00:00
ARG,2015,X5,NCSI_SCORE,,ncsi,2026-09-28T16:03:28+00:00
ARG,2015,X6,GII_SCORE,34.3,gii,2026-09-28T16:03:28+00:00
ARG,2015,X7,AI_READY,,oxford_insights,2026-09-28T16:03:28+00:00
ARG,2015,X8,GB.XPD.RSDV.GD.ZS,0.62262,world_bank,2026-08-09T20:18:24+00:00
ARG,2015,X9,BX.GSR.CCIS.ZS,11.1514403633977,world_bank,2026-08-09T20:18:24+00:00
ARG,2016,C1,NY.GDP.PCAP.PP.KD,27802.1057201498,world_bank,2026-08-09T20:18:24+00:00
ARG,2016,C2,EDU_INDEX,0.860381,undp,2026-09-28T16:03:28+00:00
ARG,2016,X1,IT.CEL.SETS.P2,145.146584717972,world_bank,2026-08-09T20:18:24+00:00
ARG,2016,X10,OSI,0.71014,un_egdi,2026-09-28T16:03:28+00:00
ARG,2016,X2,IT.NET.BBND.P2,16.5184995378051,world_bank,2026-08-09T20:18:24+00:00
ARG,2016,X3,EGDI,0.6978,un_egdi,2026-09-28T16:03:28+00:00
ARG,2016,X4,IT.NET.USER.ZS,70.9689808206024,world_bank,2026-08-09T20:18:24+00:00
ARG,2016,X5,NCSI_SCORE,,ncsi,2026-09-28T16:03:28+00:00
ARG,2016,X6,GII_SCORE,30.24,gii,2026-09-28T16:03:28+00:00
ARG,2016,X7,AI_READY,,oxford_insights,2026-09-28T16:03:28+00:00
ARG,2016,X8,GB.XPD.RSDV.GD.ZS,0.55815,world_bank,2026-08-09T20:18:24+00:00
ARG,2016,X9,BX.GSR.CCIS.ZS,12.1728743487956,world_bank,2026-08-09T20:18:24+00:00
ARG,2017,C1,NY.GDP.PCAP.PP.KD,28334.904184742,world_bank,2026-08-09T20:18:24+00:00
ARG,2017,C2,EDU_INDEX,0.862805,undp,2026-09-28T16:03:28+00:00
ARG,2017,X1,IT.CEL.SETS.P2,139.758240519621,world_bank,2026-08-09T20:18:24+00:00
ARG,2017,X10,OSI,,un_egdi,2026-09-28T16:03:28+00:00
ARG,2017,X2,IT.NET.BBND.P2,17.7082272589602,world_bank,2026-08-09T20:18:24+00:00
ARG,2017,X3,EGDI,,un_egdi,2026-09-28T16:03:28+00:00
ARG,2017,X4,IT.NET.USER.ZS,74.2949068657957,world_bank,2026-08-09T20:18:24+00:00
ARG,2017,X5,NCSI_SCORE,,ncsi,2026-09-28T16:03:28+00:00
ARG,2017,X6,GII_SCORE,32.0,gii,2026-09-28T16:03:28+00:00
ARG,2017,X7,AI_READY,,oxford_insights,2026-09-28T16:03:28+00:00
ARG,2017,X8,GB.XPD.RSDV.GD.ZS,0.55632,world_bank,2026-08-09T20:18:24+00:00
ARG,2017,X9,BX.GSR.CCIS.ZS,14.3664294795696,world_bank,2026-08-09T20:18:24+00:00
ARG,2018,C1,NY.GDP.PCAP.PP.KD,27367.115094108,world_bank,2026-08-09T20:18:24+00:00
ARG,2018,C2,EDU_INDEX,0.866051,undp,2026-09-28T16:03:28+00:00
ARG,2018,X1,IT.CEL.SETS.P2,131.224265691711,world_bank,2026-08-09T20:18:24+00:00
ARG,2018,X10,OSI,0.75,un_egdi,2026-09-28T16:03:28+00:00
ARG,2018,X2,IT.NET.BBND.P2,18.9758759187853,world_bank,2026-08-09T20:18:24+00:00
ARG,2018,X3,EGDI,0.7335,un_egdi,2026-09-28T16:03:28+00:00
ARG,2018,X4,IT.NET.USER.ZS,77.7,world_bank,2026-08-09T20:18:24+00:00
ARG,2018,X5,NCSI_SCORE,,ncsi,2026-09-28T16:03:28+00:00
ARG,2018,X6,GII_SCORE,30.65,gii,2026-09-28T16:03:28+00:00
ARG,2018,X7,AI_READY,,oxford_insights,2026-09-28T16:03:28+00:00
ARG,2018,X8,GB.XPD.RSDV.GD.ZS,0.4883,world_bank,2026-08-09T20:18:24+00:00
ARG,2018,X9,BX.GSR.CCIS.ZS,14.601915980389,world_bank,2026-08-09T20:18:24+00:00
ARG,2019,C1,NY.GDP.PCAP.PP.KD,26629.5529419501,world_bank,2026-08-09T20:18:24+00:00
ARG,2019,C2,EDU_INDEX,0.870667,undp,2026-09-28T16:03:28+00:00
ARG,2019,X1,IT.CEL.SETS.P2,125.302657911726,world_bank,2026-08-09T20:18:24+00:00
ARG,2019,X10,OSI,,un_egdi,2026-09-28T16:03:28+00:00
ARG,2019,X2,IT.NET.BBND.P2,19.551931344405,world_bank,2026-08-09T20:18:24+00:00
ARG,2019,X3,EGDI,,un_egdi,2026-09-28T16:03:28+00:00
ARG,2019,X4,IT.NET.USER.ZS,79.9469520347551,world_bank,2026-08-09T20:18:24+00:00
ARG,2019,X5,NCSI_SCORE,,ncsi,2026-09-28T16:03:28+00:00
ARG,2019,X6,GII_SCORE,31.95,gii,2026-09-28T16:03:28+00:00
ARG,2019,X7,AI_READY,5.684,oxford_insights,2026-09-28T16:03:28+00:00
ARG,2019,X8,GB.XPD.RSDV.GD.ZS,0.47813,world_bank,2026-08-09T20:18:24+00:00
ARG,2019,X9,BX.GSR.CCIS.ZS,14.1219207494781,world_bank,2026-08-09T20:18:24+00:00
ARG,2020,C1,NY.GDP.PCAP.PP.KD,23877.0931404855,world_bank,2026-08-09T20:18:24+00:00
ARG,2020,C2,EDU_INDEX,0.871333,undp,2026-09-28T16:03:28+00:00
ARG,2020,X1,IT.CEL.SETS.P2,121.180612527028,world_bank,2026-08-09T20:18:24+00:00
ARG,2020,X10,OSI,0.8471,un_egdi,2026-09-28T16:03:28+00:00
ARG,2020,X2,IT.NET.BBND.P2,21.1797871590669,world_bank,2026-08-09T20:18:24+00:00
ARG,2020,X3,EGDI,0.8279,un_egdi,2026-09-28T16:03:28+00:00
ARG,2020,X4,IT.NET.USER.ZS,85.51438646,world_bank,2026-08-09T20:18:24+00:00
ARG,2020,X5,NCSI_SCORE,,ncsi,2026-09-28T16:03:28+00:00
ARG,2020,X6,GII_SCORE,28.3278,gii,2026-09-28T16:03:28+00:00
ARG,2020,X7,AI_READY,50.754,oxford_insights,2026-09-28T16:03:28+00:00
ARG,2020,X8,GB.XPD.RSDV.GD.ZS,0.54126,world_bank,2026-08-09T20:18:24+00:00
ARG,2020,X9,BX.GSR.CCIS.ZS,20.9927501850159,world_bank,2026-08-09T20:18:24+00:00
ARG,2021,C1,NY.GDP.PCAP.PP.KD,26300.274261175,world_bank,2026-08-09T20:18:24+00:00
ARG,2021,C2,EDU_INDEX,0.872819,undp,2026-09-28T16:03:28+00:00
ARG,2021,X1,IT.CEL.SETS.P2,130.352799939601,world_bank,2026-08-09T20:18:24+00:00
ARG,2021,X10,OSI,,un_egdi,2026-09-28T16:03:28+00:00
ARG,2021,X2,IT.NET.BBND.P2,23.1500020932515,world_bank,2026-08-09T20:18:24+00:00
ARG,2021,X3,EGDI,,un_egdi,2026-09-28T16:03:28+00:00
ARG,2021,X4,IT.NET.USER.ZS,87.15070683,world_bank,2026-08-09T20:18:24+00:00
ARG,2021,X5,NCSI_SCORE,,ncsi,2026-09-28T16:03:28+00:00
ARG,2021,X6,GII_SCORE,29.7792,gii,2026-09-28T16:03:28+00:00
ARG,2021,X7,AI_READY,54.36,oxford_insights,2026-09-28T16:03:28+00:00
ARG,2021,X8,GB.XPD.RSDV.GD.ZS,0.5236,world_bank,2026-08-09T20:18:24+00:00
ARG,2021,X9,BX.GSR.CCIS.ZS,24.6135588460075,world_bank,2026-08-09T20:18:24+00:00
ARG,2022,C1,NY.GDP.PCAP.PP.KD,27825.0273492567,world_bank,2026-08-09T20:18:24+00:00
ARG,2022,C2,EDU_INDEX,0.872819,undp,2026-09-28T16:03:28+00:00
ARG,2022,X1,IT.CEL.SETS.P2,131.483556254876,world_bank,2026-08-09T20:18:24+00:00
ARG,2022,X10,OSI,0.8089,un_egdi,2026-09-28T16:03:28+00:00
ARG,2022,X2,IT.NET.BBND.P2,24.6831785056628,world_bank,2026-08-09T20:18:24+00:00
ARG,2022,X3,EGDI,0.8198,un_egdi,2026-09-28T16:03:28+00:00
ARG,2022,X4,IT.NET.USER.ZS,88.37535691,world_bank,2026-08-09T20:18:24+00:00
ARG,2022,X5,NCSI_SCORE,,ncsi,2026-09-28T16:03:28+00:00
ARG,2022,X6,GII_SCORE,28.6231,gii,2026-09-28T16:03:28+00:00
ARG,2022,X7,AI_READY,57.39,oxford_insights,2026-09-28T16:03:28+00:00
ARG,2022,X8,GB.XPD.RSDV.GD.ZS,0.54951,world_bank,2026-08-09T20:18:24+00:00
ARG,2022,X9,BX.GSR.CCIS.ZS,18.8253969663899,world_bank,2026-08-09T20:18:24+00:00
ARG,2023,C1,NY.GDP.PCAP.PP.KD,27230.3968496682,world_bank,2026-08-09T20:18:24+00:00
ARG,2023,C2,EDU_INDEX,0.872819,undp,2026-09-28T16:03:28+00:00
ARG,2023,X1,IT.CEL.SETS.P2,137.706086781571,world_bank,2026-08-09T20:18:24+00:00
ARG,2023,X10,OSI,,un_egdi,2026-09-28T16:03:28+00:00
ARG,2023,X2,IT.NET.BBND.P2,25.3580730689248,world_bank,2026-08-09T20:18:24+00:00
ARG,2023,X3,EGDI,,un_egdi,2026-09-28T16:03:28+00:00
ARG,2023,X4,IT.NET.USER.ZS,89.22897166,world_bank,2026-08-09T20:18:24+00:00
ARG,2023,X5,NCSI_SCORE,,ncsi,2026-09-28T16:03:28+00:00
ARG,2023,X6,GII_SCORE,28.0012,gii,2026-09-28T16:03:28+00:00
ARG,2023,X7,AI_READY,57.7242,oxford_insights,2026-09-28T16:03:28+00:00
ARG,2023,X8,GB.XPD.RSDV.GD.ZS,0.60111,world_bank,2026-08-09T20:18:24+00:00
ARG,2023,X9,BX.GSR.CCIS.ZS,15.8712142708089,world_bank,2026-08-09T20:18:24+00:00
ARG,2024,C1,NY.GDP.PCAP.PP.KD,26771.9657650571,world_bank,2026-08-09T20:18:24+00:00
ARG,2024,C2,EDU_INDEX,,undp,2026-09-28T16:03:28+00:00
ARG,2024,X1,IT.CEL.SETS.P2,140.234979049333,world_bank,2026-08-09T20:18:24+00:00
ARG,2024,X10,OSI,0.79649,un_egdi,2026-09-28T16:03:28+00:00
ARG,2024,X2,IT.NET.BBND.P2,26.0976420359532,world_bank,2026-08-09T20:18:24+00:00
ARG,2024,X3,EGDI,0.85733,un_egdi,2026-09-28T16:03:28+00:00
ARG,2024,X4,IT.NET.USER.ZS,89.66715228,world_bank,2026-08-09T20:18:24+00:00
ARG,2024,X5,NCSI_SCORE,58.33,ncsi,2026-09-28T16:03:28+00:00
ARG,2024,X6,GII_SCORE,26.4246,gii,2026-09-28T16:03:28+00:00
ARG,2024,X7,AI_READY,56.4,oxford_insights,2026-09-28T16:03:28+00:00
ARG,2024,X8,GB.XPD.RSDV.GD.ZS,,world_bank,2026-08-09T20:18:24+00:00
ARG,2024,X9,BX.GSR.CCIS.ZS,15.7406131318319,world_bank,2026-08-09T20:18:24+00:00
ARG,2025,C1,NY.GDP.PCAP.PP.KD,27846.5984597239,world_bank,2026-08-09T20:18:24+00:00
ARG,2025,C2,EDU_INDEX,,undp,2026-09-28T16:03:28+00:00
ARG,2025,X1,IT.CEL.SETS.P2,,world_bank,2026-08-09T20:18:24+00:00
ARG,2025,X10,OSI,,un_egdi,2026-09-28T16:03:28+00:00
ARG,2025,X2,IT.NET.BBND.P2,,world_bank,2026-08-09T20:18:24+00:00
ARG,2025,X3,EGDI,,un_egdi,2026-09-28T16:03:28+00:00
ARG,2025,X4,IT.NET.USER.ZS,,world_bank,2026-08-09T20:18:24+00:00
ARG,2025,X5,NCSI_SCORE,58.33,ncsi,2026-09-28T16:03:28+00:00
ARG,2025,X6,GII_SCORE,26.778,gii,2026-09-28T16:03:28+00:00
ARG,2025,X7,AI_READY,,oxford_insights,2026-09-28T16:03:28+00:00
ARG,2025,X8,GB.XPD.RSDV.GD.ZS,,world_bank,2026-08-09T20:18:24+00:00
ARG,2025,X9,BX.GSR.CCIS.ZS,15.66326901765,world_bank,2026-08-09T20:18:24+00:00
AUS,2012,C1,NY.GDP.PCAP.PP.KD,54403.8836902433,world_bank,2026-08-09T20:18:24+00:00
AUS,2012,C2,EDU_INDEX,0.91,undp,2026-09-28T16:03:28+00:00
AUS,2012,X1,IT.CEL.SETS.P2,106.499711805776,world_bank,2026-08-09T20:18:24+00:00
AUS,2012,X10,OSI,0.86274,un_egdi,2026-09-28T16:03:28+00:00
AUS,2012,X2,IT.NET.BBND.P2,25.0955644344698,world_bank,2026-08-09T20:18:24+00:00
AUS,2012,X3,EGDI,0.839,un_egdi,2026-09-28T16:03:28+00:00
AUS,2012,X4,IT.NET.USER.ZS,79.0,world_bank,2026-08-09T20:18:24+00:00
AUS,2012,X5,NCSI_SCORE,,ncsi,2026-09-28T16:03:28+00:00
AUS,2012,X6,GII_SCORE,51.9,gii,2026-09-28T16:03:28+00:00
AUS,2012,X7,AI_READY,,oxford_insights,2026-09-28T16:03:28+00:00
AUS,2012,X8,GB.XPD.RSDV.GD.ZS,,world_bank,2026-08-09T20:18:24+00:00
AUS,2012,X9,BX.GSR.CCIS.ZS,3.71502796948962,world_bank,2026-08-09T20:18:24+00:00
AUS,2013,C1,NY.GDP.PCAP.PP.KD,54895.0052588984,world_bank,2026-08-09T20:18:24+00:00
AUS,2013,C2,EDU_INDEX,0.900667,undp,2026-09-28T16:03:28+00:00
AUS,2013,X1,IT.CEL.SETS.P2,107.332200908321,world_bank,2026-08-09T20:18:24+00:00
AUS,2013,X10,OSI,,un_egdi,2026-09-28T16:03:28+00:00
AUS,2013,X2,IT.NET.BBND.P2,25.7399315811014,world_bank,2026-08-09T20:18:24+00:00
AUS,2013,X3,EGDI,,un_egdi,2026-09-28T16:03:28+00:00
AUS,2013,X4,IT.NET.USER.ZS,83.453497167,world_bank,2026-08-09T20:18:24+00:00
AUS,2013,X5,NCSI_SCORE,,ncsi,2026-09-28T16:03:28+00:00
AUS,2013,X6,GII_SCORE,53.07,gii,2026-09-28T16:03:28+00:00
AUS,2013,X7,AI_READY,,oxford_insights,2026-09-28T16:03:28+00:00
AUS,2013,X8,GB.XPD.RSDV.GD.ZS,2.17733,world_bank,2026-08-09T20:18:24+00:00
AUS,2013,X9,BX.GSR.CCIS.ZS,3.97880538189997,world_bank,2026-08-09T20:18:24+00:00
AUS,2014,C1,NY.GDP.PCAP.PP.KD,55489.068844146,world_bank,2026-08-09T20:18:24+00:00
AUS,2014,C2,EDU_INDEX,0.905667,undp,2026-09-28T16:03:28+00:00
AUS,2014,X1,IT.CEL.SETS.P2,106.206237340596,world_bank,2026-08-09T20:18:24+00:00
AUS,2014,X10,OSI,0.92913,un_egdi,2026-09-28T16:03:28+00:00
AUS,2014,X2,IT.NET.BBND.P2,27.7000785019208,world_bank,2026-08-09T20:18:24+00:00
AUS,2014,X3,EGDI,0.91034,un_egdi,2026-09-28T16:03:28+00:00
AUS,2014,X4,IT.NET.USER.ZS,84.0,world_bank,2026-08-09T20:18:24+00:00
AUS,2014,X5,NCSI_SCORE,,ncsi,2026-09-28T16:03:28+00:00
AUS,2014,X6,GII_SCORE,55.01,gii,2026-09-28T16:03:28+00:00
AUS,2014,X7,AI_READY,,oxford_insights,2026-09-28T16:03:28+00:00
AUS,2014,X8,GB.XPD.RSDV.GD.ZS,,world_bank,2026-08-09T20:18:24+00:00
AUS,2014,X9,BX.GSR.CCIS.ZS,4.00269341940975,world_bank,2026-08-09T20:18:24+00:00
AUS,2015,C1,NY.GDP.PCAP.PP.KD,55879.9958817103,world_bank,2026-08-09T20:18:24+00:00
AUS,2015,C2,EDU_INDEX,0.908333,undp,2026-09-28T16:03:28+00:00
AUS,2015,X1,IT.CEL.SETS.P2,107.608142007003,world_bank,2026-08-09T20:18:24+00:00
AUS,2015,X10,OSI,,un_egdi,2026-09-28T16:03:28+00:00
AUS,2015,X2,IT.NET.BBND.P2,28.5117731324726,world_bank,2026-08-09T20:18:24+00:00
AUS,2015,X3,EGDI,,un_egdi,2026-09-28T16:03:28+00:00
AUS,2015,X4,IT.NET.USER.ZS,84.5605149091408,world_bank,2026-08-09T20:18:24+00:00
AUS,2015,X5,NCSI_SCORE,,ncsi,2026-09-28T16:03:28+00:00
AUS,2015,X6,GII_SCORE,55.22,gii,2026-09-28T16:03:28+00:00
AUS,2015,X7,AI_READY,,oxford_insights,2026-09-28T16:03:28+00:00
AUS,2015,X8,GB.XPD.RSDV.GD.ZS,1.91969,world_bank,2026-08-09T20:18:24+00:00
AUS,2015,X9,BX.GSR.CCIS.ZS,3.48225072552904,world_bank,2026-08-09T20:18:24+00:00
AUS,2016,C1,NY.GDP.PCAP.PP.KD,56529.951824687,world_bank,2026-08-09T20:18:24+00:00
AUS,2016,C2,EDU_INDEX,0.911667,undp,2026-09-28T16:03:28+00:00
AUS,2016,X1,IT.CEL.SETS.P2,109.128813718295,world_bank,2026-08-09T20:18:24+00:00
AUS,2016,X10,OSI,0.97826,un_egdi,2026-09-28T16:03:28+00:00
AUS,2016,X2,IT.NET.BBND.P2,30.3083074972206,world_bank,2026-08-09T20:18:24+00:00
AUS,2016,X3,EGDI,0.91428,un_egdi,2026-09-28T16:03:28+00:00
AUS,2016,X4,IT.NET.USER.ZS,86.54000092,world_bank,2026-08-09T20:18:24+00:00
AUS,2016,X5,NCSI_SCORE,,ncsi,2026-09-28T16:03:28+00:00
AUS,2016,X6,GII_SCORE,53.07,gii,2026-09-28T16:03:28+00:00
AUS,2016,X7,AI_READY,,oxford_insights,2026-09-28T16:03:28+00:00
AUS,2016,X8,GB.XPD.RSDV.GD.ZS,,world_bank,2026-08-09T20:18:24+00:00
AUS,2016,X9,BX.GSR.CCIS.ZS,3.39104131793731,world_bank,2026-08-09T20:18:24+00:00
AUS,2017,C1,NY.GDP.PCAP.PP.KD,56881.8569859104,world_bank,2026-08-09T20:18:24+00:00
AUS,2017,C2,EDU_INDEX,0.910667,undp,2026-09-28T16:03:28+00:00
AUS,2017,X1,IT.CEL.SETS.P2,107.799761578952,world_bank,2026-08-09T20:18:24+00:00
AUS,2017,X10,OSI,,un_egdi,2026-09-28T16:03:28+00:00
AUS,2017,X2,IT.NET.BBND.P2,32.0326223266488,world_bank,2026-08-09T20:18:24+00:00
AUS,2017,X3,EGDI,,un_egdi,2026-09-28T16:03:28+00:00
AUS,2017,X4,IT.NET.USER.ZS,86.5450488476768,world_bank,2026-08-09T20:18:24+00:00
AUS,2017,X5,NCSI_SCORE,,ncsi,2026-09-28T16:03:28+00:00
AUS,2017,X6,GII_SCORE,51.83,gii,2026-09-28T16:03:28+00:00
AUS,2017,X7,AI_READY,,oxford_insights,2026-09-28T16:03:28+00:00
AUS,2017,X8,GB.XPD.RSDV.GD.ZS,1.88102,world_bank,2026-08-09T20:18:24+00:00
AUS,2017,X9,BX.GSR.CCIS.ZS,3.12846845889695,world_bank,2026-08-09T20:18:24+00:00
AUS,2018,C1,NY.GDP.PCAP.PP.KD,57647.8455068105,world_bank,2026-08-09T20:18:24+00:00
AUS,2018,C2,EDU_INDEX,0.915333,undp,2026-09-28T16:03:28+00:00
AUS,2018,X1,IT.CEL.SETS.P2,110.033134941946,world_bank,2026-08-09T20:18:24+00:00
AUS,2018,X10,OSI,0.9722,un_egdi,2026-09-28T16:03:28+00:00
AUS,2018,X2,IT.NET.BBND.P2,33.5486251312018,world_bank,2026-08-09T20:18:24+00:00
AUS,2018,X3,EGDI,0.9053,un_egdi,2026-09-28T16:03:28+00:00
AUS,2018,X4,IT.NET.USER.ZS,90.0082016,world_bank,2026-08-09T20:18:24+00:00
AUS,2018,X5,NCSI_SCORE,,ncsi,2026-09-28T16:03:28+00:00
AUS,2018,X6,GII_SCORE,51.98,gii,2026-09-28T16:03:28+00:00
AUS,2018,X7,AI_READY,,oxford_insights,2026-09-28T16:03:28+00:00
AUS,2018,X8,GB.XPD.RSDV.GD.ZS,,world_bank,2026-08-09T20:18:24+00:00
AUS,2018,X9,BX.GSR.CCIS.ZS,3.34590837120138,world_bank,2026-08-09T20:18:24+00:00
AUS,2019,C1,NY.GDP.PCAP.PP.KD,58048.6188420831,world_bank,2026-08-09T20:18:24+00:00
AUS,2019,C2,EDU_INDEX,0.918667,undp,2026-09-28T16:03:28+00:00
AUS,2019,X1,IT.CEL.SETS.P2,109.752830879788,world_bank,2026-08-09T20:18:24+00:00
AUS,2019,X10,OSI,,un_egdi,2026-09-28T16:03:28+00:00
AUS,2019,X2,IT.NET.BBND.P2,34.5434163723691,world_bank,2026-08-09T20:18:24+00:00
AUS,2019,X3,EGDI,,un_egdi,2026-09-28T16:03:28+00:00
AUS,2019,X4,IT.NET.USER.ZS,93.60990143,world_bank,2026-08-09T20:18:24+00:00
AUS,2019,X5,NCSI_SCORE,,ncsi,2026-09-28T16:03:28+00:00
AUS,2019,X6,GII_SCORE,50.34,gii,2026-09-28T16:03:28+00:00
AUS,2019,X7,AI_READY,8.126,oxford_insights,2026-09-28T16:03:28+00:00
AUS,2019,X8,GB.XPD.RSDV.GD.ZS,1.82826,world_bank,2026-08-09T20:18:24+00:00
AUS,2019,X9,BX.GSR.CCIS.ZS,3.28826166040525,world_bank,2026-08-09T20:18:24+00:00
AUS,2020,C1,NY.GDP.PCAP.PP.KD,57260.4650530108,world_bank,2026-08-09T20:18:24+00:00
AUS,2020,C2,EDU_INDEX,0.921333,undp,2026-09-28T16:03:28+00:00
AUS,2020,X1,IT.CEL.SETS.P2,104.930155780087,world_bank,2026-08-09T20:18:24+00:00
AUS,2020,X10,OSI,0.9471,un_egdi,2026-09-28T16:03:28+00:00
AUS,2020,X2,IT.NET.BBND.P2,35.346849265518,world_bank,2026-08-09T20:18:24+00:00
AUS,2020,X3,EGDI,0.9432,un_egdi,2026-09-28T16:03:28+00:00
AUS,2020,X4,IT.NET.USER.ZS,94.6934967,world_bank,2026-08-09T20:18:24+00:00
AUS,2020,X5,NCSI_SCORE,,ncsi,2026-09-28T16:03:28+00:00
AUS,2020,X6,GII_SCORE,48.3516,gii,2026-09-28T16:03:28+00:00
AUS,2020,X7,AI_READY,73.577,oxford_insights,2026-09-28T16:03:28+00:00
AUS,2020,X8,GB.XPD.RSDV.GD.ZS,,world_bank,2026-08-09T20:18:24+00:00
AUS,2020,X9,BX.GSR.CCIS.ZS,3.86127547831478,world_bank,2026-08-09T20:18:24+00:00
AUS,2021,C1,NY.GDP.PCAP.PP.KD,58327.4146842325,world_bank,2026-08-09T20:18:24+00:00
AUS,2021,C2,EDU_INDEX,0.926,undp,2026-09-28T16:03:28+00:00
AUS,2021,X1,IT.CEL.SETS.P2,105.118514623956,world_bank,2026-08-09T20:18:24+00:00
AUS,2021,X10,OSI,,un_egdi,2026-09-28T16:03:28+00:00
AUS,2021,X2,IT.NET.BBND.P2,35.8359861455454,world_bank,2026-08-09T20:18:24+00:00
AUS,2021,X3,EGDI,,un_egdi,2026-09-28T16:03:28+00:00
AUS,2021,X4,IT.NET.USER.ZS,96.97219849,world_bank,2026-08-09T20:18:24+00:00
AUS,2021,X5,NCSI_SCORE,,ncsi,2026-09-28T16:03:28+00:00
AUS,2021,X6,GII_SCORE,48.2677,gii,2026-09-28T16:03:28+00:00
AUS,2021,X7,AI_READY,75.41,oxford_insights,2026-09-28T16:03:28+00:00
AUS,2021,X8,GB.XPD.RSDV.GD.ZS,1.85783,world_bank,2026-08-09T20:18:24+00:00
AUS,2021,X9,BX.GSR.CCIS.ZS,5.18824275459088,world_bank,2026-08-09T20:18:24+00:00
AUS,2022,C1,NY.GDP.PCAP.PP.KD,60029.1329190733,world_bank,2026-08-09T20:18:24+00:00
AUS,2022,C2,EDU_INDEX,0.929,undp,2026-09-28T16:03:28+00:00
AUS,2022,X1,IT.CEL.SETS.P2,109.469171081514,world_bank,2026-08-09T20:18:24+00:00
AUS,2022,X10,OSI,0.938,un_egdi,2026-09-28T16:03:28+00:00
AUS,2022,X2,IT.NET.BBND.P2,36.3933201898066,world_bank,2026-08-09T20:18:24+00:00
AUS,2022,X3,EGDI,0.9405,un_egdi,2026-09-28T16:03:28+00:00
AUS,2022,X4,IT.NET.USER.ZS,96.11940002,world_bank,2026-08-09T20:18:24+00:00
AUS,2022,X5,NCSI_SCORE,,ncsi,2026-09-28T16:03:28+00:00
AUS,2022,X6,GII_SCORE,47.1375,gii,2026-09-28T16:03:28+00:00
AUS,2022,X7,AI_READY,75.29,oxford_insights,2026-09-28T16:03:28+00:00
AUS,2022,X8,GB.XPD.RSDV.GD.ZS,,world_bank,2026-08-09T20:18:24+00:00
AUS,2022,X9,BX.GSR.CCIS.ZS,4.09783060678457,world_bank,2026-08-09T20:18:24+00:00
AUS,2023,C1,NY.GDP.PCAP.PP.KD,60684.9596204883,world_bank,2026-08-09T20:18:24+00:00
AUS,2023,C2,EDU_INDEX,0.929,undp,2026-09-28T16:03:28+00:00
AUS,2023,X1,IT.CEL.SETS.P2,112.513177133796,world_bank,2026-08-09T20:18:24+00:00
AUS,2023,X10,OSI,,un_egdi,2026-09-28T16:03:28+00:00
AUS,2023,X2,IT.NET.BBND.P2,36.627426494239,world_bank,2026-08-09T20:18:24+00:00
AUS,2023,X3,EGDI,,un_egdi,2026-09-28T16:03:28+00:00
AUS,2023,X4,IT.NET.USER.ZS,96.1160965,world_bank,2026-08-09T20:18:24+00:00
AUS,2023,X5,NCSI_SCORE,,ncsi,2026-09-28T16:03:28+00:00
AUS,2023,X6,GII_SCORE,49.7119,gii,2026-09-28T16:03:28+00:00
AUS,2023,X7,AI_READY,73.8886,oxford_insights,2026-09-28T16:03:28+00:00
AUS,2023,X8,GB.XPD.RSDV.GD.ZS,,world_bank,2026-08-09T20:18:24+00:00
AUS,2023,X9,BX.GSR.CCIS.ZS,3.2373078945217,world_bank,2026-08-09T20:18:24+00:00
AUS,2024,C1,NY.GDP.PCAP.PP.KD,60309.5831772339,world_bank,2026-08-09T20:18:24+00:00
AUS,2024,C2,EDU_INDEX,,undp,2026-09-28T16:03:28+00:00
AUS,2024,X1,IT.CEL.SETS.P2,112.581025002429,world_bank,2026-08-09T20:18:24+00:00
AUS,2024,X10,OSI,0.92219,un_egdi,2026-09-28T16:03:28+00:00
AUS,2024,X2,IT.NET.BBND.P2,36.4788276060473,world_bank,2026-08-09T20:18:24+00:00
AUS,2024,X3,EGDI,0.9577,un_egdi,2026-09-28T16:03:28+00:00
AUS,2024,X4,IT.NET.USER.ZS,96.13140106,world_bank,2026-08-09T20:18:24+00:00
AUS,2024,X5,NCSI_SCORE,87.5,ncsi,2026-09-28T16:03:28+00:00
AUS,2024,X6,GII_SCORE,48.0961,gii,2026-09-28T16:03:28+00:00
AUS,2024,X7,AI_READY,76.45,oxford_insights,2026-09-28T16:03:28+00:00
AUS,2024,X8,GB.XPD.RSDV.GD.ZS,,world_bank,2026-08-09T20:18:24+00:00
AUS,2024,X9,BX.GSR.CCIS.ZS,2.9841114443513,world_bank,2026-08-09T20:18:24+00:00
AUS,2025,C1,NY.GDP.PCAP.PP.KD,60194.0633547961,world_bank,2026-08-09T20:18:24+00:00
AUS,2025,C2,EDU_INDEX,,undp,2026-09-28T16:03:28+00:00
AUS,2025,X1,IT.CEL.SETS.P2,,world_bank,2026-08-09T20:18:24+00:00
AUS,2025,X10,OSI,,un_egdi,2026-09-28T16:03:28+00:00
AUS,2025,X2,IT.NET.BBND.P2,,world_bank,2026-08-09T20:18:24+00:00
AUS,2025,X3,EGDI,,un_egdi,2026-09-28T16:03:28+00:00
AUS,2025,X4,IT.NET.USER.ZS,,world_bank,2026-08-09T20:18:24+00:00
AUS,2025,X5,NCSI_SCORE,87.5,ncsi,2026-09-28T16:03:28+00:00
AUS,2025,X6,GII_SCORE,48.0058,gii,2026-09-28T16:03:28+00:00
AUS,2025,X7,AI_READY,,oxford_insights,2026-09-28T16:03:28+00:00
AUS,2025,X8,GB.XPD.RSDV.GD.ZS,,world_bank,2026-08-09T20:18:24+00:00
AUS,2025,X9,BX.GSR.CCIS.ZS,3.38942347976281,world_bank,2026-08-09T20:18:24+00:00
BRA,2012,C1,NY.GDP.PCAP.PP.KD,18832.2195527075,world_bank,2026-08-09T20:18:24+00:00
BRA,2012,C2,EDU_INDEX,0.663285,undp,2026-09-28T16:03:28+00:00
BRA,2012,X1,IT.CEL.SETS.P2,126.131962754994,world_bank,2026-08-09T20:18:24+00:00
BRA,2012,X10,OSI,0.6732,un_egdi,2026-09-28T16:03:28+00:00
BRA,2012,X2,IT.NET.BBND.P2,9.71151141846763,world_bank,2026-08-09T20:18:24+00:00
BRA,2012,X3,EGDI,0.61673,un_egdi,2026-09-28T16:03:28+00:00
BRA,2012,X4,IT.NET.USER.ZS,48.56,world_bank,2026-08-09T20:18:24+00:00
BRA,2012,X5,NCSI_SCORE,,ncsi,2026-09-28T16:03:28+00:00
BRA,2012,X6,GII_SCORE,36.6,gii,2026-09-28T16:03:28+00:00
BRA,2012,X7,AI_READY,,oxford_insights,2026-09-28T16:03:28+00:00
BRA,2012,X8,GB.XPD.RSDV.GD.ZS,1.12684,world_bank,2026-08-09T20:18:24+00:00
BRA,2012,X9,BX.GSR.CCIS.ZS,1.91565975312062,world_bank,2026-08-09T20:18:24+00:00
BRA,2013,C1,NY.GDP.PCAP.PP.KD,19241.5059815726,world_bank,2026-08-09T20:18:24+00:00
BRA,2013,C2,EDU_INDEX,0.666477,undp,2026-09-28T16:03:28+00:00
BRA,2013,X1,IT.CEL.SETS.P2,136.589138644321,world_bank,2026-08-09T20:18:24+00:00
BRA,2013,X10,OSI,,un_egdi,2026-09-28T16:03:28+00:00
BRA,2013,X2,IT.NET.BBND.P2,10.7622017659472,world_bank,2026-08-09T20:18:24+00:00
BRA,2013,X3,EGDI,,un_egdi,2026-09-28T16:03:28+00:00
BRA,2013,X4,IT.NET.USER.ZS,51.04,world_bank,2026-08-09T20:18:24+00:00
BRA,2013,X5,NCSI_SCORE,,ncsi,2026-09-28T16:03:28+00:00
BRA,2013,X6,GII_SCORE,36.33,gii,2026-09-28T16:03:28+00:00
BRA,2013,X7,AI_READY,,oxford_insights,2026-09-28T16:03:28+00:00
BRA,2013,X8,GB.XPD.RSDV.GD.ZS,1.19567,world_bank,2026-08-09T20:18:24+00:00
BRA,2013,X9,BX.GSR.CCIS.ZS,1.8811391183743,world_bank,2026-08-09T20:18:24+00:00
BRA,2014,C1,NY.GDP.PCAP.PP.KD,19183.172744636,world_bank,2026-08-09T20:18:24+00:00
BRA,2014,C2,EDU_INDEX,0.672893,undp,2026-09-28T16:03:28+00:00
BRA,2014,X1,IT.CEL.SETS.P2,140.304679417776,world_bank,2026-08-09T20:18:24+00:00
BRA,2014,X10,OSI,0.59842,un_egdi,2026-09-28T16:03:28+00:00
BRA,2014,X2,IT.NET.BBND.P2,11.9790772854396,world_bank,2026-08-09T20:18:24+00:00
BRA,2014,X3,EGDI,0.60082,un_egdi,2026-09-28T16:03:28+00:00
BRA,2014,X4,IT.NET.USER.ZS,54.5510018796392,world_bank,2026-08-09T20:18:24+00:00
BRA,2014,X5,NCSI_SCORE,,ncsi,2026-09-28T16:03:28+00:00
BRA,2014,X6,GII_SCORE,36.29,gii,2026-09-28T16:03:28+00:00
BRA,2014,X7,AI_READY,,oxford_insights,2026-09-28T16:03:28+00:00
BRA,2014,X8,GB.XPD.RSDV.GD.ZS,1.26971,world_bank,2026-08-09T20:18:24+00:00
BRA,2014,X9,BX.GSR.CCIS.ZS,3.66210415949383,world_bank,2026-08-09T20:18:24+00:00
BRA,2015,C1,NY.GDP.PCAP.PP.KD,18357.0690617991,world_bank,2026-08-09T20:18:24+00:00
BRA,2015,C2,EDU_INDEX,0.673817,undp,2026-09-28T16:03:28+00:00
BRA,2015,X1,IT.CEL.SETS.P2,127.83616904008,world_bank,2026-08-09T20:18:24+00:00
BRA,2015,X10,OSI,,un_egdi,2026-09-28T16:03:28+00:00
BRA,2015,X2,IT.NET.BBND.P2,12.6353840484725,world_bank,2026-08-09T20:18:24+00:00
BRA,2015,X3,EGDI,,un_egdi,2026-09-28T16:03:28+00:00
BRA,2015,X4,IT.NET.USER.ZS,58.3279517340924,world_bank,2026-08-09T20:18:24+00:00
BRA,2015,X5,NCSI_SCORE,,ncsi,2026-09-28T16:03:28+00:00
BRA,2015,X6,GII_SCORE,34.95,gii,2026-09-28T16:03:28+00:00
BRA,2015,X7,AI_READY,,oxford_insights,2026-09-28T16:03:28+00:00
BRA,2015,X8,GB.XPD.RSDV.GD.ZS,1.28464,world_bank,2026-08-09T20:18:24+00:00
BRA,2015,X9,BX.GSR.CCIS.ZS,4.66664170620766,world_bank,2026-08-09T20:18:24+00:00
BRA,2016,C1,NY.GDP.PCAP.PP.KD,17620.9272434136,world_bank,2026-08-09T20:18:24+00:00
BRA,2016,C2,EDU_INDEX,0.682509,undp,2026-09-28T16:03:28+00:00
BRA,2016,X1,IT.CEL.SETS.P2,120.101181531485,world_bank,2026-08-09T20:18:24+00:00
BRA,2016,X10,OSI,0.73188,un_egdi,2026-09-28T16:03:28+00:00
BRA,2016,X2,IT.NET.BBND.P2,13.217709027651,world_bank,2026-08-09T20:18:24+00:00
BRA,2016,X3,EGDI,0.63769,un_egdi,2026-09-28T16:03:28+00:00
BRA,2016,X4,IT.NET.USER.ZS,60.8725400681261,world_bank,2026-08-09T20:18:24+00:00
BRA,2016,X5,NCSI_SCORE,,ncsi,2026-09-28T16:03:28+00:00
BRA,2016,X6,GII_SCORE,33.19,gii,2026-09-28T16:03:28+00:00
BRA,2016,X7,AI_READY,,oxford_insights,2026-09-28T16:03:28+00:00
BRA,2016,X8,GB.XPD.RSDV.GD.ZS,1.19584,world_bank,2026-08-09T20:18:24+00:00
BRA,2016,X9,BX.GSR.CCIS.ZS,5.45703084926473,world_bank,2026-08-09T20:18:24+00:00
BRA,2017,C1,NY.GDP.PCAP.PP.KD,17724.4799577784,world_bank,2026-08-09T20:18:24+00:00
BRA,2017,C2,EDU_INDEX,0.689639,undp,2026-09-28T16:03:28+00:00
BRA,2017,X1,IT.CEL.SETS.P2,108.092570205646,world_bank,2026-08-09T20:18:24+00:00
BRA,2017,X10,OSI,,un_egdi,2026-09-28T16:03:28+00:00
BRA,2017,X2,IT.NET.BBND.P2,14.1218273097456,world_bank,2026-08-09T20:18:24+00:00
BRA,2017,X3,EGDI,,un_egdi,2026-09-28T16:03:28+00:00
BRA,2017,X4,IT.NET.USER.ZS,67.4712845236305,world_bank,2026-08-09T20:18:24+00:00
BRA,2017,X5,NCSI_SCORE,,ncsi,2026-09-28T16:03:28+00:00
BRA,2017,X6,GII_SCORE,33.1,gii,2026-09-28T16:03:28+00:00
BRA,2017,X7,AI_READY,,oxford_insights,2026-09-28T16:03:28+00:00
BRA,2017,X8,GB.XPD.RSDV.GD.ZS,1.1175,world_bank,2026-08-09T20:18:24+00:00
BRA,2017,X9,BX.GSR.CCIS.ZS,6.57356373822204,world_bank,2026-08-09T20:18:24+00:00
BRA,2018,C1,NY.GDP.PCAP.PP.KD,17917.7492123359,world_bank,2026-08-09T20:18:24+00:00
BRA,2018,C2,EDU_INDEX,0.69666,undp,2026-09-28T16:03:28+00:00
BRA,2018,X1,IT.CEL.SETS.P2,101.602460284017,world_bank,2026-08-09T20:18:24+00:00
BRA,2018,X10,OSI,0.9236,un_egdi,2026-09-28T16:03:28+00:00
BRA,2018,X2,IT.NET.BBND.P2,15.1537620986579,world_bank,2026-08-09T20:18:24+00:00
BRA,2018,X3,EGDI,0.7327,un_egdi,2026-09-28T16:03:28+00:00
BRA,2018,X4,IT.NET.USER.ZS,70.4342825404361,world_bank,2026-08-09T20:18:24+00:00
BRA,2018,X5,NCSI_SCORE,,ncsi,2026-09-28T16:03:28+00:00
BRA,2018,X6,GII_SCORE,33.44,gii,2026-09-28T16:03:28+00:00
BRA,2018,X7,AI_READY,,oxford_insights,2026-09-28T16:03:28+00:00
BRA,2018,X8,GB.XPD.RSDV.GD.ZS,1.15016,world_bank,2026-08-09T20:18:24+00:00
BRA,2018,X9,BX.GSR.CCIS.ZS,7.68841772324128,world_bank,2026-08-09T20:18:24+00:00
BRA,2019,C1,NY.GDP.PCAP.PP.KD,18018.6209151518,world_bank,2026-08-09T20:18:24+00:00
BRA,2019,C2,EDU_INDEX,0.700008,undp,2026-09-28T16:03:28+00:00
BRA,2019,X1,IT.CEL.SETS.P2,97.3747376780285,world_bank,2026-08-09T20:18:24+00:00
BRA,2019,X10,OSI,,un_egdi,2026-09-28T16:03:28+00:00
BRA,2019,X2,IT.NET.BBND.P2,15.8621991239093,world_bank,2026-08-09T20:18:24+00:00
BRA,2019,X3,EGDI,,un_egdi,2026-09-28T16:03:28+00:00
BRA,2019,X4,IT.NET.USER.ZS,73.9124399133589,world_bank,2026-08-09T20:18:24+00:00
BRA,2019,X5,NCSI_SCORE,,ncsi,2026-09-28T16:03:28+00:00
BRA,2019,X6,GII_SCORE,33.82,gii,2026-09-28T16:03:28+00:00
BRA,2019,X7,AI_READY,6.157,oxford_insights,2026-09-28T16:03:28+00:00
BRA,2019,X8,GB.XPD.RSDV.GD.ZS,1.15115,world_bank,2026-08-09T20:18:24+00:00
BRA,2019,X9,BX.GSR.CCIS.ZS,7.79155072187296,world_bank,2026-08-09T20:18:24+00:00
BRA,2020,C1,NY.GDP.PCAP.PP.KD,17327.5157249466,world_bank,2026-08-09T20:18:24+00:00
BRA,2020,C2,EDU_INDEX,0.704862,undp,2026-09-28T16:03:28+00:00
BRA,2020,X1,IT.CEL.SETS.P2,98.6456198619193,world_bank,2026-08-09T20:18:24+00:00
BRA,2020,X10,OSI,0.8706,un_egdi,2026-09-28T16:03:28+00:00
BRA,2020,X2,IT.NET.BBND.P2,17.418059685583,world_bank,2026-08-09T20:18:24+00:00
BRA,2020,X3,EGDI,0.7677,un_egdi,2026-09-28T16:03:28+00:00
BRA,2020,X4,IT.NET.USER.ZS,81.34269353,world_bank,2026-08-09T20:18:24+00:00
BRA,2020,X5,NCSI_SCORE,,ncsi,2026-09-28T16:03:28+00:00
BRA,2020,X6,GII_SCORE,31.9367,gii,2026-09-28T16:03:28+00:00
BRA,2020,X7,AI_READY,47.464,oxford_insights,2026-09-28T16:03:28+00:00
BRA,2020,X8,GB.XPD.RSDV.GD.ZS,1.21907,world_bank,2026-08-09T20:18:24+00:00
BRA,2020,X9,BX.GSR.CCIS.ZS,9.27436242667849,world_bank,2026-08-09T20:18:24+00:00
BRA,2021,C1,NY.GDP.PCAP.PP.KD,18075.7060049068,world_bank,2026-08-09T20:18:24+00:00
BRA,2021,C2,EDU_INDEX,0.71359,undp,2026-09-28T16:03:28+00:00
BRA,2021,X1,IT.CEL.SETS.P2,104.824727184587,world_bank,2026-08-09T20:18:24+00:00
BRA,2021,X10,OSI,,un_egdi,2026-09-28T16:03:28+00:00
BRA,2021,X2,IT.NET.BBND.P2,19.8363162401481,world_bank,2026-08-09T20:18:24+00:00
BRA,2021,X3,EGDI,,un_egdi,2026-09-28T16:03:28+00:00
BRA,2021,X4,IT.NET.USER.ZS,80.68989314,world_bank,2026-08-09T20:18:24+00:00
BRA,2021,X5,NCSI_SCORE,,ncsi,2026-09-28T16:03:28+00:00
BRA,2021,X6,GII_SCORE,34.2121,gii,2026-09-28T16:03:28+00:00
BRA,2021,X7,AI_READY,60.64,oxford_insights,2026-09-28T16:03:28+00:00
BRA,2021,X8,GB.XPD.RSDV.GD.ZS,1.13371,world_bank,2026-08-09T20:18:24+00:00
BRA,2021,X9,BX.GSR.CCIS.ZS,10.4839137256087,world_bank,2026-08-09T20:18:24+00:00
BRA,2022,C1,NY.GDP.PCAP.PP.KD,18554.0461828566,world_bank,2026-08-09T20:18:24+00:00
BRA,2022,C2,EDU_INDEX,0.719532,undp,2026-09-28T16:03:28+00:00
BRA,2022,X1,IT.CEL.SETS.P2,101.245468903076,world_bank,2026-08-09T20:18:24+00:00
BRA,2022,X10,OSI,0.8964,un_egdi,2026-09-28T16:03:28+00:00
BRA,2022,X2,IT.NET.BBND.P2,20.9534469027015,world_bank,2026-08-09T20:18:24+00:00
BRA,2022,X3,EGDI,0.791,un_egdi,2026-09-28T16:03:28+00:00
BRA,2022,X4,IT.NET.USER.ZS,80.52775094,world_bank,2026-08-09T20:18:24+00:00
BRA,2022,X5,NCSI_SCORE,,ncsi,2026-09-28T16:03:28+00:00
BRA,2022,X6,GII_SCORE,32.5368,gii,2026-09-28T16:03:28+00:00
BRA,2022,X7,AI_READY,62.37,oxford_insights,2026-09-28T16:03:28+00:00
BRA,2022,X8,GB.XPD.RSDV.GD.ZS,1.18873,world_bank,2026-08-09T20:18:24+00:00
BRA,2022,X9,BX.GSR.CCIS.ZS,11.6014480812492,world_bank,2026-08-09T20:18:24+00:00
BRA,2023,C1,NY.GDP.PCAP.PP.KD,19079.8122134028,world_bank,2026-08-09T20:18:24+00:00
BRA,2023,C2,EDU_INDEX,0.719532,undp,2026-09-28T16:03:28+00:00
BRA,2023,X1,IT.CEL.SETS.P2,101.020256020808,world_bank,2026-08-09T20:18:24+00:00
BRA,2023,X10,OSI,,un_egdi,2026-09-28T16:03:28+00:00
BRA,2023,X2,IT.NET.BBND.P2,22.4192301618889,world_bank,2026-08-09T20:18:24+00:00
BRA,2023,X3,EGDI,,un_egdi,2026-09-28T16:03:28+00:00
BRA,2023,X4,IT.NET.USER.ZS,84.15060238,world_bank,2026-08-09T20:18:24+00:00
BRA,2023,X5,NCSI_SCORE,,ncsi,2026-09-28T16:03:28+00:00
BRA,2023,X6,GII_SCORE,33.6453,gii,2026-09-28T16:03:28+00:00
BRA,2023,X7,AI_READY,63.6992,oxford_insights,2026-09-28T16:03:28+00:00
BRA,2023,X8,GB.XPD.RSDV.GD.ZS,1.1938,world_bank,2026-08-09T20:18:24+00:00
BRA,2023,X9,BX.GSR.CCIS.ZS,12.7142674668203,world_bank,2026-08-09T20:18:24+00:00
BRA,2024,C1,NY.GDP.PCAP.PP.KD,19652.365499171,world_bank,2026-08-09T20:18:24+00:00
BRA,2024,C2,EDU_INDEX,,undp,2026-09-28T16:03:28+00:00
BRA,2024,X1,IT.CEL.SETS.P2,101.926846460424,world_bank,2026-08-09T20:18:24+00:00
BRA,2024,X10,OSI,0.90631,un_egdi,2026-09-28T16:03:28+00:00
BRA,2024,X2,IT.NET.BBND.P2,24.079199344422,world_bank,2026-08-09T20:18:24+00:00
BRA,2024,X3,EGDI,0.84026,un_egdi,2026-09-28T16:03:28+00:00
BRA,2024,X4,IT.NET.USER.ZS,84.46347227,world_bank,2026-08-09T20:18:24+00:00
BRA,2024,X5,NCSI_SCORE,,ncsi,2026-09-28T16:03:28+00:00
BRA,2024,X6,GII_SCORE,32.7401,gii,2026-09-28T16:03:28+00:00
BRA,2024,X7,AI_READY,65.89,oxford_insights,2026-09-28T16:03:28+00:00
BRA,2024,X8,GB.XPD.RSDV.GD.ZS,,world_bank,2026-08-09T20:18:24+00:00
BRA,2024,X9,BX.GSR.CCIS.ZS,12.5746509091821,world_bank,2026-08-09T20:18:24+00:00
BRA,2025,C1,NY.GDP.PCAP.PP.KD,20024.6968256903,world_bank,2026-08-09T20:18:24+00:00
BRA,2025,C2,EDU_INDEX,,undp,2026-09-28T16:03:28+00:00
BRA,2025,X1,IT.CEL.SETS.P2,,world_bank,2026-08-09T20:18:24+00:00
BRA,2025,X10,OSI,,un_egdi,2026-09-28T16:03:28+00:00
BRA,2025,X2,IT.NET.BBND.P2,,world_bank,2026-08-09T20:18:24+00:00
BRA,2025,X3,EGDI,,un_egdi,2026-09-28T16:03:28+00:00
BRA,2025,X4,IT.NET.USER.ZS,,world_bank,2026-08-09T20:18:24+00:00
BRA,2025,X5,NCSI_SCORE,71.67,ncsi,2026-09-28T16:03:28+00:00
BRA,2025,X6,GII_SCORE,32.869,gii,2026-09-28T16:03:28+00:00
BRA,2025,X7,AI_READY,,oxford_insights,2026-09-28T16:03:28+00:00
BRA,2025,X8,GB.XPD.RSDV.GD.ZS,,world_bank,2026-08-09T20:18:24+00:00
BRA,2025,X9,BX.GSR.CCIS.ZS,13.6726278252098,world_bank,2026-08-09T20:18:24+00:00
CAN,2012,C1,NY.GDP.PCAP.PP.KD,54034.7821680318,world_bank,2026-08-09T20:18:24+00:00
CAN,2012,C2,EDU_INDEX,0.889982,undp,2026-09-28T16:03:28+00:00
CAN,2012,X1,IT.CEL.SETS.P2,79.3757242462141,world_bank,2026-08-09T20:18:24+00:00
CAN,2012,X10,OSI,0.88888,un_egdi,2026-09-28T16:03:28+00:00
CAN,2012,X2,IT.NET.BBND.P2,33.4738596726536,world_bank,2026-08-09T20:18:24+00:00
CAN,2012,X3,EGDI,0.84299,un_egdi,2026-09-28T16:03:28+00:00
CAN,2012,X4,IT.NET.USER.ZS,83.0,world_bank,2026-08-09T20:18:24+00:00
CAN,2012,X5,NCSI_SCORE,,ncsi,2026-09-28T16:03:28+00:00
CAN,2012,X6,GII_SCORE,56.9,gii,2026-09-28T16:03:28+00:00
CAN,2012,X7,AI_READY,,oxford_insights,2026-09-28T16:03:28+00:00
CAN,2012,X8,GB.XPD.RSDV.GD.ZS,1.77303,world_bank,2026-08-09T20:18:24+00:00
CAN,2012,X9,BX.GSR.CCIS.ZS,11.3219819190981,world_bank,2026-08-09T20:18:24+00:00
CAN,2013,C1,NY.GDP.PCAP.PP.KD,54712.1568593677,world_bank,2026-08-09T20:18:24+00:00
CAN,2013,C2,EDU_INDEX,0.893905,undp,2026-09-28T16:03:28+00:00
CAN,2013,X1,IT.CEL.SETS.P2,80.3548920843149,world_bank,2026-08-09T20:18:24+00:00
CAN,2013,X10,OSI,,un_egdi,2026-09-28T16:03:28+00:00
CAN,2013,X2,IT.NET.BBND.P2,34.2683042479886,world_bank,2026-08-09T20:18:24+00:00
CAN,2013,X3,EGDI,,un_egdi,2026-09-28T16:03:28+00:00
CAN,2013,X4,IT.NET.USER.ZS,85.80000305,world_bank,2026-08-09T20:18:24+00:00
CAN,2013,X5,NCSI_SCORE,,ncsi,2026-09-28T16:03:28+00:00
CAN,2013,X6,GII_SCORE,57.6,gii,2026-09-28T16:03:28+00:00
CAN,2013,X7,AI_READY,,oxford_insights,2026-09-28T16:03:28+00:00
CAN,2013,X8,GB.XPD.RSDV.GD.ZS,1.70624,world_bank,2026-08-09T20:18:24+00:00
CAN,2013,X9,BX.GSR.CCIS.ZS,9.55939580147429,world_bank,2026-08-09T20:18:24+00:00
CAN,2014,C1,NY.GDP.PCAP.PP.KD,55723.4615652506,world_bank,2026-08-09T20:18:24+00:00
CAN,2014,C2,EDU_INDEX,0.896389,undp,2026-09-28T16:03:28+00:00
CAN,2014,X1,IT.CEL.SETS.P2,80.790219211487,world_bank,2026-08-09T20:18:24+00:00
CAN,2014,X10,OSI,0.91338,un_egdi,2026-09-28T16:03:28+00:00
CAN,2014,X2,IT.NET.BBND.P2,35.2694249557112,world_bank,2026-08-09T20:18:24+00:00
CAN,2014,X3,EGDI,0.84177,un_egdi,2026-09-28T16:03:28+00:00
CAN,2014,X4,IT.NET.USER.ZS,87.12000275,world_bank,2026-08-09T20:18:24+00:00
CAN,2014,X5,NCSI_SCORE,,ncsi,2026-09-28T16:03:28+00:00
CAN,2014,X6,GII_SCORE,56.13,gii,2026-09-28T16:03:28+00:00
CAN,2014,X7,AI_READY,,oxford_insights,2026-09-28T16:03:28+00:00
CAN,2014,X8,GB.XPD.RSDV.GD.ZS,1.71482,world_bank,2026-08-09T20:18:24+00:00
CAN,2014,X9,BX.GSR.CCIS.ZS,8.99388723512204,world_bank,2026-08-09T20:18:24+00:00
CAN,2015,C1,NY.GDP.PCAP.PP.KD,55660.8455840759,world_bank,2026-08-09T20:18:24+00:00
CAN,2015,C2,EDU_INDEX,0.899664,undp,2026-09-28T16:03:28+00:00
CAN,2015,X1,IT.CEL.SETS.P2,82.767383138656,world_bank,2026-08-09T20:18:24+00:00
CAN,2015,X10,OSI,,un_egdi,2026-09-28T16:03:28+00:00
CAN,2015,X2,IT.NET.BBND.P2,36.4698589080979,world_bank,2026-08-09T20:18:24+00:00
CAN,2015,X3,EGDI,,un_egdi,2026-09-28T16:03:28+00:00
CAN,2015,X4,IT.NET.USER.ZS,90.0,world_bank,2026-08-09T20:18:24+00:00
CAN,2015,X5,NCSI_SCORE,,ncsi,2026-09-28T16:03:28+00:00
CAN,2015,X6,GII_SCORE,55.73,gii,2026-09-28T16:03:28+00:00
CAN,2015,X7,AI_READY,,oxford_insights,2026-09-28T16:03:28+00:00
CAN,2015,X8,GB.XPD.RSDV.GD.ZS,1.6936,world_bank,2026-08-09T20:18:24+00:00
CAN,2015,X9,BX.GSR.CCIS.ZS,8.60034408651586,world_bank,2026-08-09T20:18:24+00:00
CAN,2016,C1,NY.GDP.PCAP.PP.KD,55606.1329948184,world_bank,2026-08-09T20:18:24+00:00
CAN,2016,C2,EDU_INDEX,0.900261,undp,2026-09-28T16:03:28+00:00
CAN,2016,X1,IT.CEL.SETS.P2,84.5919452304565,world_bank,2026-08-09T20:18:24+00:00
CAN,2016,X10,OSI,0.95652,un_egdi,2026-09-28T16:03:28+00:00
CAN,2016,X2,IT.NET.BBND.P2,36.8232874759276,world_bank,2026-08-09T20:18:24+00:00
CAN,2016,X3,EGDI,0.82847,un_egdi,2026-09-28T16:03:28+00:00
CAN,2016,X4,IT.NET.USER.ZS,91.16000366,world_bank,2026-08-09T20:18:24+00:00
CAN,2016,X5,NCSI_SCORE,,ncsi,2026-09-28T16:03:28+00:00
CAN,2016,X6,GII_SCORE,54.71,gii,2026-09-28T16:03:28+00:00
CAN,2016,X7,AI_READY,,oxford_insights,2026-09-28T16:03:28+00:00
CAN,2016,X8,GB.XPD.RSDV.GD.ZS,1.72903,world_bank,2026-08-09T20:18:24+00:00
CAN,2016,X9,BX.GSR.CCIS.ZS,8.20562037854801,world_bank,2026-08-09T20:18:24+00:00
CAN,2017,C1,NY.GDP.PCAP.PP.KD,56612.3062191777,world_bank,2026-08-09T20:18:24+00:00
CAN,2017,C2,EDU_INDEX,0.903013,undp,2026-09-28T16:03:28+00:00
CAN,2017,X1,IT.CEL.SETS.P2,86.1024018448784,world_bank,2026-08-09T20:18:24+00:00
CAN,2017,X10,OSI,,un_egdi,2026-09-28T16:03:28+00:00
CAN,2017,X2,IT.NET.BBND.P2,37.8276923396247,world_bank,2026-08-09T20:18:24+00:00
CAN,2017,X3,EGDI,,un_egdi,2026-09-28T16:03:28+00:00
CAN,2017,X4,IT.NET.USER.ZS,92.70140076,world_bank,2026-08-09T20:18:24+00:00
CAN,2017,X5,NCSI_SCORE,,ncsi,2026-09-28T16:03:28+00:00
CAN,2017,X6,GII_SCORE,53.65,gii,2026-09-28T16:03:28+00:00
CAN,2017,X7,AI_READY,,oxford_insights,2026-09-28T16:03:28+00:00
CAN,2017,X8,GB.XPD.RSDV.GD.ZS,1.68702,world_bank,2026-08-09T20:18:24+00:00
CAN,2017,X9,BX.GSR.CCIS.ZS,8.49564421892629,world_bank,2026-08-09T20:18:24+00:00
CAN,2018,C1,NY.GDP.PCAP.PP.KD,57337.4682870033,world_bank,2026-08-09T20:18:24+00:00
CAN,2018,C2,EDU_INDEX,0.902147,undp,2026-09-28T16:03:28+00:00
CAN,2018,X1,IT.CEL.SETS.P2,89.0494584998715,world_bank,2026-08-09T20:18:24+00:00
CAN,2018,X10,OSI,0.9306,un_egdi,2026-09-28T16:03:28+00:00
CAN,2018,X2,IT.NET.BBND.P2,38.7333531661948,world_bank,2026-08-09T20:18:24+00:00
CAN,2018,X3,EGDI,0.8258,un_egdi,2026-09-28T16:03:28+00:00
CAN,2018,X4,IT.NET.USER.ZS,94.64,world_bank,2026-08-09T20:18:24+00:00
CAN,2018,X5,NCSI_SCORE,,ncsi,2026-09-28T16:03:28+00:00
CAN,2018,X6,GII_SCORE,52.98,gii,2026-09-28T16:03:28+00:00
CAN,2018,X7,AI_READY,,oxford_insights,2026-09-28T16:03:28+00:00
CAN,2018,X8,GB.XPD.RSDV.GD.ZS,1.7372,world_bank,2026-08-09T20:18:24+00:00
CAN,2018,X9,BX.GSR.CCIS.ZS,10.0062633713473,world_bank,2026-08-09T20:18:24+00:00
CAN,2019,C1,NY.GDP.PCAP.PP.KD,57583.8230739204,world_bank,2026-08-09T20:18:24+00:00
CAN,2019,C2,EDU_INDEX,0.903059,undp,2026-09-28T16:03:28+00:00
CAN,2019,X1,IT.CEL.SETS.P2,90.9589210049458,world_bank,2026-08-09T20:18:24+00:00
CAN,2019,X10,OSI,,un_egdi,2026-09-28T16:03:28+00:00
CAN,2019,X2,IT.NET.BBND.P2,40.076756874499,world_bank,2026-08-09T20:18:24+00:00
CAN,2019,X3,EGDI,,un_egdi,2026-09-28T16:03:28+00:00
CAN,2019,X4,IT.NET.USER.ZS,91.91290283,world_bank,2026-08-09T20:18:24+00:00
CAN,2019,X5,NCSI_SCORE,,ncsi,2026-09-28T16:03:28+00:00
CAN,2019,X6,GII_SCORE,53.88,gii,2026-09-28T16:03:28+00:00
CAN,2019,X7,AI_READY,8.674,oxford_insights,2026-09-28T16:03:28+00:00
CAN,2019,X8,GB.XPD.RSDV.GD.ZS,1.75578,world_bank,2026-08-09T20:18:24+00:00
CAN,2019,X9,BX.GSR.CCIS.ZS,11.6770691777618,world_bank,2026-08-09T20:18:24+00:00
CAN,2020,C1,NY.GDP.PCAP.PP.KD,54092.8576890836,world_bank,2026-08-09T20:18:24+00:00
CAN,2020,C2,EDU_INDEX,0.904307,undp,2026-09-28T16:03:28+00:00
CAN,2020,X1,IT.CEL.SETS.P2,84.7747749116615,world_bank,2026-08-09T20:18:24+00:00
CAN,2020,X10,OSI,0.8412,un_egdi,2026-09-28T16:03:28+00:00
CAN,2020,X2,IT.NET.BBND.P2,40.7949805592606,world_bank,2026-08-09T20:18:24+00:00
CAN,2020,X3,EGDI,0.842,un_egdi,2026-09-28T16:03:28+00:00
CAN,2020,X4,IT.NET.USER.ZS,92.3,world_bank,2026-08-09T20:18:24+00:00
CAN,2020,X5,NCSI_SCORE,,ncsi,2026-09-28T16:03:28+00:00
CAN,2020,X6,GII_SCORE,52.2615,gii,2026-09-28T16:03:28+00:00
CAN,2020,X7,AI_READY,73.158,oxford_insights,2026-09-28T16:03:28+00:00
CAN,2020,X8,GB.XPD.RSDV.GD.ZS,1.93413,world_bank,2026-08-09T20:18:24+00:00
CAN,2020,X9,BX.GSR.CCIS.ZS,14.55803443525,world_bank,2026-08-09T20:18:24+00:00
CAN,2021,C1,NY.GDP.PCAP.PP.KD,56995.0952020711,world_bank,2026-08-09T20:18:24+00:00
CAN,2021,C2,EDU_INDEX,0.905689,undp,2026-09-28T16:03:28+00:00
CAN,2021,X1,IT.CEL.SETS.P2,87.4056019628826,world_bank,2026-08-09T20:18:24+00:00
CAN,2021,X10,OSI,,un_egdi,2026-09-28T16:03:28+00:00
CAN,2021,X2,IT.NET.BBND.P2,41.6930962576979,world_bank,2026-08-09T20:18:24+00:00
CAN,2021,X3,EGDI,,un_egdi,2026-09-28T16:03:28+00:00
CAN,2021,X4,IT.NET.USER.ZS,93.93710327,world_bank,2026-08-09T20:18:24+00:00
CAN,2021,X5,NCSI_SCORE,,ncsi,2026-09-28T16:03:28+00:00
CAN,2021,X6,GII_SCORE,53.1368,gii,2026-09-28T16:03:28+00:00
CAN,2021,X7,AI_READY,77.73,oxford_insights,2026-09-28T16:03:28+00:00
CAN,2021,X8,GB.XPD.RSDV.GD.ZS,1.87064,world_bank,2026-08-09T20:18:24+00:00
CAN,2021,X9,BX.GSR.CCIS.ZS,16.4399823293577,world_bank,2026-08-09T20:18:24+00:00
CAN,2022,C1,NY.GDP.PCAP.PP.KD,58583.1299860138,world_bank,2026-08-09T20:18:24+00:00
CAN,2022,C2,EDU_INDEX,0.903674,undp,2026-09-28T16:03:28+00:00
CAN,2022,X1,IT.CEL.SETS.P2,91.2386689983444,world_bank,2026-08-09T20:18:24+00:00
CAN,2022,X10,OSI,0.8504,un_egdi,2026-09-28T16:03:28+00:00
CAN,2022,X2,IT.NET.BBND.P2,42.1792116530791,world_bank,2026-08-09T20:18:24+00:00
CAN,2022,X3,EGDI,0.8511,un_egdi,2026-09-28T16:03:28+00:00
CAN,2022,X4,IT.NET.USER.ZS,94.0,world_bank,2026-08-09T20:18:24+00:00
CAN,2022,X5,NCSI_SCORE,,ncsi,2026-09-28T16:03:28+00:00
CAN,2022,X6,GII_SCORE,50.7615,gii,2026-09-28T16:03:28+00:00
CAN,2022,X7,AI_READY,77.39,oxford_insights,2026-09-28T16:03:28+00:00
CAN,2022,X8,GB.XPD.RSDV.GD.ZS,1.81291,world_bank,2026-08-09T20:18:24+00:00
CAN,2022,X9,BX.GSR.CCIS.ZS,15.1445109066633,world_bank,2026-08-09T20:18:24+00:00
CAN,2023,C1,NY.GDP.PCAP.PP.KD,58088.3778077995,world_bank,2026-08-09T20:18:24+00:00
CAN,2023,C2,EDU_INDEX,0.903674,undp,2026-09-28T16:03:28+00:00
CAN,2023,X1,IT.CEL.SETS.P2,94.1497268194785,world_bank,2026-08-09T20:18:24+00:00
CAN,2023,X10,OSI,,un_egdi,2026-09-28T16:03:28+00:00
CAN,2023,X2,IT.NET.BBND.P2,42.5241770773151,world_bank,2026-08-09T20:18:24+00:00
CAN,2023,X3,EGDI,,un_egdi,2026-09-28T16:03:28+00:00
CAN,2023,X4,IT.NET.USER.ZS,94.14530182,world_bank,2026-08-09T20:18:24+00:00
CAN,2023,X5,NCSI_SCORE,,ncsi,2026-09-28T16:03:28+00:00
CAN,2023,X6,GII_SCORE,53.7853,gii,2026-09-28T16:03:28+00:00
CAN,2023,X7,AI_READY,77.0689,oxford_insights,2026-09-28T16:03:28+00:00
CAN,2023,X8,GB.XPD.RSDV.GD.ZS,1.81048,world_bank,2026-08-09T20:18:24+00:00
CAN,2023,X9,BX.GSR.CCIS.ZS,15.2209353083082,world_bank,2026-08-09T20:18:24+00:00
CAN,2024,C1,NY.GDP.PCAP.PP.KD,57534.0915185335,world_bank,2026-08-09T20:18:24+00:00
CAN,2024,C2,EDU_INDEX,,undp,2026-09-28T16:03:28+00:00
CAN,2024,X1,IT.CEL.SETS.P2,94.1059718794246,world_bank,2026-08-09T20:18:24+00:00
CAN,2024,X10,OSI,0.85516,un_egdi,2026-09-28T16:03:28+00:00
CAN,2024,X2,IT.NET.BBND.P2,42.5238215177079,world_bank,2026-08-09T20:18:24+00:00
CAN,2024,X3,EGDI,0.84516,un_egdi,2026-09-28T16:03:28+00:00
CAN,2024,X4,IT.NET.USER.ZS,94.353302,world_bank,2026-08-09T20:18:24+00:00
CAN,2024,X5,NCSI_SCORE,87.5,ncsi,2026-09-28T16:03:28+00:00
CAN,2024,X6,GII_SCORE,52.9053,gii,2026-09-28T16:03:28+00:00
CAN,2024,X7,AI_READY,78.18,oxford_insights,2026-09-28T16:03:28+00:00
CAN,2024,X8,GB.XPD.RSDV.GD.ZS,1.7908,world_bank,2026-08-09T20:18:24+00:00
CAN,2024,X9,BX.GSR.CCIS.ZS,14.4447899140379,world_bank,2026-08-09T20:18:24+00:00
CAN,2025,C1,NY.GDP.PCAP.PP.KD,57989.5784653558,world_bank,2026-08-09T20:18:24+00:00
CAN,2025,C2,EDU_INDEX,,undp,2026-09-28T16:03:28+00:00
CAN,2025,X1,IT.CEL.SETS.P2,,world_bank,2026-08-09T20:18:24+00:00
CAN,2025,X10,OSI,,un_egdi,2026-09-28T16:03:28+00:00
CAN,2025,X2,IT.NET.BBND.P2,,world_bank,2026-08-09T20:18:24+00:00
CAN,2025,X3,EGDI,,un_egdi,2026-09-28T16:03:28+00:00
CAN,2025,X4,IT.NET.USER.ZS,,world_bank,2026-08-09T20:18:24+00:00
CAN,2025,X5,NCSI_SCORE,96.67,ncsi,2026-09-28T16:03:28+00:00
CAN,2025,X6,GII_SCORE,51.0644,gii,2026-09-28T16:03:28+00:00
CAN,2025,X7,AI_READY,,oxford_insights,2026-09-28T16:03:28+00:00
CAN,2025,X8,GB.XPD.RSDV.GD.ZS,,world_bank,2026-08-09T20:18:24+00:00
CAN,2025,X9,BX.GSR.CCIS.ZS,14.4011984941597,world_bank,2026-08-09T20:18:24+00:00
DEU,2012,C1,NY.GDP.PCAP.PP.KD,58110.3768512245,world_bank,2026-08-09T20:18:24+00:00
DEU,2012,C2,EDU_INDEX,0.938866,undp,2026-09-28T16:03:28+00:00
DEU,2012,X1,IT.CEL.SETS.P2,114.191945537857,world_bank,2026-08-09T20:18:24+00:00
DEU,2012,X10,OSI,0.75163,un_egdi,2026-09-28T16:03:28+00:00
DEU,2012,X2,IT.NET.BBND.P2,34.5501078335304,world_bank,2026-08-09T20:18:24+00:00
DEU,2012,X3,EGDI,0.80788,un_egdi,2026-09-28T16:03:28+00:00
DEU,2012,X4,IT.NET.USER.ZS,82.3499984738392,world_bank,2026-08-09T20:18:24+00:00
DEU,2012,X5,NCSI_SCORE,,ncsi,2026-09-28T16:03:28+00:00
DEU,2012,X6,GII_SCORE,56.2,gii,2026-09-28T16:03:28+00:00
DEU,2012,X7,AI_READY,,oxford_insights,2026-09-28T16:03:28+00:00
DEU,2012,X8,GB.XPD.RSDV.GD.ZS,2.82499,world_bank,2026-08-09T20:18:24+00:00
DEU,2012,X9,BX.GSR.CCIS.ZS,9.65342295806253,world_bank,2026-08-09T20:18:24+00:00
DEU,2013,C1,NY.GDP.PCAP.PP.KD,58182.0766176953,world_bank,2026-08-09T20:18:24+00:00
DEU,2013,C2,EDU_INDEX,0.941856,undp,2026-09-28T16:03:28+00:00
DEU,2013,X1,IT.CEL.SETS.P2,123.435398879553,world_bank,2026-08-09T20:18:24+00:00
DEU,2013,X10,OSI,,un_egdi,2026-09-28T16:03:28+00:00
DEU,2013,X2,IT.NET.BBND.P2,35.3423024244517,world_bank,2026-08-09T20:18:24+00:00
DEU,2013,X3,EGDI,,un_egdi,2026-09-28T16:03:28+00:00
DEU,2013,X4,IT.NET.USER.ZS,84.17,world_bank,2026-08-09T20:18:24+00:00
DEU,2013,X5,NCSI_SCORE,,ncsi,2026-09-28T16:03:28+00:00
DEU,2013,X6,GII_SCORE,55.83,gii,2026-09-28T16:03:28+00:00
DEU,2013,X7,AI_READY,,oxford_insights,2026-09-28T16:03:28+00:00
DEU,2013,X8,GB.XPD.RSDV.GD.ZS,2.78067,world_bank,2026-08-09T20:18:24+00:00
DEU,2013,X9,BX.GSR.CCIS.ZS,8.06193778631092,world_bank,2026-08-09T20:18:24+00:00
DEU,2014,C1,NY.GDP.PCAP.PP.KD,59203.2340879963,world_bank,2026-08-09T20:18:24+00:00
DEU,2014,C2,EDU_INDEX,0.943511,undp,2026-09-28T16:03:28+00:00
DEU,2014,X1,IT.CEL.SETS.P2,122.308668591557,world_bank,2026-08-09T20:18:24+00:00
DEU,2014,X10,OSI,0.66929,un_egdi,2026-09-28T16:03:28+00:00
DEU,2014,X2,IT.NET.BBND.P2,36.3409222955935,world_bank,2026-08-09T20:18:24+00:00
DEU,2014,X3,EGDI,0.7864,un_egdi,2026-09-28T16:03:28+00:00
DEU,2014,X4,IT.NET.USER.ZS,86.1937006578756,world_bank,2026-08-09T20:18:24+00:00
DEU,2014,X5,NCSI_SCORE,,ncsi,2026-09-28T16:03:28+00:00
DEU,2014,X6,GII_SCORE,56.02,gii,2026-09-28T16:03:28+00:00
DEU,2014,X7,AI_READY,,oxford_insights,2026-09-28T16:03:28+00:00
DEU,2014,X8,GB.XPD.RSDV.GD.ZS,2.82218,world_bank,2026-08-09T20:18:24+00:00
DEU,2014,X9,BX.GSR.CCIS.ZS,6.89297104582556,world_bank,2026-08-09T20:18:24+00:00
DEU,2015,C1,NY.GDP.PCAP.PP.KD,59668.9890355282,world_bank,2026-08-09T20:18:24+00:00
DEU,2015,C2,EDU_INDEX,0.944672,undp,2026-09-28T16:03:28+00:00
DEU,2015,X1,IT.CEL.SETS.P2,117.401165117624,world_bank,2026-08-09T20:18:24+00:00
DEU,2015,X10,OSI,,un_egdi,2026-09-28T16:03:28+00:00
DEU,2015,X2,IT.NET.BBND.P2,37.412701768023,world_bank,2026-08-09T20:18:24+00:00
DEU,2015,X3,EGDI,,un_egdi,2026-09-28T16:03:28+00:00
DEU,2015,X4,IT.NET.USER.ZS,87.5897993525767,world_bank,2026-08-09T20:18:24+00:00
DEU,2015,X5,NCSI_SCORE,,ncsi,2026-09-28T16:03:28+00:00
DEU,2015,X6,GII_SCORE,57.05,gii,2026-09-28T16:03:28+00:00
DEU,2015,X7,AI_READY,,oxford_insights,2026-09-28T16:03:28+00:00
DEU,2015,X8,GB.XPD.RSDV.GD.ZS,2.87725,world_bank,2026-08-09T20:18:24+00:00
DEU,2015,X9,BX.GSR.CCIS.ZS,7.90651226650453,world_bank,2026-08-09T20:18:24+00:00
DEU,2016,C1,NY.GDP.PCAP.PP.KD,60504.5857417161,world_bank,2026-08-09T20:18:24+00:00
DEU,2016,C2,EDU_INDEX,0.939755,undp,2026-09-28T16:03:28+00:00
DEU,2016,X1,IT.CEL.SETS.P2,125.024012174369,world_bank,2026-08-09T20:18:24+00:00
DEU,2016,X10,OSI,0.84058,un_egdi,2026-09-28T16:03:28+00:00
DEU,2016,X2,IT.NET.BBND.P2,38.4991067314054,world_bank,2026-08-09T20:18:24+00:00
DEU,2016,X3,EGDI,0.82099,un_egdi,2026-09-28T16:03:28+00:00
DEU,2016,X4,IT.NET.USER.ZS,84.1652066441212,world_bank,2026-08-09T20:18:24+00:00
DEU,2016,X5,NCSI_SCORE,,ncsi,2026-09-28T16:03:28+00:00
DEU,2016,X6,GII_SCORE,57.94,gii,2026-09-28T16:03:28+00:00
DEU,2016,X7,AI_READY,,oxford_insights,2026-09-28T16:03:28+00:00
DEU,2016,X8,GB.XPD.RSDV.GD.ZS,2.88393,world_bank,2026-08-09T20:18:24+00:00
DEU,2016,X9,BX.GSR.CCIS.ZS,8.54119625243337,world_bank,2026-08-09T20:18:24+00:00
DEU,2017,C1,NY.GDP.PCAP.PP.KD,61965.4342904965,world_bank,2026-08-09T20:18:24+00:00
DEU,2017,C2,EDU_INDEX,0.942109,undp,2026-09-28T16:03:28+00:00
DEU,2017,X1,IT.CEL.SETS.P2,132.003261888443,world_bank,2026-08-09T20:18:24+00:00
DEU,2017,X10,OSI,,un_egdi,2026-09-28T16:03:28+00:00
DEU,2017,X2,IT.NET.BBND.P2,39.9888046312857,world_bank,2026-08-09T20:18:24+00:00
DEU,2017,X3,EGDI,,un_egdi,2026-09-28T16:03:28+00:00
DEU,2017,X4,IT.NET.USER.ZS,84.3941537010844,world_bank,2026-08-09T20:18:24+00:00
DEU,2017,X5,NCSI_SCORE,,ncsi,2026-09-28T16:03:28+00:00
DEU,2017,X6,GII_SCORE,58.39,gii,2026-09-28T16:03:28+00:00
DEU,2017,X7,AI_READY,,oxford_insights,2026-09-28T16:03:28+00:00
DEU,2017,X8,GB.XPD.RSDV.GD.ZS,2.9886,world_bank,2026-08-09T20:18:24+00:00
DEU,2017,X9,BX.GSR.CCIS.ZS,8.97652232797755,world_bank,2026-08-09T20:18:24+00:00
DEU,2018,C1,NY.GDP.PCAP.PP.KD,62481.1183971045,world_bank,2026-08-09T20:18:24+00:00
DEU,2018,C2,EDU_INDEX,0.94272,undp,2026-09-28T16:03:28+00:00
DEU,2018,X1,IT.CEL.SETS.P2,128.945577229674,world_bank,2026-08-09T20:18:24+00:00
DEU,2018,X10,OSI,0.9306,un_egdi,2026-09-28T16:03:28+00:00
DEU,2018,X2,IT.NET.BBND.P2,40.9651498488548,world_bank,2026-08-09T20:18:24+00:00
DEU,2018,X3,EGDI,0.8765,un_egdi,2026-09-28T16:03:28+00:00
DEU,2018,X4,IT.NET.USER.ZS,87.037112092841,world_bank,2026-08-09T20:18:24+00:00
DEU,2018,X5,NCSI_SCORE,,ncsi,2026-09-28T16:03:28+00:00
DEU,2018,X6,GII_SCORE,58.03,gii,2026-09-28T16:03:28+00:00
DEU,2018,X7,AI_READY,,oxford_insights,2026-09-28T16:03:28+00:00
DEU,2018,X8,GB.XPD.RSDV.GD.ZS,3.05057,world_bank,2026-08-09T20:18:24+00:00
DEU,2018,X9,BX.GSR.CCIS.ZS,9.23094018156375,world_bank,2026-08-09T20:18:24+00:00
DEU,2019,C1,NY.GDP.PCAP.PP.KD,62949.8932511855,world_bank,2026-08-09T20:18:24+00:00
DEU,2019,C2,EDU_INDEX,0.950788,undp,2026-09-28T16:03:28+00:00
DEU,2019,X1,IT.CEL.SETS.P2,128.292298108313,world_bank,2026-08-09T20:18:24+00:00
DEU,2019,X10,OSI,,un_egdi,2026-09-28T16:03:28+00:00
DEU,2019,X2,IT.NET.BBND.P2,42.1155574684512,world_bank,2026-08-09T20:18:24+00:00
DEU,2019,X3,EGDI,,un_egdi,2026-09-28T16:03:28+00:00
DEU,2019,X4,IT.NET.USER.ZS,88.1345169091916,world_bank,2026-08-09T20:18:24+00:00
DEU,2019,X5,NCSI_SCORE,,ncsi,2026-09-28T16:03:28+00:00
DEU,2019,X6,GII_SCORE,58.19,gii,2026-09-28T16:03:28+00:00
DEU,2019,X7,AI_READY,8.81,oxford_insights,2026-09-28T16:03:28+00:00
DEU,2019,X8,GB.XPD.RSDV.GD.ZS,3.11256,world_bank,2026-08-09T20:18:24+00:00
DEU,2019,X9,BX.GSR.CCIS.ZS,9.13282868187374,world_bank,2026-08-09T20:18:24+00:00
DEU,2020,C1,NY.GDP.PCAP.PP.KD,60299.5767710809,world_bank,2026-08-09T20:18:24+00:00
DEU,2020,C2,EDU_INDEX,0.953833,undp,2026-09-28T16:03:28+00:00
DEU,2020,X1,IT.CEL.SETS.P2,128.424798814302,world_bank,2026-08-09T20:18:24+00:00
DEU,2020,X10,OSI,0.7353,un_egdi,2026-09-28T16:03:28+00:00
DEU,2020,X2,IT.NET.BBND.P2,43.3048696627,world_bank,2026-08-09T20:18:24+00:00
DEU,2020,X3,EGDI,0.8524,un_egdi,2026-09-28T16:03:28+00:00
DEU,2020,X4,IT.NET.USER.ZS,89.81294133,world_bank,2026-08-09T20:18:24+00:00
DEU,2020,X5,NCSI_SCORE,,ncsi,2026-09-28T16:03:28+00:00
DEU,2020,X6,GII_SCORE,56.5498,gii,2026-09-28T16:03:28+00:00
DEU,2020,X7,AI_READY,78.974,oxford_insights,2026-09-28T16:03:28+00:00
DEU,2020,X8,GB.XPD.RSDV.GD.ZS,3.0897,world_bank,2026-08-09T20:18:24+00:00
DEU,2020,X9,BX.GSR.CCIS.ZS,10.7433868234345,world_bank,2026-08-09T20:18:24+00:00
DEU,2021,C1,NY.GDP.PCAP.PP.KD,62630.7748127737,world_bank,2026-08-09T20:18:24+00:00
DEU,2021,C2,EDU_INDEX,0.958305,undp,2026-09-28T16:03:28+00:00
DEU,2021,X1,IT.CEL.SETS.P2,127.125099449404,world_bank,2026-08-09T20:18:24+00:00
DEU,2021,X10,OSI,,un_egdi,2026-09-28T16:03:28+00:00
DEU,2021,X2,IT.NET.BBND.P2,44.0643361489671,world_bank,2026-08-09T20:18:24+00:00
DEU,2021,X3,EGDI,,un_egdi,2026-09-28T16:03:28+00:00
DEU,2021,X4,IT.NET.USER.ZS,91.43060973,world_bank,2026-08-09T20:18:24+00:00
DEU,2021,X5,NCSI_SCORE,,ncsi,2026-09-28T16:03:28+00:00
DEU,2021,X6,GII_SCORE,57.3229,gii,2026-09-28T16:03:28+00:00
DEU,2021,X7,AI_READY,77.26,oxford_insights,2026-09-28T16:03:28+00:00
DEU,2021,X8,GB.XPD.RSDV.GD.ZS,3.0786,world_bank,2026-08-09T20:18:24+00:00
DEU,2021,X9,BX.GSR.CCIS.ZS,10.3615375526681,world_bank,2026-08-09T20:18:24+00:00
DEU,2022,C1,NY.GDP.PCAP.PP.KD,63777.9291029299,world_bank,2026-08-09T20:18:24+00:00
DEU,2022,C2,EDU_INDEX,0.957357,undp,2026-09-28T16:03:28+00:00
DEU,2022,X1,IT.CEL.SETS.P2,124.158264349285,world_bank,2026-08-09T20:18:24+00:00
DEU,2022,X10,OSI,0.7905,un_egdi,2026-09-28T16:03:28+00:00
DEU,2022,X2,IT.NET.BBND.P2,44.6186317766404,world_bank,2026-08-09T20:18:24+00:00
DEU,2022,X3,EGDI,0.877,un_egdi,2026-09-28T16:03:28+00:00
DEU,2022,X4,IT.NET.USER.ZS,91.62984383,world_bank,2026-08-09T20:18:24+00:00
DEU,2022,X5,NCSI_SCORE,,ncsi,2026-09-28T16:03:28+00:00
DEU,2022,X6,GII_SCORE,57.228,gii,2026-09-28T16:03:28+00:00
DEU,2022,X7,AI_READY,72.64,oxford_insights,2026-09-28T16:03:28+00:00
DEU,2022,X8,GB.XPD.RSDV.GD.ZS,3.07096,world_bank,2026-08-09T20:18:24+00:00
DEU,2022,X9,BX.GSR.CCIS.ZS,9.85905983743837,world_bank,2026-08-09T20:18:24+00:00
DEU,2023,C1,NY.GDP.PCAP.PP.KD,63140.1949099669,world_bank,2026-08-09T20:18:24+00:00
DEU,2023,C2,EDU_INDEX,0.957357,undp,2026-09-28T16:03:28+00:00
DEU,2023,X1,IT.CEL.SETS.P2,124.662572774586,world_bank,2026-08-09T20:18:24+00:00
DEU,2023,X10,OSI,,un_egdi,2026-09-28T16:03:28+00:00
DEU,2023,X2,IT.NET.BBND.P2,45.380522509099,world_bank,2026-08-09T20:18:24+00:00
DEU,2023,X3,EGDI,,un_egdi,2026-09-28T16:03:28+00:00
DEU,2023,X4,IT.NET.USER.ZS,92.4763763,world_bank,2026-08-09T20:18:24+00:00
DEU,2023,X5,NCSI_SCORE,,ncsi,2026-09-28T16:03:28+00:00
DEU,2023,X6,GII_SCORE,58.7554,gii,2026-09-28T16:03:28+00:00
DEU,2023,X7,AI_READY,75.2615,oxford_insights,2026-09-28T16:03:28+00:00
DEU,2023,X8,GB.XPD.RSDV.GD.ZS,3.1539,world_bank,2026-08-09T20:18:24+00:00
DEU,2023,X9,BX.GSR.CCIS.ZS,10.9812237720454,world_bank,2026-08-09T20:18:24+00:00
DEU,2024,C1,NY.GDP.PCAP.PP.KD,62654.602264023,world_bank,2026-08-09T20:18:24+00:00
DEU,2024,C2,EDU_INDEX,,undp,2026-09-28T16:03:28+00:00
DEU,2024,X1,IT.CEL.SETS.P2,129.150921864378,world_bank,2026-08-09T20:18:24+00:00
DEU,2024,X10,OSI,0.92384,un_egdi,2026-09-28T16:03:28+00:00
DEU,2024,X2,IT.NET.BBND.P2,45.6069242965787,world_bank,2026-08-09T20:18:24+00:00
DEU,2024,X3,EGDI,0.93821,un_egdi,2026-09-28T16:03:28+00:00
DEU,2024,X4,IT.NET.USER.ZS,93.49999579,world_bank,2026-08-09T20:18:24+00:00
DEU,2024,X5,NCSI_SCORE,,ncsi,2026-09-28T16:03:28+00:00
DEU,2024,X6,GII_SCORE,58.0828,gii,2026-09-28T16:03:28+00:00
DEU,2024,X7,AI_READY,76.9,oxford_insights,2026-09-28T16:03:28+00:00
DEU,2024,X8,GB.XPD.RSDV.GD.ZS,,world_bank,2026-08-09T20:18:24+00:00
DEU,2024,X9,BX.GSR.CCIS.ZS,11.3576255374221,world_bank,2026-08-09T20:18:24+00:00
DEU,2025,C1,NY.GDP.PCAP.PP.KD,62823.7736648822,world_bank,2026-08-09T20:18:24+00:00
DEU,2025,C2,EDU_INDEX,,undp,2026-09-28T16:03:28+00:00
DEU,2025,X1,IT.CEL.SETS.P2,,world_bank,2026-08-09T20:18:24+00:00
DEU,2025,X10,OSI,,un_egdi,2026-09-28T16:03:28+00:00
DEU,2025,X2,IT.NET.BBND.P2,,world_bank,2026-08-09T20:18:24+00:00
DEU,2025,X3,EGDI,,un_egdi,2026-09-28T16:03:28+00:00
DEU,2025,X4,IT.NET.USER.ZS,,world_bank,2026-08-09T20:18:24+00:00
DEU,2025,X5,NCSI_SCORE,90.83,ncsi,2026-09-28T16:03:28+00:00
DEU,2025,X6,GII_SCORE,55.4554,gii,2026-09-28T16:03:28+00:00
DEU,2025,X7,AI_READY,,oxford_insights,2026-09-28T16:03:28+00:00
DEU,2025,X8,GB.XPD.RSDV.GD.ZS,,world_bank,2026-08-09T20:18:24+00:00
DEU,2025,X9,BX.GSR.CCIS.ZS,11.4732816343515,world_bank,2026-08-09T20:18:24+00:00
FRA,2012,C1,NY.GDP.PCAP.PP.KD,49935.6269081617,world_bank,2026-08-09T20:18:24+00:00
FRA,2012,C2,EDU_INDEX,0.794922,undp,2026-09-28T16:03:28+00:00
FRA,2012,X1,IT.CEL.SETS.P2,97.1924631662654,world_bank,2026-08-09T20:18:24+00:00
FRA,2012,X10,OSI,0.87581,un_egdi,2026-09-28T16:03:28+00:00
FRA,2012,X2,IT.NET.BBND.P2,37.4345529509644,world_bank,2026-08-09T20:18:24+00:00
FRA,2012,X3,EGDI,0.86349,un_egdi,2026-09-28T16:03:28+00:00
FRA,2012,X4,IT.NET.USER.ZS,81.44,world_bank,2026-08-09T20:18:24+00:00
FRA,2012,X5,NCSI_SCORE,,ncsi,2026-09-28T16:03:28+00:00
FRA,2012,X6,GII_SCORE,51.8,gii,2026-09-28T16:03:28+00:00
FRA,2012,X7,AI_READY,,oxford_insights,2026-09-28T16:03:28+00:00
FRA,2012,X8,GB.XPD.RSDV.GD.ZS,2.22761,world_bank,2026-08-09T20:18:24+00:00
FRA,2012,X9,BX.GSR.CCIS.ZS,6.76780005936378,world_bank,2026-08-09T20:18:24+00:00
FRA,2013,C1,NY.GDP.PCAP.PP.KD,50066.5304324783,world_bank,2026-08-09T20:18:24+00:00
FRA,2013,C2,EDU_INDEX,0.798813,undp,2026-09-28T16:03:28+00:00
FRA,2013,X1,IT.CEL.SETS.P2,98.347924466483,world_bank,2026-08-09T20:18:24+00:00
FRA,2013,X10,OSI,,un_egdi,2026-09-28T16:03:28+00:00
FRA,2013,X2,IT.NET.BBND.P2,38.7340855946258,world_bank,2026-08-09T20:18:24+00:00
FRA,2013,X3,EGDI,,un_egdi,2026-09-28T16:03:28+00:00
FRA,2013,X4,IT.NET.USER.ZS,81.9198,world_bank,2026-08-09T20:18:24+00:00
FRA,2013,X5,NCSI_SCORE,,ncsi,2026-09-28T16:03:28+00:00
FRA,2013,X6,GII_SCORE,52.83,gii,2026-09-28T16:03:28+00:00
FRA,2013,X7,AI_READY,,oxford_insights,2026-09-28T16:03:28+00:00
FRA,2013,X8,GB.XPD.RSDV.GD.ZS,2.23369,world_bank,2026-08-09T20:18:24+00:00
FRA,2013,X9,BX.GSR.CCIS.ZS,6.32715341306055,world_bank,2026-08-09T20:18:24+00:00
FRA,2014,C1,NY.GDP.PCAP.PP.KD,50326.567863089,world_bank,2026-08-09T20:18:24+00:00
FRA,2014,C2,EDU_INDEX,0.803286,undp,2026-09-28T16:03:28+00:00
FRA,2014,X1,IT.CEL.SETS.P2,101.132290573498,world_bank,2026-08-09T20:18:24+00:00
FRA,2014,X10,OSI,1.0,un_egdi,2026-09-28T16:03:28+00:00
FRA,2014,X2,IT.NET.BBND.P2,40.142215573606,world_bank,2026-08-09T20:18:24+00:00
FRA,2014,X3,EGDI,0.89384,un_egdi,2026-09-28T16:03:28+00:00
FRA,2014,X4,IT.NET.USER.ZS,83.7510996681821,world_bank,2026-08-09T20:18:24+00:00
FRA,2014,X5,NCSI_SCORE,,ncsi,2026-09-28T16:03:28+00:00
FRA,2014,X6,GII_SCORE,52.18,gii,2026-09-28T16:03:28+00:00
FRA,2014,X7,AI_READY,,oxford_insights,2026-09-28T16:03:28+00:00
FRA,2014,X8,GB.XPD.RSDV.GD.ZS,2.27173,world_bank,2026-08-09T20:18:24+00:00
FRA,2014,X9,BX.GSR.CCIS.ZS,6.64748813576127,world_bank,2026-08-09T20:18:24+00:00
FRA,2015,C1,NY.GDP.PCAP.PP.KD,50682.8953586333,world_bank,2026-08-09T20:18:24+00:00
FRA,2015,C2,EDU_INDEX,0.808599,undp,2026-09-28T16:03:28+00:00
FRA,2015,X1,IT.CEL.SETS.P2,102.718366606519,world_bank,2026-08-09T20:18:24+00:00
FRA,2015,X10,OSI,,un_egdi,2026-09-28T16:03:28+00:00
FRA,2015,X2,IT.NET.BBND.P2,41.387117104083,world_bank,2026-08-09T20:18:24+00:00
FRA,2015,X3,EGDI,,un_egdi,2026-09-28T16:03:28+00:00
FRA,2015,X4,IT.NET.USER.ZS,78.0060377071902,world_bank,2026-08-09T20:18:24+00:00
FRA,2015,X5,NCSI_SCORE,,ncsi,2026-09-28T16:03:28+00:00
FRA,2015,X6,GII_SCORE,53.59,gii,2026-09-28T16:03:28+00:00
FRA,2015,X7,AI_READY,,oxford_insights,2026-09-28T16:03:28+00:00
FRA,2015,X8,GB.XPD.RSDV.GD.ZS,2.22401,world_bank,2026-08-09T20:18:24+00:00
FRA,2015,X9,BX.GSR.CCIS.ZS,6.79391396716258,world_bank,2026-08-09T20:18:24+00:00
FRA,2016,C1,NY.GDP.PCAP.PP.KD,50984.075297832,world_bank,2026-08-09T20:18:24+00:00
FRA,2016,C2,EDU_INDEX,0.812301,undp,2026-09-28T16:03:28+00:00
FRA,2016,X1,IT.CEL.SETS.P2,103.816661597799,world_bank,2026-08-09T20:18:24+00:00
FRA,2016,X10,OSI,0.94203,un_egdi,2026-09-28T16:03:28+00:00
FRA,2016,X2,IT.NET.BBND.P2,42.5277884451476,world_bank,2026-08-09T20:18:24+00:00
FRA,2016,X3,EGDI,0.84559,un_egdi,2026-09-28T16:03:28+00:00
FRA,2016,X4,IT.NET.USER.ZS,79.2698113207547,world_bank,2026-08-09T20:18:24+00:00
FRA,2016,X5,NCSI_SCORE,,ncsi,2026-09-28T16:03:28+00:00
FRA,2016,X6,GII_SCORE,54.04,gii,2026-09-28T16:03:28+00:00
FRA,2016,X7,AI_READY,,oxford_insights,2026-09-28T16:03:28+00:00
FRA,2016,X8,GB.XPD.RSDV.GD.ZS,2.22468,world_bank,2026-08-09T20:18:24+00:00
FRA,2016,X9,BX.GSR.CCIS.ZS,7.0088538784033,world_bank,2026-08-09T20:18:24+00:00
FRA,2017,C1,NY.GDP.PCAP.PP.KD,51895.5662985838,world_bank,2026-08-09T20:18:24+00:00
FRA,2017,C2,EDU_INDEX,0.817566,undp,2026-09-28T16:03:28+00:00
FRA,2017,X1,IT.CEL.SETS.P2,105.718368398783,world_bank,2026-08-09T20:18:24+00:00
FRA,2017,X10,OSI,,un_egdi,2026-09-28T16:03:28+00:00
FRA,2017,X2,IT.NET.BBND.P2,43.6242593525939,world_bank,2026-08-09T20:18:24+00:00
FRA,2017,X3,EGDI,,un_egdi,2026-09-28T16:03:28+00:00
FRA,2017,X4,IT.NET.USER.ZS,80.5024597243607,world_bank,2026-08-09T20:18:24+00:00
FRA,2017,X5,NCSI_SCORE,,ncsi,2026-09-28T16:03:28+00:00
FRA,2017,X6,GII_SCORE,54.18,gii,2026-09-28T16:03:28+00:00
FRA,2017,X7,AI_READY,,oxford_insights,2026-09-28T16:03:28+00:00
FRA,2017,X8,GB.XPD.RSDV.GD.ZS,2.20422,world_bank,2026-08-09T20:18:24+00:00
FRA,2017,X9,BX.GSR.CCIS.ZS,6.76063874125321,world_bank,2026-08-09T20:18:24+00:00
FRA,2018,C1,NY.GDP.PCAP.PP.KD,52560.9536243841,world_bank,2026-08-09T20:18:24+00:00
FRA,2018,C2,EDU_INDEX,0.823765,undp,2026-09-28T16:03:28+00:00
FRA,2018,X1,IT.CEL.SETS.P2,107.482434668386,world_bank,2026-08-09T20:18:24+00:00
FRA,2018,X10,OSI,0.9792,un_egdi,2026-09-28T16:03:28+00:00
FRA,2018,X2,IT.NET.BBND.P2,44.4142292018123,world_bank,2026-08-09T20:18:24+00:00
FRA,2018,X3,EGDI,0.879,un_egdi,2026-09-28T16:03:28+00:00
FRA,2018,X4,IT.NET.USER.ZS,82.0431867788484,world_bank,2026-08-09T20:18:24+00:00
FRA,2018,X5,NCSI_SCORE,,ncsi,2026-09-28T16:03:28+00:00
FRA,2018,X6,GII_SCORE,54.36,gii,2026-09-28T16:03:28+00:00
FRA,2018,X7,AI_READY,,oxford_insights,2026-09-28T16:03:28+00:00
FRA,2018,X8,GB.XPD.RSDV.GD.ZS,2.20407,world_bank,2026-08-09T20:18:24+00:00
FRA,2018,X9,BX.GSR.CCIS.ZS,7.31391010596127,world_bank,2026-08-09T20:18:24+00:00
FRA,2019,C1,NY.GDP.PCAP.PP.KD,53448.5548849943,world_bank,2026-08-09T20:18:24+00:00
FRA,2019,C2,EDU_INDEX,0.827777,undp,2026-09-28T16:03:28+00:00
FRA,2019,X1,IT.CEL.SETS.P2,109.600780374596,world_bank,2026-08-09T20:18:24+00:00
FRA,2019,X10,OSI,,un_egdi,2026-09-28T16:03:28+00:00
FRA,2019,X2,IT.NET.BBND.P2,45.2765022757908,world_bank,2026-08-09T20:18:24+00:00
FRA,2019,X3,EGDI,,un_egdi,2026-09-28T16:03:28+00:00
FRA,2019,X4,IT.NET.USER.ZS,83.3397440866883,world_bank,2026-08-09T20:18:24+00:00
FRA,2019,X5,NCSI_SCORE,,ncsi,2026-09-28T16:03:28+00:00
FRA,2019,X6,GII_SCORE,54.25,gii,2026-09-28T16:03:28+00:00
FRA,2019,X7,AI_READY,8.608,oxford_insights,2026-09-28T16:03:28+00:00
FRA,2019,X8,GB.XPD.RSDV.GD.ZS,2.19668,world_bank,2026-08-09T20:18:24+00:00
FRA,2019,X9,BX.GSR.CCIS.ZS,7.04616007879947,world_bank,2026-08-09T20:18:24+00:00
FRA,2020,C1,NY.GDP.PCAP.PP.KD,49311.333409639,world_bank,2026-08-09T20:18:24+00:00
FRA,2020,C2,EDU_INDEX,0.832862,undp,2026-09-28T16:03:28+00:00
FRA,2020,X1,IT.CEL.SETS.P2,110.387215275645,world_bank,2026-08-09T20:18:24+00:00
FRA,2020,X10,OSI,0.8824,un_egdi,2026-09-28T16:03:28+00:00
FRA,2020,X2,IT.NET.BBND.P2,46.471240838575,world_bank,2026-08-09T20:18:24+00:00
FRA,2020,X3,EGDI,0.8718,un_egdi,2026-09-28T16:03:28+00:00
FRA,2020,X4,IT.NET.USER.ZS,84.70639801,world_bank,2026-08-09T20:18:24+00:00
FRA,2020,X5,NCSI_SCORE,,ncsi,2026-09-28T16:03:28+00:00
FRA,2020,X6,GII_SCORE,53.6576,gii,2026-09-28T16:03:28+00:00
FRA,2020,X7,AI_READY,73.767,oxford_insights,2026-09-28T16:03:28+00:00
FRA,2020,X8,GB.XPD.RSDV.GD.ZS,2.2742,world_bank,2026-08-09T20:18:24+00:00
FRA,2020,X9,BX.GSR.CCIS.ZS,8.54106478081594,world_bank,2026-08-09T20:18:24+00:00
FRA,2021,C1,NY.GDP.PCAP.PP.KD,52517.3354905855,world_bank,2026-08-09T20:18:24+00:00
FRA,2021,C2,EDU_INDEX,0.837179,undp,2026-09-28T16:03:28+00:00
FRA,2021,X1,IT.CEL.SETS.P2,113.952719366702,world_bank,2026-08-09T20:18:24+00:00
FRA,2021,X10,OSI,,un_egdi,2026-09-28T16:03:28+00:00
FRA,2021,X2,IT.NET.BBND.P2,47.6442336298287,world_bank,2026-08-09T20:18:24+00:00
FRA,2021,X3,EGDI,,un_egdi,2026-09-28T16:03:28+00:00
FRA,2021,X4,IT.NET.USER.ZS,86.09548575,world_bank,2026-08-09T20:18:24+00:00
FRA,2021,X5,NCSI_SCORE,,ncsi,2026-09-28T16:03:28+00:00
FRA,2021,X6,GII_SCORE,54.9647,gii,2026-09-28T16:03:28+00:00
FRA,2021,X7,AI_READY,76.41,oxford_insights,2026-09-28T16:03:28+00:00
FRA,2021,X8,GB.XPD.RSDV.GD.ZS,2.21278,world_bank,2026-08-09T20:18:24+00:00
FRA,2021,X9,BX.GSR.CCIS.ZS,8.18235699481776,world_bank,2026-08-09T20:18:24+00:00
FRA,2022,C1,NY.GDP.PCAP.PP.KD,53673.8137406422,world_bank,2026-08-09T20:18:24+00:00
FRA,2022,C2,EDU_INDEX,0.839276,undp,2026-09-28T16:03:28+00:00
FRA,2022,X1,IT.CEL.SETS.P2,115.950519429629,world_bank,2026-08-09T20:18:24+00:00
FRA,2022,X10,OSI,0.8768,un_egdi,2026-09-28T16:03:28+00:00
FRA,2022,X2,IT.NET.BBND.P2,48.250226559098,world_bank,2026-08-09T20:18:24+00:00
FRA,2022,X3,EGDI,0.8832,un_egdi,2026-09-28T16:03:28+00:00
FRA,2022,X4,IT.NET.USER.ZS,85.33331734,world_bank,2026-08-09T20:18:24+00:00
FRA,2022,X5,NCSI_SCORE,,ncsi,2026-09-28T16:03:28+00:00
FRA,2022,X6,GII_SCORE,54.9565,gii,2026-09-28T16:03:28+00:00
FRA,2022,X7,AI_READY,75.78,oxford_insights,2026-09-28T16:03:28+00:00
FRA,2022,X8,GB.XPD.RSDV.GD.ZS,2.21937,world_bank,2026-08-09T20:18:24+00:00
FRA,2022,X9,BX.GSR.CCIS.ZS,7.18152368744248,world_bank,2026-08-09T20:18:24+00:00
FRA,2023,C1,NY.GDP.PCAP.PP.KD,54296.7230897731,world_bank,2026-08-09T20:18:24+00:00
FRA,2023,C2,EDU_INDEX,0.839276,undp,2026-09-28T16:03:28+00:00
FRA,2023,X1,IT.CEL.SETS.P2,116.687800394775,world_bank,2026-08-09T20:18:24+00:00
FRA,2023,X10,OSI,,un_egdi,2026-09-28T16:03:28+00:00
FRA,2023,X2,IT.NET.BBND.P2,48.6688340139444,world_bank,2026-08-09T20:18:24+00:00
FRA,2023,X3,EGDI,,un_egdi,2026-09-28T16:03:28+00:00
FRA,2023,X4,IT.NET.USER.ZS,86.83635789,world_bank,2026-08-09T20:18:24+00:00
FRA,2023,X5,NCSI_SCORE,,ncsi,2026-09-28T16:03:28+00:00
FRA,2023,X6,GII_SCORE,56.0186,gii,2026-09-28T16:03:28+00:00
FRA,2023,X7,AI_READY,76.0748,oxford_insights,2026-09-28T16:03:28+00:00
FRA,2023,X8,GB.XPD.RSDV.GD.ZS,2.17832,world_bank,2026-08-09T20:18:24+00:00
FRA,2023,X9,BX.GSR.CCIS.ZS,7.67735659155205,world_bank,2026-08-09T20:18:24+00:00
FRA,2024,C1,NY.GDP.PCAP.PP.KD,54799.3482689389,world_bank,2026-08-09T20:18:24+00:00
FRA,2024,C2,EDU_INDEX,,undp,2026-09-28T16:03:28+00:00
FRA,2024,X1,IT.CEL.SETS.P2,,world_bank,2026-08-09T20:18:24+00:00
FRA,2024,X10,OSI,0.844,un_egdi,2026-09-28T16:03:28+00:00
FRA,2024,X2,IT.NET.BBND.P2,48.9251978969333,world_bank,2026-08-09T20:18:24+00:00
FRA,2024,X3,EGDI,0.87442,un_egdi,2026-09-28T16:03:28+00:00
FRA,2024,X4,IT.NET.USER.ZS,88.65381638,world_bank,2026-08-09T20:18:24+00:00
FRA,2024,X5,NCSI_SCORE,,ncsi,2026-09-28T16:03:28+00:00
FRA,2024,X6,GII_SCORE,55.4133,gii,2026-09-28T16:03:28+00:00
FRA,2024,X7,AI_READY,79.36,oxford_insights,2026-09-28T16:03:28+00:00
FRA,2024,X8,GB.XPD.RSDV.GD.ZS,,world_bank,2026-08-09T20:18:24+00:00
FRA,2024,X9,BX.GSR.CCIS.ZS,7.56867927222552,world_bank,2026-08-09T20:18:24+00:00
FRA,2025,C1,NY.GDP.PCAP.PP.KD,55124.5392564395,world_bank,2026-08-09T20:18:24+00:00
FRA,2025,C2,EDU_INDEX,,undp,2026-09-28T16:03:28+00:00
FRA,2025,X1,IT.CEL.SETS.P2,,world_bank,2026-08-09T20:18:24+00:00
FRA,2025,X10,OSI,,un_egdi,2026-09-28T16:03:28+00:00
FRA,2025,X2,IT.NET.BBND.P2,,world_bank,2026-08-09T20:18:24+00:00
FRA,2025,X3,EGDI,,un_egdi,2026-09-28T16:03:28+00:00
FRA,2025,X4,IT.NET.USER.ZS,,world_bank,2026-08-09T20:18:24+00:00
FRA,2025,X5,NCSI_SCORE,89.17,ncsi,2026-09-28T16:03:28+00:00
FRA,2025,X6,GII_SCORE,53.4157,gii,2026-09-28T16:03:28+00:00
FRA,2025,X7,AI_READY,,oxford_insights,2026-09-28T16:03:28+00:00
FRA,2025,X8,GB.XPD.RSDV.GD.ZS,,world_bank,2026-08-09T20:18:24+00:00
FRA,2025,X9,BX.GSR.CCIS.ZS,6.83711056149807,world_bank,2026-08-09T20:18:24+00:00
GBR,2012,C1,NY.GDP.PCAP.PP.KD,48099.6594401942,world_bank,2026-08-09T20:18:24+00:00
GBR,2012,C2,EDU_INDEX,0.880863,undp,2026-09-28T16:03:28+00:00
GBR,2012,X1,IT.CEL.SETS.P2,122.465231814068,world_bank,2026-08-09T20:18:24+00:00
GBR,2012,X10,OSI,0.97385,un_egdi,2026-09-28T16:03:28+00:00
GBR,2012,X2,IT.NET.BBND.P2,33.9047903389849,world_bank,2026-08-09T20:18:24+00:00
GBR,2012,X3,EGDI,0.89603,un_egdi,2026-09-28T16:03:28+00:00
GBR,2012,X4,IT.NET.USER.ZS,87.4799984242111,world_bank,2026-08-09T20:18:24+00:00
GBR,2012,X5,NCSI_SCORE,,ncsi,2026-09-28T16:03:28+00:00
GBR,2012,X6,GII_SCORE,61.2,gii,2026-09-28T16:03:28+00:00
GBR,2012,X7,AI_READY,,oxford_insights,2026-09-28T16:03:28+00:00
GBR,2012,X8,GB.XPD.RSDV.GD.ZS,1.57587,world_bank,2026-08-09T20:18:24+00:00
GBR,2012,X9,BX.GSR.CCIS.ZS,7.26031989936611,world_bank,2026-08-09T20:18:24+00:00
GBR,2013,C1,NY.GDP.PCAP.PP.KD,48600.5100807266,world_bank,2026-08-09T20:18:24+00:00
GBR,2013,C2,EDU_INDEX,0.918541,undp,2026-09-28T16:03:28+00:00
GBR,2013,X1,IT.CEL.SETS.P2,122.184696024755,world_bank,2026-08-09T20:18:24+00:00
GBR,2013,X10,OSI,,un_egdi,2026-09-28T16:03:28+00:00
GBR,2013,X2,IT.NET.BBND.P2,35.7819878642114,world_bank,2026-08-09T20:18:24+00:00
GBR,2013,X3,EGDI,,un_egdi,2026-09-28T16:03:28+00:00
GBR,2013,X4,IT.NET.USER.ZS,89.8441,world_bank,2026-08-09T20:18:24+00:00
GBR,2013,X5,NCSI_SCORE,,ncsi,2026-09-28T16:03:28+00:00
GBR,2013,X6,GII_SCORE,61.25,gii,2026-09-28T16:03:28+00:00
GBR,2013,X7,AI_READY,,oxford_insights,2026-09-28T16:03:28+00:00
GBR,2013,X8,GB.XPD.RSDV.GD.ZS,1.62096,world_bank,2026-08-09T20:18:24+00:00
GBR,2013,X9,BX.GSR.CCIS.ZS,7.34578041685405,world_bank,2026-08-09T20:18:24+00:00
GBR,2014,C1,NY.GDP.PCAP.PP.KD,49763.17387988,world_bank,2026-08-09T20:18:24+00:00
GBR,2014,C2,EDU_INDEX,0.915986,undp,2026-09-28T16:03:28+00:00
GBR,2014,X1,IT.CEL.SETS.P2,120.958261038047,world_bank,2026-08-09T20:18:24+00:00
GBR,2014,X10,OSI,0.89763,un_egdi,2026-09-28T16:03:28+00:00
GBR,2014,X2,IT.NET.BBND.P2,36.5828488416012,world_bank,2026-08-09T20:18:24+00:00
GBR,2014,X3,EGDI,0.86948,un_egdi,2026-09-28T16:03:28+00:00
GBR,2014,X4,IT.NET.USER.ZS,91.6133009176453,world_bank,2026-08-09T20:18:24+00:00
GBR,2014,X5,NCSI_SCORE,,ncsi,2026-09-28T16:03:28+00:00
GBR,2014,X6,GII_SCORE,62.37,gii,2026-09-28T16:03:28+00:00
GBR,2014,X7,AI_READY,,oxford_insights,2026-09-28T16:03:28+00:00
GBR,2014,X8,GB.XPD.RSDV.GD.ZS,2.26488,world_bank,2026-08-09T20:18:24+00:00
GBR,2014,X9,BX.GSR.CCIS.ZS,7.52955682920943,world_bank,2026-08-09T20:18:24+00:00
GBR,2015,C1,NY.GDP.PCAP.PP.KD,50462.8329992477,world_bank,2026-08-09T20:18:24+00:00
GBR,2015,C2,EDU_INDEX,0.91401,undp,2026-09-28T16:03:28+00:00
GBR,2015,X1,IT.CEL.SETS.P2,121.211739725133,world_bank,2026-08-09T20:18:24+00:00
GBR,2015,X10,OSI,,un_egdi,2026-09-28T16:03:28+00:00
GBR,2015,X2,IT.NET.BBND.P2,37.7214944577347,world_bank,2026-08-09T20:18:24+00:00
GBR,2015,X3,EGDI,,un_egdi,2026-09-28T16:03:28+00:00
GBR,2015,X4,IT.NET.USER.ZS,92.0002998740234,world_bank,2026-08-09T20:18:24+00:00
GBR,2015,X5,NCSI_SCORE,,ncsi,2026-09-28T16:03:28+00:00
GBR,2015,X6,GII_SCORE,62.42,gii,2026-09-28T16:03:28+00:00
GBR,2015,X7,AI_READY,,oxford_insights,2026-09-28T16:03:28+00:00
GBR,2015,X8,GB.XPD.RSDV.GD.ZS,2.27566,world_bank,2026-08-09T20:18:24+00:00
GBR,2015,X9,BX.GSR.CCIS.ZS,7.90452995284113,world_bank,2026-08-09T20:18:24+00:00
GBR,2016,C1,NY.GDP.PCAP.PP.KD,51168.2925796814,world_bank,2026-08-09T20:18:24+00:00
GBR,2016,C2,EDU_INDEX,0.918932,undp,2026-09-28T16:03:28+00:00
GBR,2016,X1,IT.CEL.SETS.P2,119.786558760596,world_bank,2026-08-09T20:18:24+00:00
GBR,2016,X10,OSI,1.0,un_egdi,2026-09-28T16:03:28+00:00
GBR,2016,X2,IT.NET.BBND.P2,38.6588569366885,world_bank,2026-08-09T20:18:24+00:00
GBR,2016,X3,EGDI,0.91928,un_egdi,2026-09-28T16:03:28+00:00
GBR,2016,X4,IT.NET.USER.ZS,94.7758006318882,world_bank,2026-08-09T20:18:24+00:00
GBR,2016,X5,NCSI_SCORE,,ncsi,2026-09-28T16:03:28+00:00
GBR,2016,X6,GII_SCORE,61.93,gii,2026-09-28T16:03:28+00:00
GBR,2016,X7,AI_READY,,oxford_insights,2026-09-28T16:03:28+00:00
GBR,2016,X8,GB.XPD.RSDV.GD.ZS,2.32051,world_bank,2026-08-09T20:18:24+00:00
GBR,2016,X9,BX.GSR.CCIS.ZS,7.77804452747647,world_bank,2026-08-09T20:18:24+00:00
GBR,2017,C1,NY.GDP.PCAP.PP.KD,52429.1275538988,world_bank,2026-08-09T20:18:24+00:00
GBR,2017,C2,EDU_INDEX,0.923853,undp,2026-09-28T16:03:28+00:00
GBR,2017,X1,IT.CEL.SETS.P2,119.206737402819,world_bank,2026-08-09T20:18:24+00:00
GBR,2017,X10,OSI,,un_egdi,2026-09-28T16:03:28+00:00
GBR,2017,X2,IT.NET.BBND.P2,39.2489467665261,world_bank,2026-08-09T20:18:24+00:00
GBR,2017,X3,EGDI,,un_egdi,2026-09-28T16:03:28+00:00
GBR,2017,X4,IT.NET.USER.ZS,90.4245504868553,world_bank,2026-08-09T20:18:24+00:00
GBR,2017,X5,NCSI_SCORE,,ncsi,2026-09-28T16:03:28+00:00
GBR,2017,X6,GII_SCORE,60.89,gii,2026-09-28T16:03:28+00:00
GBR,2017,X7,AI_READY,,oxford_insights,2026-09-28T16:03:28+00:00
GBR,2017,X8,GB.XPD.RSDV.GD.ZS,2.32602,world_bank,2026-08-09T20:18:24+00:00
GBR,2017,X9,BX.GSR.CCIS.ZS,7.89307708064,world_bank,2026-08-09T20:18:24+00:00
GBR,2018,C1,NY.GDP.PCAP.PP.KD,52983.039541197,world_bank,2026-08-09T20:18:24+00:00
GBR,2018,C2,EDU_INDEX,0.920314,undp,2026-09-28T16:03:28+00:00
GBR,2018,X1,IT.CEL.SETS.P2,118.184381927412,world_bank,2026-08-09T20:18:24+00:00
GBR,2018,X10,OSI,0.9792,un_egdi,2026-09-28T16:03:28+00:00
GBR,2018,X2,IT.NET.BBND.P2,39.8293995840604,world_bank,2026-08-09T20:18:24+00:00
GBR,2018,X3,EGDI,0.8999,un_egdi,2026-09-28T16:03:28+00:00
GBR,2018,X4,IT.NET.USER.ZS,90.692008988783,world_bank,2026-08-09T20:18:24+00:00
GBR,2018,X5,NCSI_SCORE,,ncsi,2026-09-28T16:03:28+00:00
GBR,2018,X6,GII_SCORE,60.13,gii,2026-09-28T16:03:28+00:00
GBR,2018,X7,AI_READY,,oxford_insights,2026-09-28T16:03:28+00:00
GBR,2018,X8,GB.XPD.RSDV.GD.ZS,2.70889,world_bank,2026-08-09T20:18:24+00:00
GBR,2018,X9,BX.GSR.CCIS.ZS,7.90063061407418,world_bank,2026-08-09T20:18:24+00:00
GBR,2019,C1,NY.GDP.PCAP.PP.KD,53374.0927628482,world_bank,2026-08-09T20:18:24+00:00
GBR,2019,C2,EDU_INDEX,0.925363,undp,2026-09-28T16:03:28+00:00
GBR,2019,X1,IT.CEL.SETS.P2,120.250108782533,world_bank,2026-08-09T20:18:24+00:00
GBR,2019,X10,OSI,,un_egdi,2026-09-28T16:03:28+00:00
GBR,2019,X2,IT.NET.BBND.P2,40.022769455921,world_bank,2026-08-09T20:18:24+00:00
GBR,2019,X3,EGDI,,un_egdi,2026-09-28T16:03:28+00:00
GBR,2019,X4,IT.NET.USER.ZS,92.5166285497138,world_bank,2026-08-09T20:18:24+00:00
GBR,2019,X5,NCSI_SCORE,,ncsi,2026-09-28T16:03:28+00:00
GBR,2019,X6,GII_SCORE,61.3,gii,2026-09-28T16:03:28+00:00
GBR,2019,X7,AI_READY,9.069,oxford_insights,2026-09-28T16:03:28+00:00
GBR,2019,X8,GB.XPD.RSDV.GD.ZS,2.6707,world_bank,2026-08-09T20:18:24+00:00
GBR,2019,X9,BX.GSR.CCIS.ZS,7.74245208143597,world_bank,2026-08-09T20:18:24+00:00
GBR,2020,C1,NY.GDP.PCAP.PP.KD,47930.5490378931,world_bank,2026-08-09T20:18:24+00:00
GBR,2020,C2,EDU_INDEX,0.929723,undp,2026-09-28T16:03:28+00:00
GBR,2020,X1,IT.CEL.SETS.P2,117.304850715261,world_bank,2026-08-09T20:18:24+00:00
GBR,2020,X10,OSI,0.9588,un_egdi,2026-09-28T16:03:28+00:00
GBR,2020,X2,IT.NET.BBND.P2,40.5775246507294,world_bank,2026-08-09T20:18:24+00:00
GBR,2020,X3,EGDI,0.9358,un_egdi,2026-09-28T16:03:28+00:00
GBR,2020,X4,IT.NET.USER.ZS,94.81820132,world_bank,2026-08-09T20:18:24+00:00
GBR,2020,X5,NCSI_SCORE,,ncsi,2026-09-28T16:03:28+00:00
GBR,2020,X6,GII_SCORE,59.7841,gii,2026-09-28T16:03:28+00:00
GBR,2020,X7,AI_READY,81.124,oxford_insights,2026-09-28T16:03:28+00:00
GBR,2020,X8,GB.XPD.RSDV.GD.ZS,2.93993,world_bank,2026-08-09T20:18:24+00:00
GBR,2020,X9,BX.GSR.CCIS.ZS,9.42077263731298,world_bank,2026-08-09T20:18:24+00:00
GBR,2021,C1,NY.GDP.PCAP.PP.KD,51840.4424245515,world_bank,2026-08-09T20:18:24+00:00
GBR,2021,C2,EDU_INDEX,0.940448,undp,2026-09-28T16:03:28+00:00
GBR,2021,X1,IT.CEL.SETS.P2,117.887430294308,world_bank,2026-08-09T20:18:24+00:00
GBR,2021,X10,OSI,,un_egdi,2026-09-28T16:03:28+00:00
GBR,2021,X2,IT.NET.BBND.P2,41.1134869970784,world_bank,2026-08-09T20:18:24+00:00
GBR,2021,X3,EGDI,,un_egdi,2026-09-28T16:03:28+00:00
GBR,2021,X4,IT.NET.USER.ZS,96.19650269,world_bank,2026-08-09T20:18:24+00:00
GBR,2021,X5,NCSI_SCORE,,ncsi,2026-09-28T16:03:28+00:00
GBR,2021,X6,GII_SCORE,59.8026,gii,2026-09-28T16:03:28+00:00
GBR,2021,X7,AI_READY,81.25,oxford_insights,2026-09-28T16:03:28+00:00
GBR,2021,X8,GB.XPD.RSDV.GD.ZS,2.89968,world_bank,2026-08-09T20:18:24+00:00
GBR,2021,X9,BX.GSR.CCIS.ZS,8.95735209282168,world_bank,2026-08-09T20:18:24+00:00
GBR,2022,C1,NY.GDP.PCAP.PP.KD,53979.7679116234,world_bank,2026-08-09T20:18:24+00:00
GBR,2022,C2,EDU_INDEX,0.944419,undp,2026-09-28T16:03:28+00:00
GBR,2022,X1,IT.CEL.SETS.P2,119.833999505569,world_bank,2026-08-09T20:18:24+00:00
GBR,2022,X10,OSI,0.8859,un_egdi,2026-09-28T16:03:28+00:00
GBR,2022,X2,IT.NET.BBND.P2,41.2867157729584,world_bank,2026-08-09T20:18:24+00:00
GBR,2022,X3,EGDI,0.9138,un_egdi,2026-09-28T16:03:28+00:00
GBR,2022,X4,IT.NET.USER.ZS,95.46530151,world_bank,2026-08-09T20:18:24+00:00
GBR,2022,X5,NCSI_SCORE,,ncsi,2026-09-28T16:03:28+00:00
GBR,2022,X6,GII_SCORE,59.728,gii,2026-09-28T16:03:28+00:00
GBR,2022,X7,AI_READY,78.54,oxford_insights,2026-09-28T16:03:28+00:00
GBR,2022,X8,GB.XPD.RSDV.GD.ZS,2.75224,world_bank,2026-08-09T20:18:24+00:00
GBR,2022,X9,BX.GSR.CCIS.ZS,8.65599314370706,world_bank,2026-08-09T20:18:24+00:00
GBR,2023,C1,NY.GDP.PCAP.PP.KD,53423.4226338292,world_bank,2026-08-09T20:18:24+00:00
GBR,2023,C2,EDU_INDEX,0.944419,undp,2026-09-28T16:03:28+00:00
GBR,2023,X1,IT.CEL.SETS.P2,122.781542240418,world_bank,2026-08-09T20:18:24+00:00
GBR,2023,X10,OSI,,un_egdi,2026-09-28T16:03:28+00:00
GBR,2023,X2,IT.NET.BBND.P2,41.4367685540411,world_bank,2026-08-09T20:18:24+00:00
GBR,2023,X3,EGDI,,un_egdi,2026-09-28T16:03:28+00:00
GBR,2023,X4,IT.NET.USER.ZS,95.44719696,world_bank,2026-08-09T20:18:24+00:00
GBR,2023,X5,NCSI_SCORE,75.0,ncsi,2026-09-28T16:03:28+00:00
GBR,2023,X6,GII_SCORE,62.4445,gii,2026-09-28T16:03:28+00:00
GBR,2023,X7,AI_READY,78.5722,oxford_insights,2026-09-28T16:03:28+00:00
GBR,2023,X8,GB.XPD.RSDV.GD.ZS,2.67614,world_bank,2026-08-09T20:18:24+00:00
GBR,2023,X9,BX.GSR.CCIS.ZS,8.91273931208281,world_bank,2026-08-09T20:18:24+00:00
GBR,2024,C1,NY.GDP.PCAP.PP.KD,53412.0647163589,world_bank,2026-08-09T20:18:24+00:00
GBR,2024,C2,EDU_INDEX,,undp,2026-09-28T16:03:28+00:00
GBR,2024,X1,IT.CEL.SETS.P2,121.643331373201,world_bank,2026-08-09T20:18:24+00:00
GBR,2024,X10,OSI,0.95349,un_egdi,2026-09-28T16:03:28+00:00
GBR,2024,X2,IT.NET.BBND.P2,42.1648283773461,world_bank,2026-08-09T20:18:24+00:00
GBR,2024,X3,EGDI,0.95773,un_egdi,2026-09-28T16:03:28+00:00
GBR,2024,X4,IT.NET.USER.ZS,95.4720993,world_bank,2026-08-09T20:18:24+00:00
GBR,2024,X5,NCSI_SCORE,75.0,ncsi,2026-09-28T16:03:28+00:00
GBR,2024,X6,GII_SCORE,61.0493,gii,2026-09-28T16:03:28+00:00
GBR,2024,X7,AI_READY,78.88,oxford_insights,2026-09-28T16:03:28+00:00
GBR,2024,X8,GB.XPD.RSDV.GD.ZS,,world_bank,2026-08-09T20:18:24+00:00
GBR,2024,X9,BX.GSR.CCIS.ZS,9.24867865376499,world_bank,2026-08-09T20:18:24+00:00
GBR,2025,C1,NY.GDP.PCAP.PP.KD,53993.1172607885,world_bank,2026-08-09T20:18:24+00:00
GBR,2025,C2,EDU_INDEX,,undp,2026-09-28T16:03:28+00:00
GBR,2025,X1,IT.CEL.SETS.P2,,world_bank,2026-08-09T20:18:24+00:00
GBR,2025,X10,OSI,,un_egdi,2026-09-28T16:03:28+00:00
GBR,2025,X2,IT.NET.BBND.P2,,world_bank,2026-08-09T20:18:24+00:00
GBR,2025,X3,EGDI,,un_egdi,2026-09-28T16:03:28+00:00
GBR,2025,X4,IT.NET.USER.ZS,,world_bank,2026-08-09T20:18:24+00:00
GBR,2025,X5,NCSI_SCORE,80.0,ncsi,2026-09-28T16:03:28+00:00
GBR,2025,X6,GII_SCORE,59.1154,gii,2026-09-28T16:03:28+00:00
GBR,2025,X7,AI_READY,,oxford_insights,2026-09-28T16:03:28+00:00
GBR,2025,X8,GB.XPD.RSDV.GD.ZS,,world_bank,2026-08-09T20:18:24+00:00
GBR,2025,X9,BX.GSR.CCIS.ZS,9.02710007186112,world_bank,2026-08-09T20:18:24+00:00
IND,2012,C1,NY.GDP.PCAP.PP.KD,5303.50197767655,world_bank,2026-08-09T20:18:24+00:00
IND,2012,C2,EDU_INDEX,0.506738,undp,2026-09-28T16:03:28+00:00
IND,2012,X1,IT.CEL.SETS.P2,67.6263517922249,world_bank,2026-08-09T20:18:24+00:00
IND,2012,X10,OSI,0.53594,un_egdi,2026-09-28T16:03:28+00:00
IND,2012,X2,IT.NET.BBND.P2,1.17169600055105,world_bank,2026-08-09T20:18:24+00:00
IND,2012,X3,EGDI,0.38287,un_egdi,2026-09-28T16:03:28+00:00
IND,2012,X4,IT.NET.USER.ZS,11.10000038,world_bank,2026-08-09T20:18:24+00:00
IND,2012,X5,NCSI_SCORE,,ncsi,2026-09-28T16:03:28+00:00
IND,2012,X6,GII_SCORE,35.7,gii,2026-09-28T16:03:28+00:00
IND,2012,X7,AI_READY,,oxford_insights,2026-09-28T16:03:28+00:00
IND,2012,X8,GB.XPD.RSDV.GD.ZS,0.74399,world_bank,2026-08-09T20:18:24+00:00
IND,2012,X9,BX.GSR.CCIS.ZS,46.1653897891748,world_bank,2026-08-09T20:18:24+00:00
IND,2013,C1,NY.GDP.PCAP.PP.KD,5567.49439418718,world_bank,2026-08-09T20:18:24+00:00
IND,2013,C2,EDU_INDEX,0.511201,undp,2026-09-28T16:03:28+00:00
IND,2013,X1,IT.CEL.SETS.P2,68.3966708179098,world_bank,2026-08-09T20:18:24+00:00
IND,2013,X10,OSI,,un_egdi,2026-09-28T16:03:28+00:00
IND,2013,X2,IT.NET.BBND.P2,1.15197793176359,world_bank,2026-08-09T20:18:24+00:00
IND,2013,X3,EGDI,,un_egdi,2026-09-28T16:03:28+00:00
IND,2013,X4,IT.NET.USER.ZS,12.30000019,world_bank,2026-08-09T20:18:24+00:00
IND,2013,X5,NCSI_SCORE,,ncsi,2026-09-28T16:03:28+00:00
IND,2013,X6,GII_SCORE,36.17,gii,2026-09-28T16:03:28+00:00
IND,2013,X7,AI_READY,,oxford_insights,2026-09-28T16:03:28+00:00
IND,2013,X8,GB.XPD.RSDV.GD.ZS,0.70642,world_bank,2026-08-09T20:18:24+00:00
IND,2013,X9,BX.GSR.CCIS.ZS,48.4413845617866,world_bank,2026-08-09T20:18:24+00:00
IND,2014,C1,NY.GDP.PCAP.PP.KD,5905.10618204633,world_bank,2026-08-09T20:18:24+00:00
IND,2014,C2,EDU_INDEX,0.524367,undp,2026-09-28T16:03:28+00:00
IND,2014,X1,IT.CEL.SETS.P2,71.9366825449914,world_bank,2026-08-09T20:18:24+00:00
IND,2014,X10,OSI,0.5433,un_egdi,2026-09-28T16:03:28+00:00
IND,2014,X2,IT.NET.BBND.P2,1.20020374567342,world_bank,2026-08-09T20:18:24+00:00
IND,2014,X3,EGDI,0.38343,un_egdi,2026-09-28T16:03:28+00:00
IND,2014,X4,IT.NET.USER.ZS,13.5,world_bank,2026-08-09T20:18:24+00:00
IND,2014,X5,NCSI_SCORE,,ncsi,2026-09-28T16:03:28+00:00
IND,2014,X6,GII_SCORE,33.7,gii,2026-09-28T16:03:28+00:00
IND,2014,X7,AI_READY,,oxford_insights,2026-09-28T16:03:28+00:00
IND,2014,X8,GB.XPD.RSDV.GD.ZS,0.70158,world_bank,2026-08-09T20:18:24+00:00
IND,2014,X9,BX.GSR.CCIS.ZS,47.5793301671388,world_bank,2026-08-09T20:18:24+00:00
IND,2015,C1,NY.GDP.PCAP.PP.KD,6301.67346968236,world_bank,2026-08-09T20:18:24+00:00
IND,2015,C2,EDU_INDEX,0.530406,undp,2026-09-28T16:03:28+00:00
IND,2015,X1,IT.CEL.SETS.P2,75.379332347226,world_bank,2026-08-09T20:18:24+00:00
IND,2015,X10,OSI,,un_egdi,2026-09-28T16:03:28+00:00
IND,2015,X2,IT.NET.BBND.P2,1.27578595315943,world_bank,2026-08-09T20:18:24+00:00
IND,2015,X3,EGDI,,un_egdi,2026-09-28T16:03:28+00:00
IND,2015,X4,IT.NET.USER.ZS,14.89999962,world_bank,2026-08-09T20:18:24+00:00
IND,2015,X5,NCSI_SCORE,,ncsi,2026-09-28T16:03:28+00:00
IND,2015,X6,GII_SCORE,31.74,gii,2026-09-28T16:03:28+00:00
IND,2015,X7,AI_READY,,oxford_insights,2026-09-28T16:03:28+00:00
IND,2015,X8,GB.XPD.RSDV.GD.ZS,0.6931,world_bank,2026-08-09T20:18:24+00:00
IND,2015,X9,BX.GSR.CCIS.ZS,48.867001424996,world_bank,2026-08-09T20:18:24+00:00
IND,2016,C1,NY.GDP.PCAP.PP.KD,6741.14883185347,world_bank,2026-08-09T20:18:24+00:00
IND,2016,C2,EDU_INDEX,0.545145,undp,2026-09-28T16:03:28+00:00
IND,2016,X1,IT.CEL.SETS.P2,83.917838213735,world_bank,2026-08-09T20:18:24+00:00
IND,2016,X10,OSI,0.74638,un_egdi,2026-09-28T16:03:28+00:00
IND,2016,X2,IT.NET.BBND.P2,1.38795276378032,world_bank,2026-08-09T20:18:24+00:00
IND,2016,X3,EGDI,0.46375,un_egdi,2026-09-28T16:03:28+00:00
IND,2016,X4,IT.NET.USER.ZS,16.5,world_bank,2026-08-09T20:18:24+00:00
IND,2016,X5,NCSI_SCORE,,ncsi,2026-09-28T16:03:28+00:00
IND,2016,X6,GII_SCORE,33.61,gii,2026-09-28T16:03:28+00:00
IND,2016,X7,AI_READY,,oxford_insights,2026-09-28T16:03:28+00:00
IND,2016,X8,GB.XPD.RSDV.GD.ZS,0.66984,world_bank,2026-08-09T20:18:24+00:00
IND,2016,X9,BX.GSR.CCIS.ZS,47.300749949433,world_bank,2026-08-09T20:18:24+00:00
IND,2017,C1,NY.GDP.PCAP.PP.KD,7116.03659185396,world_bank,2026-08-09T20:18:24+00:00
IND,2017,C2,EDU_INDEX,0.547898,undp,2026-09-28T16:03:28+00:00
IND,2017,X1,IT.CEL.SETS.P2,85.9703537817688,world_bank,2026-08-09T20:18:24+00:00
IND,2017,X10,OSI,,un_egdi,2026-09-28T16:03:28+00:00
IND,2017,X2,IT.NET.BBND.P2,1.31327377028949,world_bank,2026-08-09T20:18:24+00:00
IND,2017,X3,EGDI,,un_egdi,2026-09-28T16:03:28+00:00
IND,2017,X4,IT.NET.USER.ZS,18.20000076,world_bank,2026-08-09T20:18:24+00:00
IND,2017,X5,NCSI_SCORE,,ncsi,2026-09-28T16:03:28+00:00
IND,2017,X6,GII_SCORE,35.47,gii,2026-09-28T16:03:28+00:00
IND,2017,X7,AI_READY,,oxford_insights,2026-09-28T16:03:28+00:00
IND,2017,X8,GB.XPD.RSDV.GD.ZS,0.66603,world_bank,2026-08-09T20:18:24+00:00
IND,2017,X9,BX.GSR.CCIS.ZS,42.3751022077089,world_bank,2026-08-09T20:18:24+00:00
IND,2018,C1,NY.GDP.PCAP.PP.KD,7492.62576755145,world_bank,2026-08-09T20:18:24+00:00
IND,2018,C2,EDU_INDEX,0.536237,undp,2026-09-28T16:03:28+00:00
IND,2018,X1,IT.CEL.SETS.P2,85.5500756367908,world_bank,2026-08-09T20:18:24+00:00
IND,2018,X10,OSI,0.9514,un_egdi,2026-09-28T16:03:28+00:00
IND,2018,X2,IT.NET.BBND.P2,1.3217822859385,world_bank,2026-08-09T20:18:24+00:00
IND,2018,X3,EGDI,0.5669,un_egdi,2026-09-28T16:03:28+00:00
IND,2018,X4,IT.NET.USER.ZS,20.0813000379384,world_bank,2026-08-09T20:18:24+00:00
IND,2018,X5,NCSI_SCORE,,ncsi,2026-09-28T16:03:28+00:00
IND,2018,X6,GII_SCORE,35.18,gii,2026-09-28T16:03:28+00:00
IND,2018,X7,AI_READY,,oxford_insights,2026-09-28T16:03:28+00:00
IND,2018,X8,GB.XPD.RSDV.GD.ZS,0.66001,world_bank,2026-08-09T20:18:24+00:00
IND,2018,X9,BX.GSR.CCIS.ZS,41.3042841946734,world_bank,2026-08-09T20:18:24+00:00
IND,2019,C1,NY.GDP.PCAP.PP.KD,7702.17634811957,world_bank,2026-08-09T20:18:24+00:00
IND,2019,C2,EDU_INDEX,0.535879,undp,2026-09-28T16:03:28+00:00
IND,2019,X1,IT.CEL.SETS.P2,82.898144918237,world_bank,2026-08-09T20:18:24+00:00
IND,2019,X10,OSI,,un_egdi,2026-09-28T16:03:28+00:00
IND,2019,X2,IT.NET.BBND.P2,1.37913181839908,world_bank,2026-08-09T20:18:24+00:00
IND,2019,X3,EGDI,,un_egdi,2026-09-28T16:03:28+00:00
IND,2019,X4,IT.NET.USER.ZS,29.52350044,world_bank,2026-08-09T20:18:24+00:00
IND,2019,X5,NCSI_SCORE,,ncsi,2026-09-28T16:03:28+00:00
IND,2019,X6,GII_SCORE,36.58,gii,2026-09-28T16:03:28+00:00
IND,2019,X7,AI_READY,7.515,oxford_insights,2026-09-28T16:03:28+00:00
IND,2019,X8,GB.XPD.RSDV.GD.ZS,0.65942,world_bank,2026-08-09T20:18:24+00:00
IND,2019,X9,BX.GSR.CCIS.ZS,43.95814821332,world_bank,2026-08-09T20:18:24+00:00
IND,2020,C1,NY.GDP.PCAP.PP.KD,7186.86447099679,world_bank,2026-08-09T20:18:24+00:00
IND,2020,C2,EDU_INDEX,0.553254,undp,2026-09-28T16:03:28+00:00
IND,2020,X1,IT.CEL.SETS.P2,82.2540479927426,world_bank,2026-08-09T20:18:24+00:00
IND,2020,X10,OSI,0.8529,un_egdi,2026-09-28T16:03:28+00:00
IND,2020,X2,IT.NET.BBND.P2,1.63622632751685,world_bank,2026-08-09T20:18:24+00:00
IND,2020,X3,EGDI,0.5964,un_egdi,2026-09-28T16:03:28+00:00
IND,2020,X4,IT.NET.USER.ZS,43.40544313,world_bank,2026-08-09T20:18:24+00:00
IND,2020,X5,NCSI_SCORE,,ncsi,2026-09-28T16:03:28+00:00
IND,2020,X6,GII_SCORE,35.5868,gii,2026-09-28T16:03:28+00:00
IND,2020,X7,AI_READY,55.983,oxford_insights,2026-09-28T16:03:28+00:00
IND,2020,X8,GB.XPD.RSDV.GD.ZS,0.64558,world_bank,2026-08-09T20:18:24+00:00
IND,2020,X9,BX.GSR.CCIS.ZS,48.9656874345531,world_bank,2026-08-09T20:18:24+00:00
IND,2021,C1,NY.GDP.PCAP.PP.KD,7818.65701757504,world_bank,2026-08-09T20:18:24+00:00
IND,2021,C2,EDU_INDEX,0.562177,undp,2026-09-28T16:03:28+00:00
IND,2021,X1,IT.CEL.SETS.P2,81.603974311212,world_bank,2026-08-09T20:18:24+00:00
IND,2021,X10,OSI,,un_egdi,2026-09-28T16:03:28+00:00
IND,2021,X2,IT.NET.BBND.P2,1.9487996093033,world_bank,2026-08-09T20:18:24+00:00
IND,2021,X3,EGDI,,un_egdi,2026-09-28T16:03:28+00:00
IND,2021,X4,IT.NET.USER.ZS,49.2580986,world_bank,2026-08-09T20:18:24+00:00
IND,2021,X5,NCSI_SCORE,,ncsi,2026-09-28T16:03:28+00:00
IND,2021,X6,GII_SCORE,36.3864,gii,2026-09-28T16:03:28+00:00
IND,2021,X7,AI_READY,56.11,oxford_insights,2026-09-28T16:03:28+00:00
IND,2021,X8,GB.XPD.RSDV.GD.ZS,,world_bank,2026-08-09T20:18:24+00:00
IND,2021,X9,BX.GSR.CCIS.ZS,49.6661074598787,world_bank,2026-08-09T20:18:24+00:00
IND,2022,C1,NY.GDP.PCAP.PP.KD,8347.38478647086,world_bank,2026-08-09T20:18:24+00:00
IND,2022,C2,EDU_INDEX,0.578902,undp,2026-09-28T16:03:28+00:00
IND,2022,X1,IT.CEL.SETS.P2,80.1818007717416,world_bank,2026-08-09T20:18:24+00:00
IND,2022,X10,OSI,0.7934,un_egdi,2026-09-28T16:03:28+00:00
IND,2022,X2,IT.NET.BBND.P2,2.35231555917724,world_bank,2026-08-09T20:18:24+00:00
IND,2022,X3,EGDI,0.5883,un_egdi,2026-09-28T16:03:28+00:00
IND,2022,X4,IT.NET.USER.ZS,55.9,world_bank,2026-08-09T20:18:24+00:00
IND,2022,X5,NCSI_SCORE,,ncsi,2026-09-28T16:03:28+00:00
IND,2022,X6,GII_SCORE,36.5682,gii,2026-09-28T16:03:28+00:00
IND,2022,X7,AI_READY,63.67,oxford_insights,2026-09-28T16:03:28+00:00
IND,2022,X8,GB.XPD.RSDV.GD.ZS,,world_bank,2026-08-09T20:18:24+00:00
IND,2022,X9,BX.GSR.CCIS.ZS,46.8040630285382,world_bank,2026-08-09T20:18:24+00:00
IND,2023,C1,NY.GDP.PCAP.PP.KD,8870.55027609345,world_bank,2026-08-09T20:18:24+00:00
IND,2023,C2,EDU_INDEX,0.589182,undp,2026-09-28T16:03:28+00:00
IND,2023,X1,IT.CEL.SETS.P2,80.5631998772888,world_bank,2026-08-09T20:18:24+00:00
IND,2023,X10,OSI,,un_egdi,2026-09-28T16:03:28+00:00
IND,2023,X2,IT.NET.BBND.P2,2.74534696441771,world_bank,2026-08-09T20:18:24+00:00
IND,2023,X3,EGDI,,un_egdi,2026-09-28T16:03:28+00:00
IND,2023,X4,IT.NET.USER.ZS,60.25230026,world_bank,2026-08-09T20:18:24+00:00
IND,2023,X5,NCSI_SCORE,,ncsi,2026-09-28T16:03:28+00:00
IND,2023,X6,GII_SCORE,38.1101,gii,2026-09-28T16:03:28+00:00
IND,2023,X7,AI_READY,62.578,oxford_insights,2026-09-28T16:03:28+00:00
IND,2023,X8,GB.XPD.RSDV.GD.ZS,,world_bank,2026-08-09T20:18:24+00:00
IND,2023,X9,BX.GSR.CCIS.ZS,48.1688192762242,world_bank,2026-08-09T20:18:24+00:00
IND,2024,C1,NY.GDP.PCAP.PP.KD,9416.05137044735,world_bank,2026-08-09T20:18:24+00:00
IND,2024,C2,EDU_INDEX,,undp,2026-09-28T16:03:28+00:00
IND,2024,X1,IT.CEL.SETS.P2,79.3526921826412,world_bank,2026-08-09T20:18:24+00:00
IND,2024,X10,OSI,0.81842,un_egdi,2026-09-28T16:03:28+00:00
IND,2024,X2,IT.NET.BBND.P2,3.15046250037677,world_bank,2026-08-09T20:18:24+00:00
IND,2024,X3,EGDI,0.66776,un_egdi,2026-09-28T16:03:28+00:00
IND,2024,X4,IT.NET.USER.ZS,64.9434967,world_bank,2026-08-09T20:18:24+00:00
IND,2024,X5,NCSI_SCORE,,ncsi,2026-09-28T16:03:28+00:00
IND,2024,X6,GII_SCORE,38.3088,gii,2026-09-28T16:03:28+00:00
IND,2024,X7,AI_READY,62.81,oxford_insights,2026-09-28T16:03:28+00:00
IND,2024,X8,GB.XPD.RSDV.GD.ZS,,world_bank,2026-08-09T20:18:24+00:00
IND,2024,X9,BX.GSR.CCIS.ZS,47.4135569645014,world_bank,2026-08-09T20:18:24+00:00
IND,2025,C1,NY.GDP.PCAP.PP.KD,10039.0708910587,world_bank,2026-08-09T20:18:24+00:00
IND,2025,C2,EDU_INDEX,,undp,2026-09-28T16:03:28+00:00
IND,2025,X1,IT.CEL.SETS.P2,,world_bank,2026-08-09T20:18:24+00:00
IND,2025,X10,OSI,,un_egdi,2026-09-28T16:03:28+00:00
IND,2025,X2,IT.NET.BBND.P2,,world_bank,2026-08-09T20:18:24+00:00
IND,2025,X3,EGDI,,un_egdi,2026-09-28T16:03:28+00:00
IND,2025,X4,IT.NET.USER.ZS,70.0,world_bank,2026-08-09T20:18:24+00:00
IND,2025,X5,NCSI_SCORE,75.83,ncsi,2026-09-28T16:03:28+00:00
IND,2025,X6,GII_SCORE,38.1998,gii,2026-09-28T16:03:28+00:00
IND,2025,X7,AI_READY,,oxford_insights,2026-09-28T16:03:28+00:00
IND,2025,X8,GB.XPD.RSDV.GD.ZS,,world_bank,2026-08-09T20:18:24+00:00
IND,2025,X9,BX.GSR.CCIS.ZS,48.5955481655845,world_bank,2026-08-09T20:18:24+00:00
MKD,2012,C1,NY.GDP.PCAP.PP.KD,17189.9956305456,world_bank,2026-08-09T20:18:24+00:00
MKD,2012,C2,EDU_INDEX,0.708313,undp,2026-09-28T16:03:28+00:00
MKD,2012,X1,IT.CEL.SETS.P2,110.268442239858,world_bank,2026-08-09T20:18:24+00:00
MKD,2012,X10,OSI,0.45098,un_egdi,2026-09-28T16:03:28+00:00
MKD,2012,X2,IT.NET.BBND.P2,15.4034279276413,world_bank,2026-08-09T20:18:24+00:00
MKD,2012,X3,EGDI,0.55865,un_egdi,2026-09-28T16:03:28+00:00
MKD,2012,X4,IT.NET.USER.ZS,57.449947312961,world_bank,2026-08-09T20:18:24+00:00
MKD,2012,X5,NCSI_SCORE,,ncsi,2026-09-28T16:03:28+00:00
MKD,2012,X6,GII_SCORE,36.2,gii,2026-09-28T16:03:28+00:00
MKD,2012,X7,AI_READY,,oxford_insights,2026-09-28T16:03:28+00:00
MKD,2012,X8,GB.XPD.RSDV.GD.ZS,0.32676,world_bank,2026-08-09T20:18:24+00:00
MKD,2012,X9,BX.GSR.CCIS.ZS,9.95415320596921,world_bank,2026-08-09T20:18:24+00:00
MKD,2013,C1,NY.GDP.PCAP.PP.KD,17758.2275594412,world_bank,2026-08-09T20:18:24+00:00
MKD,2013,C2,EDU_INDEX,0.717275,undp,2026-09-28T16:03:28+00:00
MKD,2013,X1,IT.CEL.SETS.P2,111.124632440594,world_bank,2026-08-09T20:18:24+00:00
MKD,2013,X10,OSI,,un_egdi,2026-09-28T16:03:28+00:00
MKD,2013,X2,IT.NET.BBND.P2,16.8126639116268,world_bank,2026-08-09T20:18:24+00:00
MKD,2013,X3,EGDI,,un_egdi,2026-09-28T16:03:28+00:00
MKD,2013,X4,IT.NET.USER.ZS,65.24,world_bank,2026-08-09T20:18:24+00:00
MKD,2013,X5,NCSI_SCORE,,ncsi,2026-09-28T16:03:28+00:00
MKD,2013,X6,GII_SCORE,38.18,gii,2026-09-28T16:03:28+00:00
MKD,2013,X7,AI_READY,,oxford_insights,2026-09-28T16:03:28+00:00
MKD,2013,X8,GB.XPD.RSDV.GD.ZS,0.43894,world_bank,2026-08-09T20:18:24+00:00
MKD,2013,X9,BX.GSR.CCIS.ZS,10.3525550234917,world_bank,2026-08-09T20:18:24+00:00
MKD,2014,C1,NY.GDP.PCAP.PP.KD,18452.2062280148,world_bank,2026-08-09T20:18:24+00:00
MKD,2014,C2,EDU_INDEX,0.725841,undp,2026-09-28T16:03:28+00:00
MKD,2014,X1,IT.CEL.SETS.P2,111.342589695936,world_bank,2026-08-09T20:18:24+00:00
MKD,2014,X10,OSI,0.24409,un_egdi,2026-09-28T16:03:28+00:00
MKD,2014,X2,IT.NET.BBND.P2,17.7239038498213,world_bank,2026-08-09T20:18:24+00:00
MKD,2014,X3,EGDI,0.47198,un_egdi,2026-09-28T16:03:28+00:00
MKD,2014,X4,IT.NET.USER.ZS,68.0584815397496,world_bank,2026-08-09T20:18:24+00:00
MKD,2014,X5,NCSI_SCORE,,ncsi,2026-09-28T16:03:28+00:00
MKD,2014,X6,GII_SCORE,36.93,gii,2026-09-28T16:03:28+00:00
MKD,2014,X7,AI_READY,,oxford_insights,2026-09-28T16:03:28+00:00
MKD,2014,X8,GB.XPD.RSDV.GD.ZS,0.51646,world_bank,2026-08-09T20:18:24+00:00
MKD,2014,X9,BX.GSR.CCIS.ZS,9.35873233471654,world_bank,2026-08-09T20:18:24+00:00
MKD,2015,C1,NY.GDP.PCAP.PP.KD,19215.0740381192,world_bank,2026-08-09T20:18:24+00:00
MKD,2015,C2,EDU_INDEX,0.743279,undp,2026-09-28T16:03:28+00:00
MKD,2015,X1,IT.CEL.SETS.P2,105.212016364652,world_bank,2026-08-09T20:18:24+00:00
MKD,2015,X10,OSI,,un_egdi,2026-09-28T16:03:28+00:00
MKD,2015,X2,IT.NET.BBND.P2,18.4016994838328,world_bank,2026-08-09T20:18:24+00:00
MKD,2015,X3,EGDI,,un_egdi,2026-09-28T16:03:28+00:00
MKD,2015,X4,IT.NET.USER.ZS,70.3802030766689,world_bank,2026-08-09T20:18:24+00:00
MKD,2015,X5,NCSI_SCORE,,ncsi,2026-09-28T16:03:28+00:00
MKD,2015,X6,GII_SCORE,38.03,gii,2026-09-28T16:03:28+00:00
MKD,2015,X7,AI_READY,,oxford_insights,2026-09-28T16:03:28+00:00
MKD,2015,X8,GB.XPD.RSDV.GD.ZS,0.44412,world_bank,2026-08-09T20:18:24+00:00
MKD,2015,X9,BX.GSR.CCIS.ZS,9.42666308795002,world_bank,2026-08-09T20:18:24+00:00
MKD,2016,C1,NY.GDP.PCAP.PP.KD,19825.7724685057,world_bank,2026-08-09T20:18:24+00:00
MKD,2016,C2,EDU_INDEX,0.753733,undp,2026-09-28T16:03:28+00:00
MKD,2016,X1,IT.CEL.SETS.P2,104.549883518699,world_bank,2026-08-09T20:18:24+00:00
MKD,2016,X10,OSI,0.6087,un_egdi,2026-09-28T16:03:28+00:00
MKD,2016,X2,IT.NET.BBND.P2,19.4533715332855,world_bank,2026-08-09T20:18:24+00:00
MKD,2016,X3,EGDI,0.58855,un_egdi,2026-09-28T16:03:28+00:00
MKD,2016,X4,IT.NET.USER.ZS,72.1568144676058,world_bank,2026-08-09T20:18:24+00:00
MKD,2016,X5,NCSI_SCORE,,ncsi,2026-09-28T16:03:28+00:00
MKD,2016,X6,GII_SCORE,35.4,gii,2026-09-28T16:03:28+00:00
MKD,2016,X7,AI_READY,,oxford_insights,2026-09-28T16:03:28+00:00
MKD,2016,X8,GB.XPD.RSDV.GD.ZS,0.43585,world_bank,2026-08-09T20:18:24+00:00
MKD,2016,X9,BX.GSR.CCIS.ZS,10.790112215643,world_bank,2026-08-09T20:18:24+00:00
MKD,2017,C1,NY.GDP.PCAP.PP.KD,20121.0510180726,world_bank,2026-08-09T20:18:24+00:00
MKD,2017,C2,EDU_INDEX,0.764187,undp,2026-09-28T16:03:28+00:00
MKD,2017,X1,IT.CEL.SETS.P2,103.458690624197,world_bank,2026-08-09T20:18:24+00:00
MKD,2017,X10,OSI,,un_egdi,2026-09-28T16:03:28+00:00
MKD,2017,X2,IT.NET.BBND.P2,20.4183259234605,world_bank,2026-08-09T20:18:24+00:00
MKD,2017,X3,EGDI,,un_egdi,2026-09-28T16:03:28+00:00
MKD,2017,X4,IT.NET.USER.ZS,74.5168241807954,world_bank,2026-08-09T20:18:24+00:00
MKD,2017,X5,NCSI_SCORE,,ncsi,2026-09-28T16:03:28+00:00
MKD,2017,X6,GII_SCORE,35.43,gii,2026-09-28T16:03:28+00:00
MKD,2017,X7,AI_READY,,oxford_insights,2026-09-28T16:03:28+00:00
MKD,2017,X8,GB.XPD.RSDV.GD.ZS,0.35439,world_bank,2026-08-09T20:18:24+00:00
MKD,2017,X9,BX.GSR.CCIS.ZS,10.2221203985445,world_bank,2026-08-09T20:18:24+00:00
MKD,2018,C1,NY.GDP.PCAP.PP.KD,20805.9221192555,world_bank,2026-08-09T20:18:24+00:00
MKD,2018,C2,EDU_INDEX,0.769526,undp,2026-09-28T16:03:28+00:00
MKD,2018,X1,IT.CEL.SETS.P2,102.572291491295,world_bank,2026-08-09T20:18:24+00:00
MKD,2018,X10,OSI,0.7153,un_egdi,2026-09-28T16:03:28+00:00
MKD,2018,X2,IT.NET.BBND.P2,22.2929498345599,world_bank,2026-08-09T20:18:24+00:00
MKD,2018,X3,EGDI,0.6312,un_egdi,2026-09-28T16:03:28+00:00
MKD,2018,X4,IT.NET.USER.ZS,79.1677551850871,world_bank,2026-08-09T20:18:24+00:00
MKD,2018,X5,NCSI_SCORE,,ncsi,2026-09-28T16:03:28+00:00
MKD,2018,X6,GII_SCORE,29.91,gii,2026-09-28T16:03:28+00:00
MKD,2018,X7,AI_READY,,oxford_insights,2026-09-28T16:03:28+00:00
MKD,2018,X8,GB.XPD.RSDV.GD.ZS,0.36367,world_bank,2026-08-09T20:18:24+00:00
MKD,2018,X9,BX.GSR.CCIS.ZS,11.6284345131118,world_bank,2026-08-09T20:18:24+00:00
MKD,2019,C1,NY.GDP.PCAP.PP.KD,21766.8842062487,world_bank,2026-08-09T20:18:24+00:00
MKD,2019,C2,EDU_INDEX,0.738806,undp,2026-09-28T16:03:28+00:00
MKD,2019,X1,IT.CEL.SETS.P2,101.231634434543,world_bank,2026-08-09T20:18:24+00:00
MKD,2019,X10,OSI,,un_egdi,2026-09-28T16:03:28+00:00
MKD,2019,X2,IT.NET.BBND.P2,23.9402500262168,world_bank,2026-08-09T20:18:24+00:00
MKD,2019,X3,EGDI,,un_egdi,2026-09-28T16:03:28+00:00
MKD,2019,X4,IT.NET.USER.ZS,81.4128827618364,world_bank,2026-08-09T20:18:24+00:00
MKD,2019,X5,NCSI_SCORE,,ncsi,2026-09-28T16:03:28+00:00
MKD,2019,X6,GII_SCORE,35.29,gii,2026-09-28T16:03:28+00:00
MKD,2019,X7,AI_READY,5.284,oxford_insights,2026-09-28T16:03:28+00:00
MKD,2019,X8,GB.XPD.RSDV.GD.ZS,0.36783,world_bank,2026-08-09T20:18:24+00:00
MKD,2019,X9,BX.GSR.CCIS.ZS,13.4156199710591,world_bank,2026-08-09T20:18:24+00:00
MKD,2020,C1,NY.GDP.PCAP.PP.KD,20971.4421033593,world_bank,2026-08-09T20:18:24+00:00
MKD,2020,C2,EDU_INDEX,0.713307,undp,2026-09-28T16:03:28+00:00
MKD,2020,X1,IT.CEL.SETS.P2,99.4723867063031,world_bank,2026-08-09T20:18:24+00:00
MKD,2020,X10,OSI,0.7412,un_egdi,2026-09-28T16:03:28+00:00
MKD,2020,X2,IT.NET.BBND.P2,25.4041233643961,world_bank,2026-08-09T20:18:24+00:00
MKD,2020,X3,EGDI,0.7083,un_egdi,2026-09-28T16:03:28+00:00
MKD,2020,X4,IT.NET.USER.ZS,81.40553811,world_bank,2026-08-09T20:18:24+00:00
MKD,2020,X5,NCSI_SCORE,,ncsi,2026-09-28T16:03:28+00:00
MKD,2020,X6,GII_SCORE,33.432,gii,2026-09-28T16:03:28+00:00
MKD,2020,X7,AI_READY,42.995,oxford_insights,2026-09-28T16:03:28+00:00
MKD,2020,X8,GB.XPD.RSDV.GD.ZS,0.37264,world_bank,2026-08-09T20:18:24+00:00
MKD,2020,X9,BX.GSR.CCIS.ZS,16.7447439543779,world_bank,2026-08-09T20:18:24+00:00
MKD,2021,C1,NY.GDP.PCAP.PP.KD,22144.1924252732,world_bank,2026-08-09T20:18:24+00:00
MKD,2021,C2,EDU_INDEX,0.717091,undp,2026-09-28T16:03:28+00:00
MKD,2021,X1,IT.CEL.SETS.P2,104.875134243923,world_bank,2026-08-09T20:18:24+00:00
MKD,2021,X10,OSI,,un_egdi,2026-09-28T16:03:28+00:00
MKD,2021,X2,IT.NET.BBND.P2,26.9448892231031,world_bank,2026-08-09T20:18:24+00:00
MKD,2021,X3,EGDI,,un_egdi,2026-09-28T16:03:28+00:00
MKD,2021,X4,IT.NET.USER.ZS,81.873703,world_bank,2026-08-09T20:18:24+00:00
MKD,2021,X5,NCSI_SCORE,,ncsi,2026-09-28T16:03:28+00:00
MKD,2021,X6,GII_SCORE,34.0686,gii,2026-09-28T16:03:28+00:00
MKD,2021,X7,AI_READY,43.73,oxford_insights,2026-09-28T16:03:28+00:00
MKD,2021,X8,GB.XPD.RSDV.GD.ZS,0.37252,world_bank,2026-08-09T20:18:24+00:00
MKD,2021,X9,BX.GSR.CCIS.ZS,18.9276582966113,world_bank,2026-08-09T20:18:24+00:00
MKD,2022,C1,NY.GDP.PCAP.PP.KD,22822.2333994259,world_bank,2026-08-09T20:18:24+00:00
MKD,2022,C2,EDU_INDEX,0.751596,undp,2026-09-28T16:03:28+00:00
MKD,2022,X1,IT.CEL.SETS.P2,111.303079555687,world_bank,2026-08-09T20:18:24+00:00
MKD,2022,X10,OSI,0.702,un_egdi,2026-09-28T16:03:28+00:00
MKD,2022,X2,IT.NET.BBND.P2,28.0035734605346,world_bank,2026-08-09T20:18:24+00:00
MKD,2022,X3,EGDI,0.7,un_egdi,2026-09-28T16:03:28+00:00
MKD,2022,X4,IT.NET.USER.ZS,83.85030365,world_bank,2026-08-09T20:18:24+00:00
MKD,2022,X5,NCSI_SCORE,,ncsi,2026-09-28T16:03:28+00:00
MKD,2022,X6,GII_SCORE,28.8392,gii,2026-09-28T16:03:28+00:00
MKD,2022,X7,AI_READY,46.11,oxford_insights,2026-09-28T16:03:28+00:00
MKD,2022,X8,GB.XPD.RSDV.GD.ZS,0.37372,world_bank,2026-08-09T20:18:24+00:00
MKD,2022,X9,BX.GSR.CCIS.ZS,20.3007152180509,world_bank,2026-08-09T20:18:24+00:00
MKD,2023,C1,NY.GDP.PCAP.PP.KD,23455.2221318176,world_bank,2026-08-09T20:18:24+00:00
MKD,2023,C2,EDU_INDEX,0.751596,undp,2026-09-28T16:03:28+00:00
MKD,2023,X1,IT.CEL.SETS.P2,106.458776658176,world_bank,2026-08-09T20:18:24+00:00
MKD,2023,X10,OSI,,un_egdi,2026-09-28T16:03:28+00:00
MKD,2023,X2,IT.NET.BBND.P2,29.1771708951077,world_bank,2026-08-09T20:18:24+00:00
MKD,2023,X3,EGDI,,un_egdi,2026-09-28T16:03:28+00:00
MKD,2023,X4,IT.NET.USER.ZS,88.5,world_bank,2026-08-09T20:18:24+00:00
MKD,2023,X5,NCSI_SCORE,56.67,ncsi,2026-09-28T16:03:28+00:00
MKD,2023,X6,GII_SCORE,33.0193,gii,2026-09-28T16:03:28+00:00
MKD,2023,X7,AI_READY,45.4047,oxford_insights,2026-09-28T16:03:28+00:00
MKD,2023,X8,GB.XPD.RSDV.GD.ZS,0.3699,world_bank,2026-08-09T20:18:24+00:00
MKD,2023,X9,BX.GSR.CCIS.ZS,21.0026748062036,world_bank,2026-08-09T20:18:24+00:00
MKD,2024,C1,NY.GDP.PCAP.PP.KD,24203.1855800189,world_bank,2026-08-09T20:18:24+00:00
MKD,2024,C2,EDU_INDEX,,undp,2026-09-28T16:03:28+00:00
MKD,2024,X1,IT.CEL.SETS.P2,108.38712260883,world_bank,2026-08-09T20:18:24+00:00
MKD,2024,X10,OSI,0.66415,un_egdi,2026-09-28T16:03:28+00:00
MKD,2024,X2,IT.NET.BBND.P2,29.8921727758887,world_bank,2026-08-09T20:18:24+00:00
MKD,2024,X3,EGDI,0.70704,un_egdi,2026-09-28T16:03:28+00:00
MKD,2024,X4,IT.NET.USER.ZS,93.6,world_bank,2026-08-09T20:18:24+00:00
MKD,2024,X5,NCSI_SCORE,56.67,ncsi,2026-09-28T16:03:28+00:00
MKD,2024,X6,GII_SCORE,29.8886,gii,2026-09-28T16:03:28+00:00
MKD,2024,X7,AI_READY,45.12,oxford_insights,2026-09-28T16:03:28+00:00
MKD,2024,X8,GB.XPD.RSDV.GD.ZS,0.37363,world_bank,2026-08-09T20:18:24+00:00
MKD,2024,X9,BX.GSR.CCIS.ZS,21.6117320275475,world_bank,2026-08-09T20:18:24+00:00
MKD,2025,C1,NY.GDP.PCAP.PP.KD,25094.6225007185,world_bank,2026-08-09T20:18:24+00:00
MKD,2025,C2,EDU_INDEX,,undp,2026-09-28T16:03:28+00:00
MKD,2025,X1,IT.CEL.SETS.P2,,world_bank,2026-08-09T20:18:24+00:00
MKD,2025,X10,OSI,,un_egdi,2026-09-28T16:03:28+00:00
MKD,2025,X2,IT.NET.BBND.P2,,world_bank,2026-08-09T20:18:24+00:00
MKD,2025,X3,EGDI,,un_egdi,2026-09-28T16:03:28+00:00
MKD,2025,X4,IT.NET.USER.ZS,93.1,world_bank,2026-08-09T20:18:24+00:00
MKD,2025,X5,NCSI_SCORE,66.67,ncsi,2026-09-28T16:03:28+00:00
MKD,2025,X6,GII_SCORE,29.7907,gii,2026-09-28T16:03:28+00:00
MKD,2025,X7,AI_READY,,oxford_insights,2026-09-28T16:03:28+00:00
MKD,2025,X8,GB.XPD.RSDV.GD.ZS,,world_bank,2026-08-09T20:18:24+00:00
MKD,2025,X9,BX.GSR.CCIS.ZS,21.5247930087355,world_bank,2026-08-09T20:18:24+00:00
SRB,2012,C1,NY.GDP.PCAP.PP.KD,17993.8147169993,world_bank,2026-08-09T20:18:24+00:00
SRB,2012,C2,EDU_INDEX,0.750359,undp,2026-09-28T16:03:28+00:00
SRB,2012,X1,IT.CEL.SETS.P2,127.199184289925,world_bank,2026-08-09T20:18:24+00:00
SRB,2012,X10,OSI,0.57516,un_egdi,2026-09-28T16:03:28+00:00
SRB,2012,X2,IT.NET.BBND.P2,14.8105248871613,world_bank,2026-08-09T20:18:24+00:00
SRB,2012,X3,EGDI,0.63119,un_egdi,2026-09-28T16:03:28+00:00
SRB,2012,X4,IT.NET.USER.ZS,48.09999847,world_bank,2026-08-09T20:18:24+00:00
SRB,2012,X5,NCSI_SCORE,,ncsi,2026-09-28T16:03:28+00:00
SRB,2012,X6,GII_SCORE,40.0,gii,2026-09-28T16:03:28+00:00
SRB,2012,X7,AI_READY,,oxford_insights,2026-09-28T16:03:28+00:00
SRB,2012,X8,GB.XPD.RSDV.GD.ZS,0.81922,world_bank,2026-08-09T20:18:24+00:00
SRB,2012,X9,BX.GSR.CCIS.ZS,12.1306370282431,world_bank,2026-08-09T20:18:24+00:00
SRB,2013,C1,NY.GDP.PCAP.PP.KD,18163.2047330246,world_bank,2026-08-09T20:18:24+00:00
SRB,2013,C2,EDU_INDEX,0.754464,undp,2026-09-28T16:03:28+00:00
SRB,2013,X1,IT.CEL.SETS.P2,128.668140961621,world_bank,2026-08-09T20:18:24+00:00
SRB,2013,X10,OSI,,un_egdi,2026-09-28T16:03:28+00:00
SRB,2013,X2,IT.NET.BBND.P2,16.4163582396862,world_bank,2026-08-09T20:18:24+00:00
SRB,2013,X3,EGDI,,un_egdi,2026-09-28T16:03:28+00:00
SRB,2013,X4,IT.NET.USER.ZS,53.450364175,world_bank,2026-08-09T20:18:24+00:00
SRB,2013,X5,NCSI_SCORE,,ncsi,2026-09-28T16:03:28+00:00
SRB,2013,X6,GII_SCORE,37.87,gii,2026-09-28T16:03:28+00:00
SRB,2013,X7,AI_READY,,oxford_insights,2026-09-28T16:03:28+00:00
SRB,2013,X8,GB.XPD.RSDV.GD.ZS,0.65574,world_bank,2026-08-09T20:18:24+00:00
SRB,2013,X9,BX.GSR.CCIS.ZS,12.764254671783,world_bank,2026-08-09T20:18:24+00:00
SRB,2014,C1,NY.GDP.PCAP.PP.KD,17922.4357685757,world_bank,2026-08-09T20:18:24+00:00
SRB,2014,C2,EDU_INDEX,0.762059,undp,2026-09-28T16:03:28+00:00
SRB,2014,X1,IT.CEL.SETS.P2,131.35311754636,world_bank,2026-08-09T20:18:24+00:00
SRB,2014,X10,OSI,0.3937,un_egdi,2026-09-28T16:03:28+00:00
SRB,2014,X2,IT.NET.BBND.P2,16.7418077691238,world_bank,2026-08-09T20:18:24+00:00
SRB,2014,X3,EGDI,0.54715,un_egdi,2026-09-28T16:03:28+00:00
SRB,2014,X4,IT.NET.USER.ZS,62.0750804639377,world_bank,2026-08-09T20:18:24+00:00
SRB,2014,X5,NCSI_SCORE,,ncsi,2026-09-28T16:03:28+00:00
SRB,2014,X6,GII_SCORE,35.89,gii,2026-09-28T16:03:28+00:00
SRB,2014,X7,AI_READY,,oxford_insights,2026-09-28T16:03:28+00:00
SRB,2014,X8,GB.XPD.RSDV.GD.ZS,0.69287,world_bank,2026-08-09T20:18:24+00:00
SRB,2014,X9,BX.GSR.CCIS.ZS,12.7854987876277,world_bank,2026-08-09T20:18:24+00:00
SRB,2015,C1,NY.GDP.PCAP.PP.KD,18247.8091057968,world_bank,2026-08-09T20:18:24+00:00
SRB,2015,C2,EDU_INDEX,0.777064,undp,2026-09-28T16:03:28+00:00
SRB,2015,X1,IT.CEL.SETS.P2,129.383588087229,world_bank,2026-08-09T20:18:24+00:00
SRB,2015,X10,OSI,,un_egdi,2026-09-28T16:03:28+00:00
SRB,2015,X2,IT.NET.BBND.P2,18.6568767159217,world_bank,2026-08-09T20:18:24+00:00
SRB,2015,X3,EGDI,,un_egdi,2026-09-28T16:03:28+00:00
SRB,2015,X4,IT.NET.USER.ZS,65.3170254003801,world_bank,2026-08-09T20:18:24+00:00
SRB,2015,X5,NCSI_SCORE,,ncsi,2026-09-28T16:03:28+00:00
SRB,2015,X6,GII_SCORE,36.47,gii,2026-09-28T16:03:28+00:00
SRB,2015,X7,AI_READY,,oxford_insights,2026-09-28T16:03:28+00:00
SRB,2015,X8,GB.XPD.RSDV.GD.ZS,0.77867,world_bank,2026-08-09T20:18:24+00:00
SRB,2015,X9,BX.GSR.CCIS.ZS,14.2871334982638,world_bank,2026-08-09T20:18:24+00:00
SRB,2016,C1,NY.GDP.PCAP.PP.KD,18889.3816415548,world_bank,2026-08-09T20:18:24+00:00
SRB,2016,C2,EDU_INDEX,0.782998,undp,2026-09-28T16:03:28+00:00
SRB,2016,X1,IT.CEL.SETS.P2,129.17749484679,world_bank,2026-08-09T20:18:24+00:00
SRB,2016,X10,OSI,0.81884,un_egdi,2026-09-28T16:03:28+00:00
SRB,2016,X2,IT.NET.BBND.P2,20.6094025912635,world_bank,2026-08-09T20:18:24+00:00
SRB,2016,X3,EGDI,0.71308,un_egdi,2026-09-28T16:03:28+00:00
SRB,2016,X4,IT.NET.USER.ZS,67.0568413716938,world_bank,2026-08-09T20:18:24+00:00
SRB,2016,X5,NCSI_SCORE,,ncsi,2026-09-28T16:03:28+00:00
SRB,2016,X6,GII_SCORE,33.75,gii,2026-09-28T16:03:28+00:00
SRB,2016,X7,AI_READY,,oxford_insights,2026-09-28T16:03:28+00:00
SRB,2016,X8,GB.XPD.RSDV.GD.ZS,0.80779,world_bank,2026-08-09T20:18:24+00:00
SRB,2016,X9,BX.GSR.CCIS.ZS,16.1721884901003,world_bank,2026-08-09T20:18:24+00:00
SRB,2017,C1,NY.GDP.PCAP.PP.KD,19438.9917129776,world_bank,2026-08-09T20:18:24+00:00
SRB,2017,C2,EDU_INDEX,0.78751,undp,2026-09-28T16:03:28+00:00
SRB,2017,X1,IT.CEL.SETS.P2,123.142754551775,world_bank,2026-08-09T20:18:24+00:00
SRB,2017,X10,OSI,,un_egdi,2026-09-28T16:03:28+00:00
SRB,2017,X2,IT.NET.BBND.P2,21.1492657800305,world_bank,2026-08-09T20:18:24+00:00
SRB,2017,X3,EGDI,,un_egdi,2026-09-28T16:03:28+00:00
SRB,2017,X4,IT.NET.USER.ZS,70.3308355269141,world_bank,2026-08-09T20:18:24+00:00
SRB,2017,X5,NCSI_SCORE,,ncsi,2026-09-28T16:03:28+00:00
SRB,2017,X6,GII_SCORE,35.34,gii,2026-09-28T16:03:28+00:00
SRB,2017,X7,AI_READY,,oxford_insights,2026-09-28T16:03:28+00:00
SRB,2017,X8,GB.XPD.RSDV.GD.ZS,0.83834,world_bank,2026-08-09T20:18:24+00:00
SRB,2017,X9,BX.GSR.CCIS.ZS,17.1263254131134,world_bank,2026-08-09T20:18:24+00:00
SRB,2018,C1,NY.GDP.PCAP.PP.KD,20454.225884367,world_bank,2026-08-09T20:18:24+00:00
SRB,2018,C2,EDU_INDEX,0.790321,undp,2026-09-28T16:03:28+00:00
SRB,2018,X1,IT.CEL.SETS.P2,121.074823902706,world_bank,2026-08-09T20:18:24+00:00
SRB,2018,X10,OSI,0.7361,un_egdi,2026-09-28T16:03:28+00:00
SRB,2018,X2,IT.NET.BBND.P2,22.2890953800272,world_bank,2026-08-09T20:18:24+00:00
SRB,2018,X3,EGDI,0.7155,un_egdi,2026-09-28T16:03:28+00:00
SRB,2018,X4,IT.NET.USER.ZS,73.360709154564,world_bank,2026-08-09T20:18:24+00:00
SRB,2018,X5,NCSI_SCORE,,ncsi,2026-09-28T16:03:28+00:00
SRB,2018,X6,GII_SCORE,35.46,gii,2026-09-28T16:03:28+00:00
SRB,2018,X7,AI_READY,,oxford_insights,2026-09-28T16:03:28+00:00
SRB,2018,X8,GB.XPD.RSDV.GD.ZS,0.88154,world_bank,2026-08-09T20:18:24+00:00
SRB,2018,X9,BX.GSR.CCIS.ZS,18.729600792981,world_bank,2026-08-09T20:18:24+00:00
SRB,2019,C1,NY.GDP.PCAP.PP.KD,21541.1264037184,world_bank,2026-08-09T20:18:24+00:00
SRB,2019,C2,EDU_INDEX,0.791653,undp,2026-09-28T16:03:28+00:00
SRB,2019,X1,IT.CEL.SETS.P2,122.047741314232,world_bank,2026-08-09T20:18:24+00:00
SRB,2019,X10,OSI,,un_egdi,2026-09-28T16:03:28+00:00
SRB,2019,X2,IT.NET.BBND.P2,23.4424592934158,world_bank,2026-08-09T20:18:24+00:00
SRB,2019,X3,EGDI,,un_egdi,2026-09-28T16:03:28+00:00
SRB,2019,X4,IT.NET.USER.ZS,77.4167736219802,world_bank,2026-08-09T20:18:24+00:00
SRB,2019,X5,NCSI_SCORE,,ncsi,2026-09-28T16:03:28+00:00
SRB,2019,X6,GII_SCORE,35.71,gii,2026-09-28T16:03:28+00:00
SRB,2019,X7,AI_READY,5.364,oxford_insights,2026-09-28T16:03:28+00:00
SRB,2019,X8,GB.XPD.RSDV.GD.ZS,0.84798,world_bank,2026-08-09T20:18:24+00:00
SRB,2019,X9,BX.GSR.CCIS.ZS,20.523592320891,world_bank,2026-08-09T20:18:24+00:00
SRB,2020,C1,NY.GDP.PCAP.PP.KD,21479.0788553347,world_bank,2026-08-09T20:18:24+00:00
SRB,2020,C2,EDU_INDEX,0.789362,undp,2026-09-28T16:03:28+00:00
SRB,2020,X1,IT.CEL.SETS.P2,120.216859464106,world_bank,2026-08-09T20:18:24+00:00
SRB,2020,X10,OSI,0.7941,un_egdi,2026-09-28T16:03:28+00:00
SRB,2020,X2,IT.NET.BBND.P2,25.1834994361532,world_bank,2026-08-09T20:18:24+00:00
SRB,2020,X3,EGDI,0.7474,un_egdi,2026-09-28T16:03:28+00:00
SRB,2020,X4,IT.NET.USER.ZS,78.36804864,world_bank,2026-08-09T20:18:24+00:00
SRB,2020,X5,NCSI_SCORE,,ncsi,2026-09-28T16:03:28+00:00
SRB,2020,X6,GII_SCORE,34.3255,gii,2026-09-28T16:03:28+00:00
SRB,2020,X7,AI_READY,53.431,oxford_insights,2026-09-28T16:03:28+00:00
SRB,2020,X8,GB.XPD.RSDV.GD.ZS,0.86478,world_bank,2026-08-09T20:18:24+00:00
SRB,2020,X9,BX.GSR.CCIS.ZS,23.218504976172,world_bank,2026-08-09T20:18:24+00:00
SRB,2021,C1,NY.GDP.PCAP.PP.KD,23406.3065657117,world_bank,2026-08-09T20:18:24+00:00
SRB,2021,C2,EDU_INDEX,0.793888,undp,2026-09-28T16:03:28+00:00
SRB,2021,X1,IT.CEL.SETS.P2,125.075587327252,world_bank,2026-08-09T20:18:24+00:00
SRB,2021,X10,OSI,,un_egdi,2026-09-28T16:03:28+00:00
SRB,2021,X2,IT.NET.BBND.P2,26.4794202826056,world_bank,2026-08-09T20:18:24+00:00
SRB,2021,X3,EGDI,,un_egdi,2026-09-28T16:03:28+00:00
SRB,2021,X4,IT.NET.USER.ZS,81.16588116,world_bank,2026-08-09T20:18:24+00:00
SRB,2021,X5,NCSI_SCORE,,ncsi,2026-09-28T16:03:28+00:00
SRB,2021,X6,GII_SCORE,35.0418,gii,2026-09-28T16:03:28+00:00
SRB,2021,X7,AI_READY,55.98,oxford_insights,2026-09-28T16:03:28+00:00
SRB,2021,X8,GB.XPD.RSDV.GD.ZS,0.94784,world_bank,2026-08-09T20:18:24+00:00
SRB,2021,X9,BX.GSR.CCIS.ZS,23.8026092279962,world_bank,2026-08-09T20:18:24+00:00
SRB,2022,C1,NY.GDP.PCAP.PP.KD,24651.8478183529,world_bank,2026-08-09T20:18:24+00:00
SRB,2022,C2,EDU_INDEX,0.805895,undp,2026-09-28T16:03:28+00:00
SRB,2022,X1,IT.CEL.SETS.P2,129.813149647571,world_bank,2026-08-09T20:18:24+00:00
SRB,2022,X10,OSI,0.8514,un_egdi,2026-09-28T16:03:28+00:00
SRB,2022,X2,IT.NET.BBND.P2,29.3457941392192,world_bank,2026-08-09T20:18:24+00:00
SRB,2022,X3,EGDI,0.8237,un_egdi,2026-09-28T16:03:28+00:00
SRB,2022,X4,IT.NET.USER.ZS,83.53825397,world_bank,2026-08-09T20:18:24+00:00
SRB,2022,X5,NCSI_SCORE,,ncsi,2026-09-28T16:03:28+00:00
SRB,2022,X6,GII_SCORE,32.2756,gii,2026-09-28T16:03:28+00:00
SRB,2022,X7,AI_READY,52.96,oxford_insights,2026-09-28T16:03:28+00:00
SRB,2022,X8,GB.XPD.RSDV.GD.ZS,0.91938,world_bank,2026-08-09T20:18:24+00:00
SRB,2022,X9,BX.GSR.CCIS.ZS,24.362916235069,world_bank,2026-08-09T20:18:24+00:00
SRB,2023,C1,NY.GDP.PCAP.PP.KD,25735.1334774195,world_bank,2026-08-09T20:18:24+00:00
SRB,2023,C2,EDU_INDEX,0.805895,undp,2026-09-28T16:03:28+00:00
SRB,2023,X1,IT.CEL.SETS.P2,128.471147595832,world_bank,2026-08-09T20:18:24+00:00
SRB,2023,X10,OSI,,un_egdi,2026-09-28T16:03:28+00:00
SRB,2023,X2,IT.NET.BBND.P2,31.2695286708104,world_bank,2026-08-09T20:18:24+00:00
SRB,2023,X3,EGDI,,un_egdi,2026-09-28T16:03:28+00:00
SRB,2023,X4,IT.NET.USER.ZS,85.35746686,world_bank,2026-08-09T20:18:24+00:00
SRB,2023,X5,NCSI_SCORE,,ncsi,2026-09-28T16:03:28+00:00
SRB,2023,X6,GII_SCORE,33.1113,gii,2026-09-28T16:03:28+00:00
SRB,2023,X7,AI_READY,55.5721,oxford_insights,2026-09-28T16:03:28+00:00
SRB,2023,X8,GB.XPD.RSDV.GD.ZS,0.87816,world_bank,2026-08-09T20:18:24+00:00
SRB,2023,X9,BX.GSR.CCIS.ZS,26.2535842010438,world_bank,2026-08-09T20:18:24+00:00
SRB,2024,C1,NY.GDP.PCAP.PP.KD,26900.7415340646,world_bank,2026-08-09T20:18:24+00:00
SRB,2024,C2,EDU_INDEX,,undp,2026-09-28T16:03:28+00:00
SRB,2024,X1,IT.CEL.SETS.P2,123.822194984291,world_bank,2026-08-09T20:18:24+00:00
SRB,2024,X10,OSI,0.85397,un_egdi,2026-09-28T16:03:28+00:00
SRB,2024,X2,IT.NET.BBND.P2,33.3746847922718,world_bank,2026-08-09T20:18:24+00:00
SRB,2024,X3,EGDI,0.86184,un_egdi,2026-09-28T16:03:28+00:00
SRB,2024,X4,IT.NET.USER.ZS,87.69071294,world_bank,2026-08-09T20:18:24+00:00
SRB,2024,X5,NCSI_SCORE,72.5,ncsi,2026-09-28T16:03:28+00:00
SRB,2024,X6,GII_SCORE,32.2544,gii,2026-09-28T16:03:28+00:00
SRB,2024,X7,AI_READY,58.49,oxford_insights,2026-09-28T16:03:28+00:00
SRB,2024,X8,GB.XPD.RSDV.GD.ZS,0.93978,world_bank,2026-08-09T20:18:24+00:00
SRB,2024,X9,BX.GSR.CCIS.ZS,28.5641919197405,world_bank,2026-08-09T20:18:24+00:00
SRB,2025,C1,NY.GDP.PCAP.PP.KD,27603.3916309287,world_bank,2026-08-09T20:18:24+00:00
SRB,2025,C2,EDU_INDEX,,undp,2026-09-28T16:03:28+00:00
SRB,2025,X1,IT.CEL.SETS.P2,,world_bank,2026-08-09T20:18:24+00:00
SRB,2025,X10,OSI,,un_egdi,2026-09-28T16:03:28+00:00
SRB,2025,X2,IT.NET.BBND.P2,,world_bank,2026-08-09T20:18:24+00:00
SRB,2025,X3,EGDI,,un_egdi,2026-09-28T16:03:28+00:00
SRB,2025,X4,IT.NET.USER.ZS,,world_bank,2026-08-09T20:18:24+00:00
SRB,2025,X5,NCSI_SCORE,72.5,ncsi,2026-09-28T16:03:28+00:00
SRB,2025,X6,GII_SCORE,31.7435,gii,2026-09-28T16:03:28+00:00
SRB,2025,X7,AI_READY,,oxford_insights,2026-09-28T16:03:28+00:00
SRB,2025,X8,GB.XPD.RSDV.GD.ZS,,world_bank,2026-08-09T20:18:24+00:00
SRB,2025,X9,BX.GSR.CCIS.ZS,29.8640218665001,world_bank,2026-08-09T20:18:24+00:00
SVN,2012,C1,NY.GDP.PCAP.PP.KD,37040.7082746106,world_bank,2026-08-09T20:18:24+00:00
SVN,2012,C2,EDU_INDEX,0.88018,undp,2026-09-28T16:03:28+00:00
SVN,2012,X1,IT.CEL.SETS.P2,109.148058194505,world_bank,2026-08-09T20:18:24+00:00
SVN,2012,X10,OSI,0.66666,un_egdi,2026-09-28T16:03:28+00:00
SVN,2012,X2,IT.NET.BBND.P2,24.8054736692412,world_bank,2026-08-09T20:18:24+00:00
SVN,2012,X3,EGDI,0.74921,un_egdi,2026-09-28T16:03:28+00:00
SVN,2012,X4,IT.NET.USER.ZS,68.3499745287825,world_bank,2026-08-09T20:18:24+00:00
SVN,2012,X5,NCSI_SCORE,,ncsi,2026-09-28T16:03:28+00:00
SVN,2012,X6,GII_SCORE,49.9,gii,2026-09-28T16:03:28+00:00
SVN,2012,X7,AI_READY,,oxford_insights,2026-09-28T16:03:28+00:00
SVN,2012,X8,GB.XPD.RSDV.GD.ZS,2.58339,world_bank,2026-08-09T20:18:24+00:00
SVN,2012,X9,BX.GSR.CCIS.ZS,8.06338948253598,world_bank,2026-08-09T20:18:24+00:00
SVN,2013,C1,NY.GDP.PCAP.PP.KD,36685.7496645094,world_bank,2026-08-09T20:18:24+00:00
SVN,2013,C2,EDU_INDEX,0.90387,undp,2026-09-28T16:03:28+00:00
SVN,2013,X1,IT.CEL.SETS.P2,111.044907196462,world_bank,2026-08-09T20:18:24+00:00
SVN,2013,X10,OSI,,un_egdi,2026-09-28T16:03:28+00:00
SVN,2013,X2,IT.NET.BBND.P2,25.5111136181393,world_bank,2026-08-09T20:18:24+00:00
SVN,2013,X3,EGDI,,un_egdi,2026-09-28T16:03:28+00:00
SVN,2013,X4,IT.NET.USER.ZS,72.6756,world_bank,2026-08-09T20:18:24+00:00
SVN,2013,X5,NCSI_SCORE,,ncsi,2026-09-28T16:03:28+00:00
SVN,2013,X6,GII_SCORE,47.32,gii,2026-09-28T16:03:28+00:00
SVN,2013,X7,AI_READY,,oxford_insights,2026-09-28T16:03:28+00:00
SVN,2013,X8,GB.XPD.RSDV.GD.ZS,2.59426,world_bank,2026-08-09T20:18:24+00:00
SVN,2013,X9,BX.GSR.CCIS.ZS,8.41706617492133,world_bank,2026-08-09T20:18:24+00:00
SVN,2014,C1,NY.GDP.PCAP.PP.KD,37662.2559898098,world_bank,2026-08-09T20:18:24+00:00
SVN,2014,C2,EDU_INDEX,0.896175,undp,2026-09-28T16:03:28+00:00
SVN,2014,X1,IT.CEL.SETS.P2,113.019086174171,world_bank,2026-08-09T20:18:24+00:00
SVN,2014,X10,OSI,0.42519,un_egdi,2026-09-28T16:03:28+00:00
SVN,2014,X2,IT.NET.BBND.P2,27.0022702087688,world_bank,2026-08-09T20:18:24+00:00
SVN,2014,X3,EGDI,0.65054,un_egdi,2026-09-28T16:03:28+00:00
SVN,2014,X4,IT.NET.USER.ZS,71.5862515855601,world_bank,2026-08-09T20:18:24+00:00
SVN,2014,X5,NCSI_SCORE,,ncsi,2026-09-28T16:03:28+00:00
SVN,2014,X6,GII_SCORE,47.23,gii,2026-09-28T16:03:28+00:00
SVN,2014,X7,AI_READY,,oxford_insights,2026-09-28T16:03:28+00:00
SVN,2014,X8,GB.XPD.RSDV.GD.ZS,2.38854,world_bank,2026-08-09T20:18:24+00:00
SVN,2014,X9,BX.GSR.CCIS.ZS,8.012376577411,world_bank,2026-08-09T20:18:24+00:00
SVN,2015,C1,NY.GDP.PCAP.PP.KD,38534.6437425951,world_bank,2026-08-09T20:18:24+00:00
SVN,2015,C2,EDU_INDEX,0.898772,undp,2026-09-28T16:03:28+00:00
SVN,2015,X1,IT.CEL.SETS.P2,114.271192414174,world_bank,2026-08-09T20:18:24+00:00
SVN,2015,X10,OSI,,un_egdi,2026-09-28T16:03:28+00:00
SVN,2015,X2,IT.NET.BBND.P2,27.6233320566015,world_bank,2026-08-09T20:18:24+00:00
SVN,2015,X3,EGDI,,un_egdi,2026-09-28T16:03:28+00:00
SVN,2015,X4,IT.NET.USER.ZS,73.0986599745829,world_bank,2026-08-09T20:18:24+00:00
SVN,2015,X5,NCSI_SCORE,,ncsi,2026-09-28T16:03:28+00:00
SVN,2015,X6,GII_SCORE,48.49,gii,2026-09-28T16:03:28+00:00
SVN,2015,X7,AI_READY,,oxford_insights,2026-09-28T16:03:28+00:00
SVN,2015,X8,GB.XPD.RSDV.GD.ZS,2.21611,world_bank,2026-08-09T20:18:24+00:00
SVN,2015,X9,BX.GSR.CCIS.ZS,8.71196277777616,world_bank,2026-08-09T20:18:24+00:00
SVN,2016,C1,NY.GDP.PCAP.PP.KD,39674.8931561968,world_bank,2026-08-09T20:18:24+00:00
SVN,2016,C2,EDU_INDEX,0.907264,undp,2026-09-28T16:03:28+00:00
SVN,2016,X1,IT.CEL.SETS.P2,115.736307790972,world_bank,2026-08-09T20:18:24+00:00
SVN,2016,X10,OSI,0.84783,un_egdi,2026-09-28T16:03:28+00:00
SVN,2016,X2,IT.NET.BBND.P2,28.5889065200718,world_bank,2026-08-09T20:18:24+00:00
SVN,2016,X3,EGDI,0.77691,un_egdi,2026-09-28T16:03:28+00:00
SVN,2016,X4,IT.NET.USER.ZS,75.4985042610791,world_bank,2026-08-09T20:18:24+00:00
SVN,2016,X5,NCSI_SCORE,,ncsi,2026-09-28T16:03:28+00:00
SVN,2016,X6,GII_SCORE,45.97,gii,2026-09-28T16:03:28+00:00
SVN,2016,X7,AI_READY,,oxford_insights,2026-09-28T16:03:28+00:00
SVN,2016,X8,GB.XPD.RSDV.GD.ZS,2.02922,world_bank,2026-08-09T20:18:24+00:00
SVN,2016,X9,BX.GSR.CCIS.ZS,8.45885214600295,world_bank,2026-08-09T20:18:24+00:00
SVN,2017,C1,NY.GDP.PCAP.PP.KD,41700.651085028,world_bank,2026-08-09T20:18:24+00:00
SVN,2017,C2,EDU_INDEX,0.908685,undp,2026-09-28T16:03:28+00:00
SVN,2017,X1,IT.CEL.SETS.P2,118.461993493049,world_bank,2026-08-09T20:18:24+00:00
SVN,2017,X10,OSI,,un_egdi,2026-09-28T16:03:28+00:00
SVN,2017,X2,IT.NET.BBND.P2,29.180424842781,world_bank,2026-08-09T20:18:24+00:00
SVN,2017,X3,EGDI,,un_egdi,2026-09-28T16:03:28+00:00
SVN,2017,X4,IT.NET.USER.ZS,78.8854263554775,world_bank,2026-08-09T20:18:24+00:00
SVN,2017,X5,NCSI_SCORE,,ncsi,2026-09-28T16:03:28+00:00
SVN,2017,X6,GII_SCORE,45.8,gii,2026-09-28T16:03:28+00:00
SVN,2017,X7,AI_READY,,oxford_insights,2026-09-28T16:03:28+00:00
SVN,2017,X8,GB.XPD.RSDV.GD.ZS,1.88219,world_bank,2026-08-09T20:18:24+00:00
SVN,2017,X9,BX.GSR.CCIS.ZS,7.33688541406128,world_bank,2026-08-09T20:18:24+00:00
SVN,2018,C1,NY.GDP.PCAP.PP.KD,43369.221946981,world_bank,2026-08-09T20:18:24+00:00
SVN,2018,C2,EDU_INDEX,0.909563,undp,2026-09-28T16:03:28+00:00
SVN,2018,X1,IT.CEL.SETS.P2,119.153401263409,world_bank,2026-08-09T20:18:24+00:00
SVN,2018,X10,OSI,0.7986,un_egdi,2026-09-28T16:03:28+00:00
SVN,2018,X2,IT.NET.BBND.P2,29.6086313428343,world_bank,2026-08-09T20:18:24+00:00
SVN,2018,X3,EGDI,0.7714,un_egdi,2026-09-28T16:03:28+00:00
SVN,2018,X4,IT.NET.USER.ZS,79.7499765956562,world_bank,2026-08-09T20:18:24+00:00
SVN,2018,X5,NCSI_SCORE,,ncsi,2026-09-28T16:03:28+00:00
SVN,2018,X6,GII_SCORE,46.87,gii,2026-09-28T16:03:28+00:00
SVN,2018,X7,AI_READY,,oxford_insights,2026-09-28T16:03:28+00:00
SVN,2018,X8,GB.XPD.RSDV.GD.ZS,1.96365,world_bank,2026-08-09T20:18:24+00:00
SVN,2018,X9,BX.GSR.CCIS.ZS,6.63656204377462,world_bank,2026-08-09T20:18:24+00:00
SVN,2019,C1,NY.GDP.PCAP.PP.KD,44577.9418583069,world_bank,2026-08-09T20:18:24+00:00
SVN,2019,C2,EDU_INDEX,0.907922,undp,2026-09-28T16:03:28+00:00
SVN,2019,X1,IT.CEL.SETS.P2,120.568876746571,world_bank,2026-08-09T20:18:24+00:00
SVN,2019,X10,OSI,,un_egdi,2026-09-28T16:03:28+00:00
SVN,2019,X2,IT.NET.BBND.P2,30.1395433223627,world_bank,2026-08-09T20:18:24+00:00
SVN,2019,X3,EGDI,,un_egdi,2026-09-28T16:03:28+00:00
SVN,2019,X4,IT.NET.USER.ZS,83.1083578026717,world_bank,2026-08-09T20:18:24+00:00
SVN,2019,X5,NCSI_SCORE,,ncsi,2026-09-28T16:03:28+00:00
SVN,2019,X6,GII_SCORE,45.25,gii,2026-09-28T16:03:28+00:00
SVN,2019,X7,AI_READY,6.232,oxford_insights,2026-09-28T16:03:28+00:00
SVN,2019,X8,GB.XPD.RSDV.GD.ZS,2.05725,world_bank,2026-08-09T20:18:24+00:00
SVN,2019,X9,BX.GSR.CCIS.ZS,7.27911941458538,world_bank,2026-08-09T20:18:24+00:00
SVN,2020,C1,NY.GDP.PCAP.PP.KD,42471.5228031277,world_bank,2026-08-09T20:18:24+00:00
SVN,2020,C2,EDU_INDEX,0.908687,undp,2026-09-28T16:03:28+00:00
SVN,2020,X1,IT.CEL.SETS.P2,121.331428226248,world_bank,2026-08-09T20:18:24+00:00
SVN,2020,X10,OSI,0.8529,un_egdi,2026-09-28T16:03:28+00:00
SVN,2020,X2,IT.NET.BBND.P2,30.9930132861242,world_bank,2026-08-09T20:18:24+00:00
SVN,2020,X3,EGDI,0.8546,un_egdi,2026-09-28T16:03:28+00:00
SVN,2020,X4,IT.NET.USER.ZS,86.60130109,world_bank,2026-08-09T20:18:24+00:00
SVN,2020,X5,NCSI_SCORE,,ncsi,2026-09-28T16:03:28+00:00
SVN,2020,X6,GII_SCORE,42.9093,gii,2026-09-28T16:03:28+00:00
SVN,2020,X7,AI_READY,55.986,oxford_insights,2026-09-28T16:03:28+00:00
SVN,2020,X8,GB.XPD.RSDV.GD.ZS,2.15559,world_bank,2026-08-09T20:18:24+00:00
SVN,2020,X9,BX.GSR.CCIS.ZS,9.4334752728112,world_bank,2026-08-09T20:18:24+00:00
SVN,2021,C1,NY.GDP.PCAP.PP.KD,45922.6632600134,world_bank,2026-08-09T20:18:24+00:00
SVN,2021,C2,EDU_INDEX,0.915223,undp,2026-09-28T16:03:28+00:00
SVN,2021,X1,IT.CEL.SETS.P2,123.362924143622,world_bank,2026-08-09T20:18:24+00:00
SVN,2021,X10,OSI,,un_egdi,2026-09-28T16:03:28+00:00
SVN,2021,X2,IT.NET.BBND.P2,31.5502669986288,world_bank,2026-08-09T20:18:24+00:00
SVN,2021,X3,EGDI,,un_egdi,2026-09-28T16:03:28+00:00
SVN,2021,X4,IT.NET.USER.ZS,89.00399524,world_bank,2026-08-09T20:18:24+00:00
SVN,2021,X5,NCSI_SCORE,,ncsi,2026-09-28T16:03:28+00:00
SVN,2021,X6,GII_SCORE,44.1365,gii,2026-09-28T16:03:28+00:00
SVN,2021,X7,AI_READY,65.05,oxford_insights,2026-09-28T16:03:28+00:00
SVN,2021,X8,GB.XPD.RSDV.GD.ZS,2.13847,world_bank,2026-08-09T20:18:24+00:00
SVN,2021,X9,BX.GSR.CCIS.ZS,8.74972258076989,world_bank,2026-08-09T20:18:24+00:00
SVN,2022,C1,NY.GDP.PCAP.PP.KD,47058.8865960028,world_bank,2026-08-09T20:18:24+00:00
SVN,2022,C2,EDU_INDEX,0.917184,undp,2026-09-28T16:03:28+00:00
SVN,2022,X1,IT.CEL.SETS.P2,126.45918075971,world_bank,2026-08-09T20:18:24+00:00
SVN,2022,X10,OSI,0.8666,un_egdi,2026-09-28T16:03:28+00:00
SVN,2022,X2,IT.NET.BBND.P2,32.0104972135392,world_bank,2026-08-09T20:18:24+00:00
SVN,2022,X3,EGDI,0.8781,un_egdi,2026-09-28T16:03:28+00:00
SVN,2022,X4,IT.NET.USER.ZS,88.91248552,world_bank,2026-08-09T20:18:24+00:00
SVN,2022,X5,NCSI_SCORE,,ncsi,2026-09-28T16:03:28+00:00
SVN,2022,X6,GII_SCORE,40.5582,gii,2026-09-28T16:03:28+00:00
SVN,2022,X7,AI_READY,61.45,oxford_insights,2026-09-28T16:03:28+00:00
SVN,2022,X8,GB.XPD.RSDV.GD.ZS,2.1,world_bank,2026-08-09T20:18:24+00:00
SVN,2022,X9,BX.GSR.CCIS.ZS,8.39680736516205,world_bank,2026-08-09T20:18:24+00:00
SVN,2023,C1,NY.GDP.PCAP.PP.KD,47986.4195855821,world_bank,2026-08-09T20:18:24+00:00
SVN,2023,C2,EDU_INDEX,0.917184,undp,2026-09-28T16:03:28+00:00
SVN,2023,X1,IT.CEL.SETS.P2,129.227963043737,world_bank,2026-08-09T20:18:24+00:00
SVN,2023,X10,OSI,,un_egdi,2026-09-28T16:03:28+00:00
SVN,2023,X2,IT.NET.BBND.P2,31.8814801387465,world_bank,2026-08-09T20:18:24+00:00
SVN,2023,X3,EGDI,,un_egdi,2026-09-28T16:03:28+00:00
SVN,2023,X4,IT.NET.USER.ZS,90.37794678,world_bank,2026-08-09T20:18:24+00:00
SVN,2023,X5,NCSI_SCORE,,ncsi,2026-09-28T16:03:28+00:00
SVN,2023,X6,GII_SCORE,42.2443,gii,2026-09-28T16:03:28+00:00
SVN,2023,X7,AI_READY,62.6348,oxford_insights,2026-09-28T16:03:28+00:00
SVN,2023,X8,GB.XPD.RSDV.GD.ZS,2.13385,world_bank,2026-08-09T20:18:24+00:00
SVN,2023,X9,BX.GSR.CCIS.ZS,8.36068302333236,world_bank,2026-08-09T20:18:24+00:00
SVN,2024,C1,NY.GDP.PCAP.PP.KD,48658.0265180267,world_bank,2026-08-09T20:18:24+00:00
SVN,2024,C2,EDU_INDEX,,undp,2026-09-28T16:03:28+00:00
SVN,2024,X1,IT.CEL.SETS.P2,130.86090177123,world_bank,2026-08-09T20:18:24+00:00
SVN,2024,X10,OSI,0.86396,un_egdi,2026-09-28T16:03:28+00:00
SVN,2024,X2,IT.NET.BBND.P2,34.2332575162942,world_bank,2026-08-09T20:18:24+00:00
SVN,2024,X3,EGDI,0.87589,un_egdi,2026-09-28T16:03:28+00:00
SVN,2024,X4,IT.NET.USER.ZS,90.76355487,world_bank,2026-08-09T20:18:24+00:00
SVN,2024,X5,NCSI_SCORE,,ncsi,2026-09-28T16:03:28+00:00
SVN,2024,X6,GII_SCORE,40.1678,gii,2026-09-28T16:03:28+00:00
SVN,2024,X7,AI_READY,65.85,oxford_insights,2026-09-28T16:03:28+00:00
SVN,2024,X8,GB.XPD.RSDV.GD.ZS,,world_bank,2026-08-09T20:18:24+00:00
SVN,2024,X9,BX.GSR.CCIS.ZS,8.66604534266778,world_bank,2026-08-09T20:18:24+00:00
SVN,2025,C1,NY.GDP.PCAP.PP.KD,49091.0184405902,world_bank,2026-08-09T20:18:24+00:00
SVN,2025,C2,EDU_INDEX,,undp,2026-09-28T16:03:28+00:00
SVN,2025,X1,IT.CEL.SETS.P2,,world_bank,2026-08-09T20:18:24+00:00
SVN,2025,X10,OSI,,un_egdi,2026-09-28T16:03:28+00:00
SVN,2025,X2,IT.NET.BBND.P2,,world_bank,2026-08-09T20:18:24+00:00
SVN,2025,X3,EGDI,,un_egdi,2026-09-28T16:03:28+00:00
SVN,2025,X4,IT.NET.USER.ZS,,world_bank,2026-08-09T20:18:24+00:00
SVN,2025,X5,NCSI_SCORE,89.17,ncsi,2026-09-28T16:03:28+00:00
SVN,2025,X6,GII_SCORE,40.1046,gii,2026-09-28T16:03:28+00:00
SVN,2025,X7,AI_READY,,oxford_insights,2026-09-28T16:03:28+00:00
SVN,2025,X8,GB.XPD.RSDV.GD.ZS,,world_bank,2026-08-09T20:18:24+00:00
SVN,2025,X9,BX.GSR.CCIS.ZS,9.0619602465748,world_bank,2026-08-09T20:18:24+00:00
USA,2012,C1,NY.GDP.PCAP.PP.KD,61142.3637034265,world_bank,2026-08-09T20:18:24+00:00
USA,2012,C2,EDU_INDEX,0.896646,undp,2026-09-28T16:03:28+00:00
USA,2012,X1,IT.CEL.SETS.P2,96.1284261999864,world_bank,2026-08-09T20:18:24+00:00
USA,2012,X10,OSI,1.0,un_egdi,2026-09-28T16:03:28+00:00
USA,2012,X2,IT.NET.BBND.P2,29.1736109719443,world_bank,2026-08-09T20:18:24+00:00
USA,2012,X3,EGDI,0.86873,un_egdi,2026-09-28T16:03:28+00:00
USA,2012,X4,IT.NET.USER.ZS,74.7,world_bank,2026-08-09T20:18:24+00:00
USA,2012,X5,NCSI_SCORE,,ncsi,2026-09-28T16:03:28+00:00
USA,2012,X6,GII_SCORE,57.7,gii,2026-09-28T16:03:28+00:00
USA,2012,X7,AI_READY,,oxford_insights,2026-09-28T16:03:28+00:00
USA,2012,X8,GB.XPD.RSDV.GD.ZS,2.67272,world_bank,2026-08-09T20:18:24+00:00
USA,2012,X9,BX.GSR.CCIS.ZS,4.89484858839231,world_bank,2026-08-09T20:18:24+00:00
USA,2013,C1,NY.GDP.PCAP.PP.KD,61966.6621370894,world_bank,2026-08-09T20:18:24+00:00
USA,2013,C2,EDU_INDEX,0.900246,undp,2026-09-28T16:03:28+00:00
USA,2013,X1,IT.CEL.SETS.P2,97.0595305732914,world_bank,2026-08-09T20:18:24+00:00
USA,2013,X10,OSI,,un_egdi,2026-09-28T16:03:28+00:00
USA,2013,X2,IT.NET.BBND.P2,29.9996164764959,world_bank,2026-08-09T20:18:24+00:00
USA,2013,X3,EGDI,,un_egdi,2026-09-28T16:03:28+00:00
USA,2013,X4,IT.NET.USER.ZS,71.4,world_bank,2026-08-09T20:18:24+00:00
USA,2013,X5,NCSI_SCORE,,ncsi,2026-09-28T16:03:28+00:00
USA,2013,X6,GII_SCORE,60.31,gii,2026-09-28T16:03:28+00:00
USA,2013,X7,AI_READY,,oxford_insights,2026-09-28T16:03:28+00:00
USA,2013,X8,GB.XPD.RSDV.GD.ZS,2.69591,world_bank,2026-08-09T20:18:24+00:00
USA,2013,X9,BX.GSR.CCIS.ZS,5.04909537736164,world_bank,2026-08-09T20:18:24+00:00
USA,2014,C1,NY.GDP.PCAP.PP.KD,63026.8779187814,world_bank,2026-08-09T20:18:24+00:00
USA,2014,C2,EDU_INDEX,0.900654,undp,2026-09-28T16:03:28+00:00
USA,2014,X1,IT.CEL.SETS.P2,99.839569071329,world_bank,2026-08-09T20:18:24+00:00
USA,2014,X10,OSI,0.94488,un_egdi,2026-09-28T16:03:28+00:00
USA,2014,X2,IT.NET.BBND.P2,30.270920842,world_bank,2026-08-09T20:18:24+00:00
USA,2014,X3,EGDI,0.87483,un_egdi,2026-09-28T16:03:28+00:00
USA,2014,X4,IT.NET.USER.ZS,73.0,world_bank,2026-08-09T20:18:24+00:00
USA,2014,X5,NCSI_SCORE,,ncsi,2026-09-28T16:03:28+00:00
USA,2014,X6,GII_SCORE,60.09,gii,2026-09-28T16:03:28+00:00
USA,2014,X7,AI_READY,,oxford_insights,2026-09-28T16:03:28+00:00
USA,2014,X8,GB.XPD.RSDV.GD.ZS,2.70882,world_bank,2026-08-09T20:18:24+00:00
USA,2014,X9,BX.GSR.CCIS.ZS,5.10256918301301,world_bank,2026-08-09T20:18:24+00:00
USA,2015,C1,NY.GDP.PCAP.PP.KD,64367.7188912582,world_bank,2026-08-09T20:18:24+00:00
USA,2015,C2,EDU_INDEX,0.902668,undp,2026-09-28T16:03:28+00:00
USA,2015,X1,IT.CEL.SETS.P2,101.831958781319,world_bank,2026-08-09T20:18:24+00:00
USA,2015,X10,OSI,,un_egdi,2026-09-28T16:03:28+00:00
USA,2015,X2,IT.NET.BBND.P2,31.3412129772455,world_bank,2026-08-09T20:18:24+00:00
USA,2015,X3,EGDI,,un_egdi,2026-09-28T16:03:28+00:00
USA,2015,X4,IT.NET.USER.ZS,74.5542024462761,world_bank,2026-08-09T20:18:24+00:00
USA,2015,X5,NCSI_SCORE,,ncsi,2026-09-28T16:03:28+00:00
USA,2015,X6,GII_SCORE,60.1,gii,2026-09-28T16:03:28+00:00
USA,2015,X7,AI_READY,,oxford_insights,2026-09-28T16:03:28+00:00
USA,2015,X8,GB.XPD.RSDV.GD.ZS,2.77328,world_bank,2026-08-09T20:18:24+00:00
USA,2015,X9,BX.GSR.CCIS.ZS,5.3843044542327,world_bank,2026-08-09T20:18:24+00:00
USA,2016,C1,NY.GDP.PCAP.PP.KD,65025.9855980616,world_bank,2026-08-09T20:18:24+00:00
USA,2016,C2,EDU_INDEX,0.907804,undp,2026-09-28T16:03:28+00:00
USA,2016,X1,IT.CEL.SETS.P2,102.751864866695,world_bank,2026-08-09T20:18:24+00:00
USA,2016,X10,OSI,0.92754,un_egdi,2026-09-28T16:03:28+00:00
USA,2016,X2,IT.NET.BBND.P2,32.1144006365866,world_bank,2026-08-09T20:18:24+00:00
USA,2016,X3,EGDI,0.84201,un_egdi,2026-09-28T16:03:28+00:00
USA,2016,X4,IT.NET.USER.ZS,85.5444212887222,world_bank,2026-08-09T20:18:24+00:00
USA,2016,X5,NCSI_SCORE,,ncsi,2026-09-28T16:03:28+00:00
USA,2016,X6,GII_SCORE,61.4,gii,2026-09-28T16:03:28+00:00
USA,2016,X7,AI_READY,,oxford_insights,2026-09-28T16:03:28+00:00
USA,2016,X8,GB.XPD.RSDV.GD.ZS,2.83677,world_bank,2026-08-09T20:18:24+00:00
USA,2016,X9,BX.GSR.CCIS.ZS,5.50438456530896,world_bank,2026-08-09T20:18:24+00:00
USA,2017,C1,NY.GDP.PCAP.PP.KD,66164.0320014289,world_bank,2026-08-09T20:18:24+00:00
USA,2017,C2,EDU_INDEX,0.91021,undp,2026-09-28T16:03:28+00:00
USA,2017,X1,IT.CEL.SETS.P2,102.380562632686,world_bank,2026-08-09T20:18:24+00:00
USA,2017,X10,OSI,,un_egdi,2026-09-28T16:03:28+00:00
USA,2017,X2,IT.NET.BBND.P2,32.5702836317829,world_bank,2026-08-09T20:18:24+00:00
USA,2017,X3,EGDI,,un_egdi,2026-09-28T16:03:28+00:00
USA,2017,X4,IT.NET.USER.ZS,87.2748891687657,world_bank,2026-08-09T20:18:24+00:00
USA,2017,X5,NCSI_SCORE,,ncsi,2026-09-28T16:03:28+00:00
USA,2017,X6,GII_SCORE,61.4,gii,2026-09-28T16:03:28+00:00
USA,2017,X7,AI_READY,,oxford_insights,2026-09-28T16:03:28+00:00
USA,2017,X8,GB.XPD.RSDV.GD.ZS,2.88315,world_bank,2026-08-09T20:18:24+00:00
USA,2017,X9,BX.GSR.CCIS.ZS,5.69057151693249,world_bank,2026-08-09T20:18:24+00:00
USA,2018,C1,NY.GDP.PCAP.PP.KD,67728.4424921024,world_bank,2026-08-09T20:18:24+00:00
USA,2018,C2,EDU_INDEX,0.912301,undp,2026-09-28T16:03:28+00:00
USA,2018,X1,IT.CEL.SETS.P2,103.935307364,world_bank,2026-08-09T20:18:24+00:00
USA,2018,X10,OSI,0.9861,un_egdi,2026-09-28T16:03:28+00:00
USA,2018,X2,IT.NET.BBND.P2,33.0559177307939,world_bank,2026-08-09T20:18:24+00:00
USA,2018,X3,EGDI,0.8769,un_egdi,2026-09-28T16:03:28+00:00
USA,2018,X4,IT.NET.USER.ZS,88.498903165152,world_bank,2026-08-09T20:18:24+00:00
USA,2018,X5,NCSI_SCORE,,ncsi,2026-09-28T16:03:28+00:00
USA,2018,X6,GII_SCORE,59.81,gii,2026-09-28T16:03:28+00:00
USA,2018,X7,AI_READY,,oxford_insights,2026-09-28T16:03:28+00:00
USA,2018,X8,GB.XPD.RSDV.GD.ZS,2.98956,world_bank,2026-08-09T20:18:24+00:00
USA,2018,X9,BX.GSR.CCIS.ZS,5.7758266986912,world_bank,2026-08-09T20:18:24+00:00
USA,2019,C1,NY.GDP.PCAP.PP.KD,69121.4580016741,world_bank,2026-08-09T20:18:24+00:00
USA,2019,C2,EDU_INDEX,0.915098,undp,2026-09-28T16:03:28+00:00
USA,2019,X1,IT.CEL.SETS.P2,105.32074052965,world_bank,2026-08-09T20:18:24+00:00
USA,2019,X10,OSI,,un_egdi,2026-09-28T16:03:28+00:00
USA,2019,X2,IT.NET.BBND.P2,33.835216356436,world_bank,2026-08-09T20:18:24+00:00
USA,2019,X3,EGDI,,un_egdi,2026-09-28T16:03:28+00:00
USA,2019,X4,IT.NET.USER.ZS,89.4302848575712,world_bank,2026-08-09T20:18:24+00:00
USA,2019,X5,NCSI_SCORE,,ncsi,2026-09-28T16:03:28+00:00
USA,2019,X6,GII_SCORE,61.73,gii,2026-09-28T16:03:28+00:00
USA,2019,X7,AI_READY,8.804,oxford_insights,2026-09-28T16:03:28+00:00
USA,2019,X8,GB.XPD.RSDV.GD.ZS,3.14297,world_bank,2026-08-09T20:18:24+00:00
USA,2019,X9,BX.GSR.CCIS.ZS,6.72149072800021,world_bank,2026-08-09T20:18:24+00:00
USA,2020,C1,NY.GDP.PCAP.PP.KD,67406.8311325507,world_bank,2026-08-09T20:18:24+00:00
USA,2020,C2,EDU_INDEX,0.917851,undp,2026-09-28T16:03:28+00:00
USA,2020,X1,IT.CEL.SETS.P2,103.855170008567,world_bank,2026-08-09T20:18:24+00:00
USA,2020,X10,OSI,0.9471,un_egdi,2026-09-28T16:03:28+00:00
USA,2020,X2,IT.NET.BBND.P2,35.7156999293054,world_bank,2026-08-09T20:18:24+00:00
USA,2020,X3,EGDI,0.9297,un_egdi,2026-09-28T16:03:28+00:00
USA,2020,X4,IT.NET.USER.ZS,90.34470367,world_bank,2026-08-09T20:18:24+00:00
USA,2020,X5,NCSI_SCORE,,ncsi,2026-09-28T16:03:28+00:00
USA,2020,X6,GII_SCORE,60.5564,gii,2026-09-28T16:03:28+00:00
USA,2020,X7,AI_READY,85.479,oxford_insights,2026-09-28T16:03:28+00:00
USA,2020,X8,GB.XPD.RSDV.GD.ZS,3.41788,world_bank,2026-08-09T20:18:24+00:00
USA,2020,X9,BX.GSR.CCIS.ZS,8.15583930543226,world_bank,2026-08-09T20:18:24+00:00
USA,2021,C1,NY.GDP.PCAP.PP.KD,71441.231980595,world_bank,2026-08-09T20:18:24+00:00
USA,2021,C2,EDU_INDEX,0.908426,undp,2026-09-28T16:03:28+00:00
USA,2021,X1,IT.CEL.SETS.P2,106.324514306135,world_bank,2026-08-09T20:18:24+00:00
USA,2021,X10,OSI,,un_egdi,2026-09-28T16:03:28+00:00
USA,2021,X2,IT.NET.BBND.P2,37.0074278936277,world_bank,2026-08-09T20:18:24+00:00
USA,2021,X3,EGDI,,un_egdi,2026-09-28T16:03:28+00:00
USA,2021,X4,IT.NET.USER.ZS,91.2684021,world_bank,2026-08-09T20:18:24+00:00
USA,2021,X5,NCSI_SCORE,,ncsi,2026-09-28T16:03:28+00:00
USA,2021,X6,GII_SCORE,61.2973,gii,2026-09-28T16:03:28+00:00
USA,2021,X7,AI_READY,88.16,oxford_insights,2026-09-28T16:03:28+00:00
USA,2021,X8,GB.XPD.RSDV.GD.ZS,3.4689,world_bank,2026-08-09T20:18:24+00:00
USA,2021,X9,BX.GSR.CCIS.ZS,7.80759603820996,world_bank,2026-08-09T20:18:24+00:00
USA,2022,C1,NY.GDP.PCAP.PP.KD,72828.7430907189,world_bank,2026-08-09T20:18:24+00:00
USA,2022,C2,EDU_INDEX,0.905972,undp,2026-09-28T16:03:28+00:00
USA,2022,X1,IT.CEL.SETS.P2,108.785640656159,world_bank,2026-08-09T20:18:24+00:00
USA,2022,X10,OSI,0.9304,un_egdi,2026-09-28T16:03:28+00:00
USA,2022,X2,IT.NET.BBND.P2,37.4887954801437,world_bank,2026-08-09T20:18:24+00:00
USA,2022,X3,EGDI,0.9151,un_egdi,2026-09-28T16:03:28+00:00
USA,2022,X4,IT.NET.USER.ZS,92.72850037,world_bank,2026-08-09T20:18:24+00:00
USA,2022,X5,NCSI_SCORE,,ncsi,2026-09-28T16:03:28+00:00
USA,2022,X6,GII_SCORE,61.777,gii,2026-09-28T16:03:28+00:00
USA,2022,X7,AI_READY,85.72,oxford_insights,2026-09-28T16:03:28+00:00
USA,2022,X8,GB.XPD.RSDV.GD.ZS,3.48736,world_bank,2026-08-09T20:18:24+00:00
USA,2022,X9,BX.GSR.CCIS.ZS,7.41605824254572,world_bank,2026-08-09T20:18:24+00:00
USA,2023,C1,NY.GDP.PCAP.PP.KD,74351.6718197429,world_bank,2026-08-09T20:18:24+00:00
USA,2023,C2,EDU_INDEX,0.905972,undp,2026-09-28T16:03:28+00:00
USA,2023,X1,IT.CEL.SETS.P2,112.410910606372,world_bank,2026-08-09T20:18:24+00:00
USA,2023,X10,OSI,,un_egdi,2026-09-28T16:03:28+00:00
USA,2023,X2,IT.NET.BBND.P2,38.0939254696383,world_bank,2026-08-09T20:18:24+00:00
USA,2023,X3,EGDI,,un_egdi,2026-09-28T16:03:28+00:00
USA,2023,X4,IT.NET.USER.ZS,93.52559662,world_bank,2026-08-09T20:18:24+00:00
USA,2023,X5,NCSI_SCORE,,ncsi,2026-09-28T16:03:28+00:00
USA,2023,X6,GII_SCORE,63.5261,gii,2026-09-28T16:03:28+00:00
USA,2023,X7,AI_READY,84.7962,oxford_insights,2026-09-28T16:03:28+00:00
USA,2023,X8,GB.XPD.RSDV.GD.ZS,3.44716,world_bank,2026-08-09T20:18:24+00:00
USA,2023,X9,BX.GSR.CCIS.ZS,7.50979594765926,world_bank,2026-08-09T20:18:24+00:00
USA,2024,C1,NY.GDP.PCAP.PP.KD,75698.1773354629,world_bank,2026-08-09T20:18:24+00:00
USA,2024,C2,EDU_INDEX,,undp,2026-09-28T16:03:28+00:00
USA,2024,X1,IT.CEL.SETS.P2,113.190481805755,world_bank,2026-08-09T20:18:24+00:00
USA,2024,X10,OSI,0.91358,un_egdi,2026-09-28T16:03:28+00:00
USA,2024,X2,IT.NET.BBND.P2,38.8571729185246,world_bank,2026-08-09T20:18:24+00:00
USA,2024,X3,EGDI,0.91945,un_egdi,2026-09-28T16:03:28+00:00
USA,2024,X4,IT.NET.USER.ZS,94.69380188,world_bank,2026-08-09T20:18:24+00:00
USA,2024,X5,NCSI_SCORE,84.17,ncsi,2026-09-28T16:03:28+00:00
USA,2024,X6,GII_SCORE,62.3793,gii,2026-09-28T16:03:28+00:00
USA,2024,X7,AI_READY,87.03,oxford_insights,2026-09-28T16:03:28+00:00
USA,2024,X8,GB.XPD.RSDV.GD.ZS,,world_bank,2026-08-09T20:18:24+00:00
USA,2024,X9,BX.GSR.CCIS.ZS,7.87536206990779,world_bank,2026-08-09T20:18:24+00:00
USA,2025,C1,NY.GDP.PCAP.PP.KD,76931.3106990408,world_bank,2026-08-09T20:18:24+00:00
USA,2025,C2,EDU_INDEX,,undp,2026-09-28T16:03:28+00:00
USA,2025,X1,IT.CEL.SETS.P2,,world_bank,2026-08-09T20:18:24+00:00
USA,2025,X10,OSI,,un_egdi,2026-09-28T16:03:28+00:00
USA,2025,X2,IT.NET.BBND.P2,,world_bank,2026-08-09T20:18:24+00:00
USA,2025,X3,EGDI,,un_egdi,2026-09-28T16:03:28+00:00
USA,2025,X4,IT.NET.USER.ZS,,world_bank,2026-08-09T20:18:24+00:00
USA,2025,X5,NCSI_SCORE,84.17,ncsi,2026-09-28T16:03:28+00:00
USA,2025,X6,GII_SCORE,61.6892,gii,2026-09-28T16:03:28+00:00
USA,2025,X7,AI_READY,,oxford_insights,2026-09-28T16:03:28+00:00
USA,2025,X8,GB.XPD.RSDV.GD.ZS,,world_bank,2026-08-09T20:18:24+00:00
USA,2025,X9,BX.GSR.CCIS.ZS,8.29810402774419,world_bank,2026-08-09T20:18:24+00:00
